userCardNo,real_collection_date,category,img_url
5PJTZX7B,2025.8.15,"후드티, 맨투맨티",https://cloudfront.laundrygo.com/smartfactory/smartfactory_20250816004700_1efbac6bfe1c4014857abf34246aa311.jpeg
XMLHFOZQ,2025.8.31,"후드티, 맨투맨티",https://cloudfront.laundrygo.com/smartfactory/smartfactory_20250901071007_dad693640b3949b495135d1456237c46.jpeg
5PJTZX7B,2025.9.1,"후드티, 맨투맨티",https://cloudfront.laundrygo.com/smartfactory/smartfactory_20250902053505_9a24c4a3c10949e4abef2aa79275472a.jpeg
3ZJHQZX1,2025.9.1,"후드티, 맨투맨티",https://cloudfront.laundrygo.com/smartfactory/smartfactory_20250902063406_23d216210da44fe0b7ba600ac4488e77.jpeg
5PJTZX7B,2025.9.12,"후드티, 맨투맨티",https://cloudfront.laundrygo.com/smartfactory/smartfactory_20250913071307_7a1dd2a980144f27a048ff7313f6ad8e.jpeg
Y2T4QE83,2025.9.17,"후드티, 맨투맨티",https://cloudfront.laundrygo.com/smartfactory/smartfactory_20250918111811_9eecf28107d94fdc8af489ad9fad6242.jpeg
7HDMDDBX,2025.9.18,"후드티, 맨투맨티",https://cloudfront.laundrygo.com/smartfactory/smartfactory_20250919010201_a457924cf37a483db6ef350c455c20ff.jpeg
CF4EXSN3,2025.9.21,"후드티, 맨투맨티",https://cloudfront.laundrygo.com/smartfactory/smartfactory_20250922035303_e4b4b18a9e884455906715879ce99fb6.jpeg
7HDMDDBX,2025.9.27,"후드티, 맨투맨티",https://cloudfront.laundrygo.com/smartfactory/smartfactory_20250928145614_2974b308be044842b4a4a094c2fd3ad0.jpeg
7HDMDDBX,2025.9.27,"후드티, 맨투맨티",https://cloudfront.laundrygo.com/smartfactory/smartfactory_20250928145814_c4397433e2da469a9989a5bae67a94ff.jpeg
76K6BC89,2025.9.28,"후드티, 맨투맨티",https://cloudfront.laundrygo.com/smartfactory/smartfactory_20250929045204_cbdafa16c7944ccfbdf8ad92fc25a770.jpeg
F3FKSYU9,2025.9.30,"후드티, 맨투맨티",https://cloudfront.laundrygo.com/smartfactory/smartfactory_20251001054705_5f2ba778be6844c184b74abd3a0a1768.jpeg
MXBK9AFC,2025.10.1,"후드티, 맨투맨티",https://cloudfront.laundrygo.com/smartfactory/smartfactory_20251002073507_5d93882cc9d5485fb6947e738d51e382.jpeg
IV9F6UUB,2025.10.1,"후드티, 맨투맨티",https://cloudfront.laundrygo.com/smartfactory/smartfactory_20251002052205_f1efeccb538f45fa85b559b6442e6eaf.jpeg
IXRRIYAJ,2025.10.3,"후드티, 맨투맨티",https://cloudfront.laundrygo.com/smartfactory/smartfactory_20251004060306_eafe4333ceaf4a15a2cdc9ae6a8c68b2.jpeg
IXRRIYAJ,2025.10.3,"후드티, 맨투맨티",https://cloudfront.laundrygo.com/smartfactory/smartfactory_20251004060406_d7061bba80794c9da85a5139cf6b9f79.jpeg
BU5VJDRB,2025.10.7,"후드티, 맨투맨티",https://cloudfront.laundrygo.com/smartfactory/smartfactory_20251008052605_452308ddfdc944bf8a86b0c24cb58c1e.jpeg
BU5VJDRB,2025.10.7,"후드티, 맨투맨티",https://cloudfront.laundrygo.com/smartfactory/smartfactory_20251008052705_01107932d7dd49b4950817bb22047a5f.jpeg
XBOM2WLP,2025.10.7,"후드티, 맨투맨티",https://cloudfront.laundrygo.com/smartfactory/smartfactory_20251008093109_22d5ad25b7454a2b80ad0fd9b658a53c.jpeg
XMLHFOZQ,2025.10.8,"후드티, 맨투맨티",https://cloudfront.laundrygo.com/smartfactory/smartfactory_20251009043604_0a90925130bb47cc993856dd86af3794.jpeg
XMLHFOZQ,2025.10.8,"후드티, 맨투맨티",https://cloudfront.laundrygo.com/smartfactory/smartfactory_20251009043604_41eb05edd24a46c8bf377507230bb710.jpeg
J8EKVUY9,2025.10.9,"후드티, 맨투맨티",https://cloudfront.laundrygo.com/smartfactory/smartfactory_20251010081608_221af2591afc438cab9fc885e6eaa81b.jpeg
9SL1YYE4,2025.10.9,"후드티, 맨투맨티",https://cloudfront.laundrygo.com/smartfactory/smartfactory_20251010092609_7255763a32104fb8afc3922b1d05dcd3.jpeg
IV9F6UUB,2025.10.9,"후드티, 맨투맨티",https://cloudfront.laundrygo.com/smartfactory/smartfactory_20251010054605_e4ae1567d91040edb7dafabe5bc98e70.jpeg
CF4EXSN3,2025.10.10,"후드티, 맨투맨티",https://cloudfront.laundrygo.com/smartfactory/smartfactory_20251011072207_e70801c93cd94ecb916c24fc859b990d.jpeg
CF4EXSN3,2025.10.10,"후드티, 맨투맨티",https://cloudfront.laundrygo.com/smartfactory/smartfactory_20251011085108_a99af7c40e7d43e581e99a8b0813c5af.jpeg
CF4EXSN3,2025.10.10,"후드티, 맨투맨티",https://cloudfront.laundrygo.com/smartfactory/smartfactory_20251011085108_50e6bfb5b35340f5a46381d3f139cbae.jpeg
CF4EXSN3,2025.10.10,"후드티, 맨투맨티",https://cloudfront.laundrygo.com/smartfactory/smartfactory_20251011085108_3c31c0dc22f143de88fd31eb24cf1171.jpeg
CF4EXSN3,2025.10.10,"후드티, 맨투맨티",https://cloudfront.laundrygo.com/smartfactory/smartfactory_20251011085108_067d98b534a3455f861109d305a2b594.jpeg
GSHKANZM,2025.10.11,"후드티, 맨투맨티",https://cloudfront.laundrygo.com/smartfactory/smartfactory_20251012014001_a0e94f84819043b3a211bd0709e4e387.jpeg
J8EKVUY9,2025.10.11,"후드티, 맨투맨티",https://cloudfront.laundrygo.com/smartfactory/smartfactory_20251012164816_10709aa759be477d8c1888f1790b3877.jpeg
GK9XEPAK,2025.10.11,"후드티, 맨투맨티",https://cloudfront.laundrygo.com/smartfactory/smartfactory_20251012035003_cd6855d9d3714e0b805d09d8ce4ca11f.jpeg
Q2O88T5H,2025.10.13,"후드티, 맨투맨티",https://cloudfront.laundrygo.com/smartfactory/smartfactory_20251014070607_f2e4f6a5ffff496798e8f8d339d540c2.jpeg
FPP9YBNG,2025.10.14,"후드티, 맨투맨티",https://cloudfront.laundrygo.com/smartfactory/smartfactory_20251015084908_b4ce1dfbd4924daebe9848797e25c6b7.jpeg
2R0JSXFA,2025.10.15,"후드티, 맨투맨티",https://cloudfront.laundrygo.com/smartfactory/smartfactory_20251016035203_ac7e582f77104ee9bf76832690aab57f.jpeg
Y2T4QE83,2025.10.15,"후드티, 맨투맨티",https://cloudfront.laundrygo.com/smartfactory/smartfactory_20251016150415_7836db5d3ed24786934687076358944d.jpeg
GK9XEPAK,2025.10.15,"후드티, 맨투맨티",https://cloudfront.laundrygo.com/smartfactory/smartfactory_20251016092009_b413249d602047869e4606ffede6b351.jpeg
MXBK9AFC,2025.10.17,"후드티, 맨투맨티",https://cloudfront.laundrygo.com/smartfactory/smartfactory_20251018011301_cf0c9b690e1c4d96b79773038adfc3d9.jpeg
VRSYKL5V,2025.10.17,"후드티, 맨투맨티",https://cloudfront.laundrygo.com/smartfactory/smartfactory_20251018012101_f90fb63eef2c4302b218c3f6201db68e.jpeg
IXRRIYAJ,2025.10.17,"후드티, 맨투맨티",https://cloudfront.laundrygo.com/smartfactory/smartfactory_20251018080108_c6733cc1d3f14e26a11d79b2a1de037c.jpeg
V9GQSYD8,2025.10.18,"후드티, 맨투맨티",https://cloudfront.laundrygo.com/smartfactory/smartfactory_20251019011601_5fea0ba4ecdd416f91583a7d39a62058.jpeg
45WXISEL,2025.10.18,"후드티, 맨투맨티",https://cloudfront.laundrygo.com/smartfactory/smartfactory_20251020153315_3ab1eb4dfff34586aff242834f437822.jpeg
V7HCX6D0,2025.10.18,"후드티, 맨투맨티",https://cloudfront.laundrygo.com/smartfactory/smartfactory_20251019061706_83f355ca9b0d4184992350d5a10944d8.jpeg
GGE6DSVW,2025.10.18,"후드티, 맨투맨티",https://cloudfront.laundrygo.com/smartfactory/smartfactory_20251019091909_dd1e631cb023491f9c1af8f13a750313.jpeg
HALU889P,2025.10.19,"후드티, 맨투맨티",https://cloudfront.laundrygo.com/smartfactory/smartfactory_20251020013701_ea06b0e9b2634243bf73d30d86240297.jpeg
OJ7AR6QZ,2025.10.19,"후드티, 맨투맨티",https://cloudfront.laundrygo.com/smartfactory/smartfactory_20251020102510_da78f51b1b7b490bb37af03726636cad.jpeg
RAOZJLUL,2025.10.19,"후드티, 맨투맨티",https://cloudfront.laundrygo.com/smartfactory/smartfactory_20251020031803_8a75063a4bae42a5a3025b1de3e082b3.jpeg
XMLHFOZQ,2025.10.19,"후드티, 맨투맨티",https://cloudfront.laundrygo.com/smartfactory/smartfactory_20251020073207_d8bb282def3c407786cdcc63ad2ee101.jpeg
907MFCA9,2025.10.21,"후드티, 맨투맨티",https://cloudfront.laundrygo.com/smartfactory/smartfactory_20251022094409_a1a76b090f804a39b9372d0878bfd065.jpeg
SSVQUE6Q,2025.10.21,"후드티, 맨투맨티",https://cloudfront.laundrygo.com/smartfactory/smartfactory_20251022043504_e0bd4af59db44672bef9adae46b0f853.jpeg
J8EKVUY9,2025.10.22,"후드티, 맨투맨티",https://cloudfront.laundrygo.com/smartfactory/smartfactory_20251023030503_3b35a340698d41eeb202de353492d797.jpeg
J8EKVUY9,2025.10.22,"후드티, 맨투맨티",https://cloudfront.laundrygo.com/smartfactory/smartfactory_20251023030603_570a83de760146569b4955d72ffb282e.jpeg
7HDMDDBX,2025.10.22,"후드티, 맨투맨티",https://cloudfront.laundrygo.com/smartfactory/smartfactory_20251023060706_cfc15a3cbd53414a849754bb7b590e6c.jpeg
7HDMDDBX,2025.10.22,"후드티, 맨투맨티",https://cloudfront.laundrygo.com/smartfactory/smartfactory_20251023060806_abb3eb54b58b4d7a91bdd3e1fddc90aa.jpeg
7HDMDDBX,2025.10.22,"후드티, 맨투맨티",https://cloudfront.laundrygo.com/smartfactory/smartfactory_20251023061106_292dd6a3b0974f33a7b795d6acf2f2d6.jpeg
MXBK9AFC,2025.10.23,"후드티, 맨투맨티",https://cloudfront.laundrygo.com/smartfactory/smartfactory_20251024074107_bd29554211d148b5b9da8c859bcfdae7.jpeg
MXBK9AFC,2025.10.23,"후드티, 맨투맨티",https://cloudfront.laundrygo.com/smartfactory/smartfactory_20251024074207_047eb14c5a3944229eabe89207bd8ee3.jpeg
Q2O88T5H,2025.10.23,"후드티, 맨투맨티",https://cloudfront.laundrygo.com/smartfactory/smartfactory_20251024060006_679d299c87f941e48d292ec281819420.jpeg
VRSYKL5V,2025.10.24,"후드티, 맨투맨티",https://cloudfront.laundrygo.com/smartfactory/smartfactory_20251025061806_c65ff7e12b1746cf9a48ee7c96fe92ff.jpeg
V9GQSYD8,2025.10.24,"후드티, 맨투맨티",https://cloudfront.laundrygo.com/smartfactory/smartfactory_20251025092509_d60934484020431baf571618f916188d.jpeg
V9GQSYD8,2025.10.24,"후드티, 맨투맨티",https://cloudfront.laundrygo.com/smartfactory/smartfactory_20251025092509_279fdee6f3d149459f2492dcf3ab5c7a.jpeg
IXRRIYAJ,2025.10.24,"후드티, 맨투맨티",https://cloudfront.laundrygo.com/smartfactory/smartfactory_20251025022002_a4a6d1a328124e519185c175aff52470.jpeg
T8E6FEJW,2025.10.25,"후드티, 맨투맨티",https://cloudfront.laundrygo.com/smartfactory/smartfactory_20251026021302_7538bf48a0684c48851044a4e5e31712.jpeg
72EDSUXD,2025.10.25,"후드티, 맨투맨티",https://cloudfront.laundrygo.com/smartfactory/smartfactory_20251026074907_adaf16623df14c7590b3a8134a63520f.jpeg
2R0JSXFA,2025.10.25,"후드티, 맨투맨티",https://cloudfront.laundrygo.com/smartfactory/smartfactory_20251026070407_7f099b23af724fde9e4d03c26e1c9dbf.jpeg
BU5VJDRB,2025.10.25,"후드티, 맨투맨티",https://cloudfront.laundrygo.com/smartfactory/smartfactory_20251026102010_da5fc73d0eaa46c6bac65526e88a6789.jpeg
LUUGZBF5,2025.10.26,"후드티, 맨투맨티",https://cloudfront.laundrygo.com/smartfactory/smartfactory_20251027091409_b474c0c2dbc442109b685cf359a21b4b.jpeg
907MFCA9,2025.10.26,"후드티, 맨투맨티",https://cloudfront.laundrygo.com/smartfactory/smartfactory_20251027100510_720766724985426089c7b25dcbbf35da.jpeg
ET8D4PJN,2025.10.26,"후드티, 맨투맨티",https://cloudfront.laundrygo.com/smartfactory/smartfactory_20251027100610_8984f11876e74cf291a3db19705f2424.jpeg
3ZJHQZX1,2025.10.26,"후드티, 맨투맨티",https://cloudfront.laundrygo.com/smartfactory/smartfactory_20251027071207_3e1350e7274b42d0906c8f5b41bff124.jpeg
GVRSSYRJ,2025.10.27,"후드티, 맨투맨티",https://cloudfront.laundrygo.com/smartfactory/smartfactory_20251028104610_953916f932fe49e281ffbfd6b344cea7.jpeg
GVRSSYRJ,2025.10.27,"후드티, 맨투맨티",https://cloudfront.laundrygo.com/smartfactory/smartfactory_20251028104610_fba6d0ba08df4fbb8cec825fb41c24c7.jpeg
VRSYKL5V,2025.10.27,"후드티, 맨투맨티",https://cloudfront.laundrygo.com/smartfactory/smartfactory_20251028025502_054b8c0789a3459cb2f284c0aa040421.jpeg
Q2O88T5H,2025.10.27,"후드티, 맨투맨티",https://cloudfront.laundrygo.com/smartfactory/smartfactory_20251028083608_8421eb5568754a73b47d8237fe409d61.jpeg
NJ5SZABP,2025.10.28,"후드티, 맨투맨티",https://cloudfront.laundrygo.com/smartfactory/smartfactory_20251029054705_72d31c236a594e869c28c64b4a4532bf.jpeg
HALU889P,2025.10.29,"후드티, 맨투맨티",https://cloudfront.laundrygo.com/smartfactory/smartfactory_20251030064306_f00a15f4a3354b59a6d0f2ecf0a528d7.jpeg
JIXFZF5Y,2025.10.29,"후드티, 맨투맨티",https://cloudfront.laundrygo.com/smartfactory/smartfactory_20251030031503_2e6d3db4cc884fd5aac29c0f3881fc46.jpeg
VRSYKL5V,2025.10.30,"후드티, 맨투맨티",https://cloudfront.laundrygo.com/smartfactory/smartfactory_20251031010701_b97281a1fe8c40298fe3efefc28d087a.jpeg
5PJTZX7B,2025.10.31,"후드티, 맨투맨티",https://cloudfront.laundrygo.com/smartfactory/smartfactory_20251101013101_8ec8dc4afae54a36a99c77352ce7d032.jpeg
5PJTZX7B,2025.10.31,"후드티, 맨투맨티",https://cloudfront.laundrygo.com/smartfactory/smartfactory_20251101090409_e311bbce6b34442c8e642c3dde88f52d.jpeg
5PJTZX7B,2025.10.31,"후드티, 맨투맨티",https://cloudfront.laundrygo.com/smartfactory/smartfactory_20251101090409_8cc7ab2e316e42bab463ab9dc7c82249.jpeg
T8E6FEJW,2025.10.31,"후드티, 맨투맨티",https://cloudfront.laundrygo.com/smartfactory/smartfactory_20251101051005_e327998074a5415795b0e9b8feec7cc4.jpeg
T8E6FEJW,2025.10.31,"후드티, 맨투맨티",https://cloudfront.laundrygo.com/smartfactory/smartfactory_20251101051005_90e24e7b551b494fbbbf4465787d1d58.jpeg
T8E6FEJW,2025.10.31,"후드티, 맨투맨티",https://cloudfront.laundrygo.com/smartfactory/smartfactory_20251101051305_ded30810bbc0497b8f88ec8921f6d7af.jpeg
2R0JSXFA,2025.10.31,"후드티, 맨투맨티",https://cloudfront.laundrygo.com/smartfactory/smartfactory_20251101044904_91ed642260c14c90bf78f1e5e79ab2b2.jpeg
2R0JSXFA,2025.10.31,"후드티, 맨투맨티",https://cloudfront.laundrygo.com/smartfactory/smartfactory_20251101045004_bbfb2c1622be47afb81ac69c35228dd1.jpeg
IXRRIYAJ,2025.10.31,"후드티, 맨투맨티",https://cloudfront.laundrygo.com/smartfactory/smartfactory_20251101022202_0c09f1caf9634ba9a8934ed83a6690a6.jpeg
IXRRIYAJ,2025.10.31,"후드티, 맨투맨티",https://cloudfront.laundrygo.com/smartfactory/smartfactory_20251101022202_dd67fd3de3c248ddabc0384957dba77e.jpeg
IXRRIYAJ,2025.10.31,"후드티, 맨투맨티",https://cloudfront.laundrygo.com/smartfactory/smartfactory_20251101022302_0f0e1f1317fc4fce8db094ff5a68e7b1.jpeg
6FTJ6NJJ,2025.11.1,"후드티, 맨투맨티",https://cloudfront.laundrygo.com/smartfactory/smartfactory_20251102024002_fd31940262114bf4903a5e1420e34ade.jpeg
6FTJ6NJJ,2025.11.1,"후드티, 맨투맨티",https://cloudfront.laundrygo.com/smartfactory/smartfactory_20251102024102_c20f9428a6a44c599473bf67f5473ca3.jpeg
SSVQUE6Q,2025.9.18,패딩조끼,https://cloudfront.laundrygo.com/smartfactory/smartfactory_20250919051405_545e998d5eb848eb9918c5e4b1c0543e.jpeg
EL2TR2R9,2025.11.1,패딩조끼,https://cloudfront.laundrygo.com/smartfactory/smartfactory_20251102054705_c15099169ecc454aaaf60db7ef464e5f.jpeg
JJBXMWPT,2025.8.12,패딩,https://cloudfront.laundrygo.com/smartfactory/smartfactory_20250813044304_8c242cbc2d264b279eeb7fae7deae103.jpeg
LUUGZBF5,2025.10.11,패딩,https://cloudfront.laundrygo.com/smartfactory/smartfactory_20251014135513_70df75b261be418faed4b4653419a870.jpeg
J8EKVUY9,2025.10.11,패딩,https://cloudfront.laundrygo.com/smartfactory/smartfactory_20251012164916_6195e26598e340dc903d8c0f81501b9a.jpeg
VDBOLAFE,2025.10.14,패딩,https://cloudfront.laundrygo.com/smartfactory/smartfactory_20251015082108_1773833716854466bf33363c46e8fb2f.jpeg
7FNBXTGJ,2025.10.18,패딩,https://cloudfront.laundrygo.com/smartfactory/smartfactory_20251019032903_087c652275a54a5482daec979b334a11.jpeg
QCZ2BL2B,2025.10.26,패딩,https://cloudfront.laundrygo.com/smartfactory/smartfactory_20251027023602_08e840c174e34a7f9bc5af51f776d567.jpeg
QCZ2BL2B,2025.10.26,패딩,https://cloudfront.laundrygo.com/smartfactory/smartfactory_20251027023702_0aa41aea9f774edf9100e1d366e6f2de.jpeg
JJBXMWPT,2025.10.31,패딩,https://cloudfront.laundrygo.com/smartfactory/smartfactory_20251101013101_c93c0a0cac204a66b8ce5eac7bf14680.jpeg
3L1QU6NP,2025.11.1,패딩,https://cloudfront.laundrygo.com/smartfactory/smartfactory_20251102092209_18b11d644a5e47fe8f35939e3a649e71.jpeg
HALU889P,2025.8.8,티셔츠,https://cloudfront.laundrygo.com/smartfactory/smartfactory_20250809052605_cc7417893c8a4cd9a42b1fdca8a34cb7.jpeg
HALU889P,2025.8.8,티셔츠,https://cloudfront.laundrygo.com/smartfactory/smartfactory_20250809052805_8ab7754679054ee18e2a3cd1033a4446.jpeg
HALU889P,2025.8.8,티셔츠,https://cloudfront.laundrygo.com/smartfactory/smartfactory_20250809052905_3ed31ab32aa84e97a20545dedfa6e9ee.jpeg
7HDMDDBX,2025.8.8,티셔츠,https://cloudfront.laundrygo.com/smartfactory/smartfactory_20250809012901_bab477f2b81b45069a079aeccbd61870.jpeg
7HDMDDBX,2025.8.8,티셔츠,https://cloudfront.laundrygo.com/smartfactory/smartfactory_20250809012901_b6a4be2f77594aee958bbc5510f7b2ef.jpeg
7HDMDDBX,2025.8.8,티셔츠,https://cloudfront.laundrygo.com/smartfactory/smartfactory_20250809012901_30da0cd226f648118b69840bd49b7f88.jpeg
GVRSSYRJ,2025.8.8,티셔츠,https://cloudfront.laundrygo.com/smartfactory/smartfactory_20250809003900_ab1350f654154b458c2d0d5aab57c069.jpeg
2R0JSXFA,2025.8.8,티셔츠,https://cloudfront.laundrygo.com/smartfactory/smartfactory_20250809071607_4f2d00c9171c462bbf5710a2eb8729b0.jpeg
2R0JSXFA,2025.8.8,티셔츠,https://cloudfront.laundrygo.com/smartfactory/smartfactory_20250809071707_a59b9aaaf368466e954c93faca31e120.jpeg
2R0JSXFA,2025.8.8,티셔츠,https://cloudfront.laundrygo.com/smartfactory/smartfactory_20250809071807_53d8c7139e1b4291965be17f7e554b42.jpeg
XBOM2WLP,2025.8.8,티셔츠,https://cloudfront.laundrygo.com/smartfactory/smartfactory_20250809035003_d96d197428bb43dd8e1b1a7fc3755b80.jpeg
XBOM2WLP,2025.8.8,티셔츠,https://cloudfront.laundrygo.com/smartfactory/smartfactory_20250809035003_8cbd1997016647b09cc0677e2d52e36c.jpeg
XBOM2WLP,2025.8.8,티셔츠,https://cloudfront.laundrygo.com/smartfactory/smartfactory_20250809035103_86c028b9f12a4de5b8aa7e960f770f95.jpeg
XBOM2WLP,2025.8.8,티셔츠,https://cloudfront.laundrygo.com/smartfactory/smartfactory_20250809035203_8faae595515b4ccd8eeeb480e3784912.jpeg
XBOM2WLP,2025.8.8,티셔츠,https://cloudfront.laundrygo.com/smartfactory/smartfactory_20250809035203_ed1c54c25e6347ff88575ab588e1ca72.jpeg
XBOM2WLP,2025.8.8,티셔츠,https://cloudfront.laundrygo.com/smartfactory/smartfactory_20250809035203_3a53938beff546c59ffb8cf2bca4d512.jpeg
JY6ZWQZL,2025.8.8,티셔츠,https://cloudfront.laundrygo.com/smartfactory/smartfactory_20250809085908_e907fd363f5346f68c9690ffff44339c.jpeg
JY6ZWQZL,2025.8.8,티셔츠,https://cloudfront.laundrygo.com/smartfactory/smartfactory_20250809085908_e091cbba681d46ca95819348fd506706.jpeg
JY6ZWQZL,2025.8.8,티셔츠,https://cloudfront.laundrygo.com/smartfactory/smartfactory_20250809085908_25bdbb697b554dd386df831350257773.jpeg
JC1PB4D0,2025.8.8,티셔츠,https://cloudfront.laundrygo.com/smartfactory/smartfactory_20250809082408_5cba0384507c4e2b836a0cef6cd4ad7a.jpeg
JC1PB4D0,2025.8.8,티셔츠,https://cloudfront.laundrygo.com/smartfactory/smartfactory_20250809082608_94db1aae4de94e39a561e0c1acf36a4a.jpeg
U2DTD8RO,2025.8.8,티셔츠,https://cloudfront.laundrygo.com/smartfactory/smartfactory_20250809101010_53a3d720e3114a028bdf7bbe3ebcae2f.jpeg
3ZJHQZX1,2025.8.8,티셔츠,https://cloudfront.laundrygo.com/smartfactory/smartfactory_20250809081108_5ccb0578f3fc473d9d3c367d40ccd954.jpeg
3ZJHQZX1,2025.8.8,티셔츠,https://cloudfront.laundrygo.com/smartfactory/smartfactory_20250809081208_754dd8e61af44e439f19668333987150.jpeg
3ZJHQZX1,2025.8.8,티셔츠,https://cloudfront.laundrygo.com/smartfactory/smartfactory_20250809081308_d21c6cdf696341bca39393611d0a180e.jpeg
LUUGZBF5,2025.8.9,티셔츠,https://cloudfront.laundrygo.com/smartfactory/smartfactory_20250810001300_c07a36a0072149d6b7cdb5ffe301df78.jpeg
LUUGZBF5,2025.8.9,티셔츠,https://cloudfront.laundrygo.com/smartfactory/smartfactory_20250810001500_2ccd1691c5f54047a0dccfb54ff88d7a.jpeg
LUUGZBF5,2025.8.9,티셔츠,https://cloudfront.laundrygo.com/smartfactory/smartfactory_20250810001500_73fc3202b30b44919174e2af210789a2.jpeg
EL2TR2R9,2025.8.9,티셔츠,https://cloudfront.laundrygo.com/smartfactory/smartfactory_20250810081708_fc3f20f28ea64b3dba7818185453462f.jpeg
EL2TR2R9,2025.8.9,티셔츠,https://cloudfront.laundrygo.com/smartfactory/smartfactory_20250810085508_7e35e53f102d4c2fb09f09e5c8aea7b7.jpeg
EL2TR2R9,2025.8.9,티셔츠,https://cloudfront.laundrygo.com/smartfactory/smartfactory_20250810085508_49049843cacb41689ac7c31029c8d05b.jpeg
OJ7AR6QZ,2025.8.9,티셔츠,https://cloudfront.laundrygo.com/smartfactory/smartfactory_20250810013901_87bd68012b184a0ea11096b11283280e.jpeg
V7HCX6D0,2025.8.9,티셔츠,https://cloudfront.laundrygo.com/smartfactory/smartfactory_20250810012301_283850cf374b4b6fb53cec162e8a3fd7.jpeg
GK9XEPAK,2025.8.9,티셔츠,https://cloudfront.laundrygo.com/smartfactory/smartfactory_20250810025102_d3488711ddb944c794e7317d2a83c38f.jpeg
GK9XEPAK,2025.8.9,티셔츠,https://cloudfront.laundrygo.com/smartfactory/smartfactory_20250810025202_428c1a4c2adc48ac9fbf8386b45f47a1.jpeg
GK9XEPAK,2025.8.9,티셔츠,https://cloudfront.laundrygo.com/smartfactory/smartfactory_20250810025202_53afe73808334225901d3f159e982a25.jpeg
GSHKANZM,2025.8.10,티셔츠,https://cloudfront.laundrygo.com/smartfactory/smartfactory_20250811065906_0531f17a5f1b4fcb84997bffb0db848d.jpeg
NJ5SZABP,2025.8.10,티셔츠,https://cloudfront.laundrygo.com/smartfactory/smartfactory_20250811001700_fa3b86e3f9f542dbae97fa0680c39e41.jpeg
86BNR2K3,2025.8.10,티셔츠,https://cloudfront.laundrygo.com/smartfactory/smartfactory_20250811005800_7efac506cf8b45189afa58502e3045da.jpeg
SSVQUE6Q,2025.8.10,티셔츠,https://cloudfront.laundrygo.com/smartfactory/smartfactory_20250811045304_a318aef56e4d4498af19dc98571747ea.jpeg
SSVQUE6Q,2025.8.10,티셔츠,https://cloudfront.laundrygo.com/smartfactory/smartfactory_20250811045404_360c928bcd1e47f59e4c981c537750e8.jpeg
SSVQUE6Q,2025.8.10,티셔츠,https://cloudfront.laundrygo.com/smartfactory/smartfactory_20250811045404_c0201cc2081d4bf6aa886487ff2a44dc.jpeg
SSVQUE6Q,2025.8.10,티셔츠,https://cloudfront.laundrygo.com/smartfactory/smartfactory_20250811045404_819b18c89ab24867a6f94c04092adbc6.jpeg
SSVQUE6Q,2025.8.10,티셔츠,https://cloudfront.laundrygo.com/smartfactory/smartfactory_20250811045504_c5a09e008e7d495b832c8cb3c7bd6119.jpeg
SSVQUE6Q,2025.8.10,티셔츠,https://cloudfront.laundrygo.com/smartfactory/smartfactory_20250811045504_c099b14ca2524554b2f8edc6657af890.jpeg
SSVQUE6Q,2025.8.10,티셔츠,https://cloudfront.laundrygo.com/smartfactory/smartfactory_20250811045704_6c1ae8a7be5e4e9390e0a2497ac5815d.jpeg
SSVQUE6Q,2025.8.10,티셔츠,https://cloudfront.laundrygo.com/smartfactory/smartfactory_20250811045804_935d3203113d4d1085cde74cbca9b993.jpeg
SSVQUE6Q,2025.8.10,티셔츠,https://cloudfront.laundrygo.com/smartfactory/smartfactory_20250811045804_78d3e6633eb64eada221e718fd47e4e5.jpeg
SSVQUE6Q,2025.8.10,티셔츠,https://cloudfront.laundrygo.com/smartfactory/smartfactory_20250811045804_0e6d4e5a0c4a4f6e92b7c55d930a2e5b.jpeg
SSVQUE6Q,2025.8.10,티셔츠,https://cloudfront.laundrygo.com/smartfactory/smartfactory_20250811045904_7176da0cbfc04f01b08b9b4ba3b0ba05.jpeg
SSVQUE6Q,2025.8.10,티셔츠,https://cloudfront.laundrygo.com/smartfactory/smartfactory_20250811045904_228623b13ccc46a3a668af463570b8bd.jpeg
SSVQUE6Q,2025.8.10,티셔츠,https://cloudfront.laundrygo.com/smartfactory/smartfactory_20250811045904_c60ecf58fb0649e0af8a8749bd7d072f.jpeg
JIXFZF5Y,2025.8.10,티셔츠,https://cloudfront.laundrygo.com/smartfactory/smartfactory_20250811044304_f9be44abd27243ae9743ec694d1d144d.jpeg
JIXFZF5Y,2025.8.10,티셔츠,https://cloudfront.laundrygo.com/smartfactory/smartfactory_20250811044304_dc1b4b45c62d4737bce2f30f53dfe2a7.jpeg
JIXFZF5Y,2025.8.10,티셔츠,https://cloudfront.laundrygo.com/smartfactory/smartfactory_20250811044404_f117cf6c96944122b836f4bde35c73be.jpeg
JC1PB4D0,2025.8.10,티셔츠,https://cloudfront.laundrygo.com/smartfactory/smartfactory_20250811035003_dcc7d3939a934c428c7dee5671a3da5e.jpeg
UQAF7PCB,2025.8.11,티셔츠,https://cloudfront.laundrygo.com/smartfactory/smartfactory_20250812042304_253e02d930c84b39ab23cedda0e9cc56.jpeg
VRSYKL5V,2025.8.11,티셔츠,https://cloudfront.laundrygo.com/smartfactory/smartfactory_20250812035403_befe44f931194ebe845287bb673bf364.jpeg
VRSYKL5V,2025.8.11,티셔츠,https://cloudfront.laundrygo.com/smartfactory/smartfactory_20250812035603_b7904064732a4f349198fddde27c3525.jpeg
T8E6FEJW,2025.8.11,티셔츠,https://cloudfront.laundrygo.com/smartfactory/smartfactory_20250812053305_d0c69c5040284e91b5d4c65b720bb713.jpeg
T8E6FEJW,2025.8.11,티셔츠,https://cloudfront.laundrygo.com/smartfactory/smartfactory_20250812053305_9d5c9724e10a49b18de3a6af03c94ec9.jpeg
T8E6FEJW,2025.8.11,티셔츠,https://cloudfront.laundrygo.com/smartfactory/smartfactory_20250812053305_491e254d1193454da21a184132310ae2.jpeg
T8E6FEJW,2025.8.11,티셔츠,https://cloudfront.laundrygo.com/smartfactory/smartfactory_20250812053405_2af7271fbbfd42f7a70a2292b0bebe0b.jpeg
T8E6FEJW,2025.8.11,티셔츠,https://cloudfront.laundrygo.com/smartfactory/smartfactory_20250812053405_d44a8cba04534dfebf289a65489418ab.jpeg
T8E6FEJW,2025.8.11,티셔츠,https://cloudfront.laundrygo.com/smartfactory/smartfactory_20250812053405_c96a85354b6240fc8e602d5c62291c85.jpeg
T8E6FEJW,2025.8.11,티셔츠,https://cloudfront.laundrygo.com/smartfactory/smartfactory_20250812053505_19a4c3f038794bbb8ec5eb2b36a17975.jpeg
T8E6FEJW,2025.8.11,티셔츠,https://cloudfront.laundrygo.com/smartfactory/smartfactory_20250812053505_b44e9c7d268e4e92ab809c79f372302f.jpeg
T8E6FEJW,2025.8.11,티셔츠,https://cloudfront.laundrygo.com/smartfactory/smartfactory_20250812053605_ecb29431c84d4e11bdc35e8399019780.jpeg
9SL1YYE4,2025.8.11,티셔츠,https://cloudfront.laundrygo.com/smartfactory/smartfactory_20250812052105_ae2b2a9cd8ff40928ebde12cd1a5e7d3.jpeg
907MFCA9,2025.8.11,티셔츠,https://cloudfront.laundrygo.com/smartfactory/smartfactory_20250812091509_815a1b7c721a45868c7f8ed68f8a3a7c.jpeg
IXRRIYAJ,2025.8.11,티셔츠,https://cloudfront.laundrygo.com/smartfactory/smartfactory_20250812101310_38d95e07857041d8861754203f886738.jpeg
IXRRIYAJ,2025.8.11,티셔츠,https://cloudfront.laundrygo.com/smartfactory/smartfactory_20250812101410_df6b86b38b6e4804b6dac93f5edb89c6.jpeg
IXRRIYAJ,2025.8.11,티셔츠,https://cloudfront.laundrygo.com/smartfactory/smartfactory_20250812101710_679bf7ecc6964f3bb464032788dcf20b.jpeg
6GS9JIYM,2025.8.11,티셔츠,https://cloudfront.laundrygo.com/smartfactory/smartfactory_20250812161416_897cd7f66d3142d3bc7b990d675950e5.jpeg
6GS9JIYM,2025.8.11,티셔츠,https://cloudfront.laundrygo.com/smartfactory/smartfactory_20250812161416_24ea65ec83a34328b6e7c152d98640ac.jpeg
MXBK9AFC,2025.8.12,티셔츠,https://cloudfront.laundrygo.com/smartfactory/smartfactory_20250813011401_79e97632c6d047f390d90f4bc94807f2.jpeg
MXBK9AFC,2025.8.12,티셔츠,https://cloudfront.laundrygo.com/smartfactory/smartfactory_20250813011501_cfb4fafc8afc454d88869b206faa4914.jpeg
MXBK9AFC,2025.8.12,티셔츠,https://cloudfront.laundrygo.com/smartfactory/smartfactory_20250813011501_f505531f2e4a431d8a62936ab5719e7b.jpeg
SLKT5QUA,2025.8.12,티셔츠,https://cloudfront.laundrygo.com/smartfactory/smartfactory_20250813003500_0ae39c8a20b2445daf65ea5afba0d16b.jpeg
SLKT5QUA,2025.8.12,티셔츠,https://cloudfront.laundrygo.com/smartfactory/smartfactory_20250813003600_d94d4aaaf901494ab70a1060b69ed8a0.jpeg
QV78M8P9,2025.8.12,티셔츠,https://cloudfront.laundrygo.com/smartfactory/smartfactory_20250813014901_b888b38edbf14edf96cf7996761918e8.jpeg
QV78M8P9,2025.8.12,티셔츠,https://cloudfront.laundrygo.com/smartfactory/smartfactory_20250813014901_0d485f7027574223bfe56d8038c03666.jpeg
QV78M8P9,2025.8.12,티셔츠,https://cloudfront.laundrygo.com/smartfactory/smartfactory_20250813014901_b85a860626cb4bf18ff70e2d8e8f4121.jpeg
QV78M8P9,2025.8.12,티셔츠,https://cloudfront.laundrygo.com/smartfactory/smartfactory_20250813015001_e83014a6bc8341bd8231bd6ca15548d8.jpeg
72EDSUXD,2025.8.12,티셔츠,https://cloudfront.laundrygo.com/smartfactory/smartfactory_20250813062406_32d0b3472bf34f7c868b16fdc9394907.jpeg
72EDSUXD,2025.8.12,티셔츠,https://cloudfront.laundrygo.com/smartfactory/smartfactory_20250813062406_b93d9880fadc4357a067a5fc40bdf09d.jpeg
25RM4V07,2025.8.12,티셔츠,https://cloudfront.laundrygo.com/smartfactory/smartfactory_20250813004300_ff14c6d87bc34476825cbc755b6ec26c.jpeg
W4JH9RHN,2025.8.12,티셔츠,https://cloudfront.laundrygo.com/smartfactory/smartfactory_20250813053705_580fb5359a73451ab7842ca79fdc795e.jpeg
JC1PB4D0,2025.8.12,티셔츠,https://cloudfront.laundrygo.com/smartfactory/smartfactory_20250813051105_9c9f3deab62441d486a012ba41eca2c5.jpeg
J8EKVUY9,2025.8.13,티셔츠,https://cloudfront.laundrygo.com/smartfactory/smartfactory_20250814002700_4be7ddab987b48c4ae02394fbc942317.jpeg
J8EKVUY9,2025.8.13,티셔츠,https://cloudfront.laundrygo.com/smartfactory/smartfactory_20250814002900_7372d67a682344c09dc44ae0ca390d57.jpeg
J8EKVUY9,2025.8.13,티셔츠,https://cloudfront.laundrygo.com/smartfactory/smartfactory_20250814003000_16caa2c7d3e141e98a10cae52bc95ad3.jpeg
J8EKVUY9,2025.8.13,티셔츠,https://cloudfront.laundrygo.com/smartfactory/smartfactory_20250814003000_8dc93570786348039c61be29c13805f2.jpeg
V9GQSYD8,2025.8.13,티셔츠,https://cloudfront.laundrygo.com/smartfactory/smartfactory_20250814034903_1aa8f875e68d420da852e2df048d7c72.jpeg
V9GQSYD8,2025.8.13,티셔츠,https://cloudfront.laundrygo.com/smartfactory/smartfactory_20250814035003_431d4de04dd4418f9a332b7c03c2a502.jpeg
K4H90WNS,2025.8.13,티셔츠,https://cloudfront.laundrygo.com/smartfactory/smartfactory_20250814032803_36060e647d364735b467cf8c75944e17.jpeg
K4H90WNS,2025.8.13,티셔츠,https://cloudfront.laundrygo.com/smartfactory/smartfactory_20250814032803_c5d25cbc85fe40cc9cfb92930269adbf.jpeg
XBOM2WLP,2025.8.13,티셔츠,https://cloudfront.laundrygo.com/smartfactory/smartfactory_20250814053005_de67edfeeae442b6b5c35a59d033a771.jpeg
XBOM2WLP,2025.8.13,티셔츠,https://cloudfront.laundrygo.com/smartfactory/smartfactory_20250814053005_33aa41f6fd714843add3b6dc62770f01.jpeg
XBOM2WLP,2025.8.13,티셔츠,https://cloudfront.laundrygo.com/smartfactory/smartfactory_20250814053105_d050499b24e742339ee0e8060e968f55.jpeg
XBOM2WLP,2025.8.13,티셔츠,https://cloudfront.laundrygo.com/smartfactory/smartfactory_20250814053105_b06b93837cef445d81fa5f3163c58a89.jpeg
35IPG2VA,2025.8.14,티셔츠,https://cloudfront.laundrygo.com/smartfactory/smartfactory_20250815055305_ed53d11977214d2c916d321dacb45484.jpeg
907MFCA9,2025.8.14,티셔츠,https://cloudfront.laundrygo.com/smartfactory/smartfactory_20250815095609_a761367ffa8a481c93e18fca8bafeb8f.jpeg
2R0JSXFA,2025.8.14,티셔츠,https://cloudfront.laundrygo.com/smartfactory/smartfactory_20250815083408_ad4a6224e45d44399a922f511fb9852f.jpeg
2R0JSXFA,2025.8.14,티셔츠,https://cloudfront.laundrygo.com/smartfactory/smartfactory_20250815083508_81ecb07a941942ff917570d80f615d75.jpeg
45WXISEL,2025.8.14,티셔츠,https://cloudfront.laundrygo.com/smartfactory/smartfactory_20250815083108_f306ea48a32d4f358c1fbd59a3fff866.jpeg
JC1PB4D0,2025.8.14,티셔츠,https://cloudfront.laundrygo.com/smartfactory/smartfactory_20250815080608_f8f992fd30ff41778e59296d481bd0a6.jpeg
JC1PB4D0,2025.8.14,티셔츠,https://cloudfront.laundrygo.com/smartfactory/smartfactory_20250815080708_f499e5b5a5e14a1aa4306a2198d034bb.jpeg
RAOZJLUL,2025.8.14,티셔츠,https://cloudfront.laundrygo.com/smartfactory/smartfactory_20250815152615_22afc6524d5b4946af4e8fe7a1fcce52.jpeg
RAOZJLUL,2025.8.14,티셔츠,https://cloudfront.laundrygo.com/smartfactory/smartfactory_20250815152715_c01cff4483154e9eb6e2f9ec6c82b7b8.jpeg
EL2TR2R9,2025.8.15,티셔츠,https://cloudfront.laundrygo.com/smartfactory/smartfactory_20250816063506_87c12af50b504d9fa9d42bc8d27666d3.jpeg
EL2TR2R9,2025.8.15,티셔츠,https://cloudfront.laundrygo.com/smartfactory/smartfactory_20250816080708_6eff1b939f084536be22a4882322ca5e.jpeg
EL2TR2R9,2025.8.15,티셔츠,https://cloudfront.laundrygo.com/smartfactory/smartfactory_20250816064106_492a05afe58b4e29945381a2a7f546ea.jpeg
EL2TR2R9,2025.8.15,티셔츠,https://cloudfront.laundrygo.com/smartfactory/smartfactory_20250816082608_ca7138eb17064429ade72ed1527ff39b.jpeg
EL2TR2R9,2025.8.15,티셔츠,https://cloudfront.laundrygo.com/smartfactory/smartfactory_20250816082608_dca9a242a1b644d4b3ee67fd0e6429eb.jpeg
EL2TR2R9,2025.8.15,티셔츠,https://cloudfront.laundrygo.com/smartfactory/smartfactory_20250816082608_a83b4b3bbecc457ba01ba73e6b6b24ff.jpeg
EL2TR2R9,2025.8.15,티셔츠,https://cloudfront.laundrygo.com/smartfactory/smartfactory_20250816082608_14f576f3987a4cf58ba9214e874fe8b1.jpeg
EL2TR2R9,2025.8.15,티셔츠,https://cloudfront.laundrygo.com/smartfactory/smartfactory_20250816065006_5f606d3c7b2e424a946f5670c1904387.jpeg
5PJTZX7B,2025.8.15,티셔츠,https://cloudfront.laundrygo.com/smartfactory/smartfactory_20250816004600_e666c7f7319c406ca11e023491f83e9a.jpeg
5PJTZX7B,2025.8.15,티셔츠,https://cloudfront.laundrygo.com/smartfactory/smartfactory_20250816004700_e10a4bffa71247ec92cb2f23f494449d.jpeg
9SL1YYE4,2025.8.15,티셔츠,https://cloudfront.laundrygo.com/smartfactory/smartfactory_20250816052405_bc0d34803ea14f1e985034653020fe1b.jpeg
72EDSUXD,2025.8.15,티셔츠,https://cloudfront.laundrygo.com/smartfactory/smartfactory_20250816072507_86097d2cac664063ab4126106dc56669.jpeg
72EDSUXD,2025.8.15,티셔츠,https://cloudfront.laundrygo.com/smartfactory/smartfactory_20250816072607_2454978345324193a38e90a0089e17c0.jpeg
72EDSUXD,2025.8.15,티셔츠,https://cloudfront.laundrygo.com/smartfactory/smartfactory_20250816072607_39dd17a51c2d43f1884d1f4ec62ab26e.jpeg
JIXFZF5Y,2025.8.15,티셔츠,https://cloudfront.laundrygo.com/smartfactory/smartfactory_20250816083908_33c83501b6ad4bcc8ba62eebf0710a6d.jpeg
JIXFZF5Y,2025.8.15,티셔츠,https://cloudfront.laundrygo.com/smartfactory/smartfactory_20250816083908_a0a5f84ed97e4c75894bc56a2d86ce7d.jpeg
JIXFZF5Y,2025.8.15,티셔츠,https://cloudfront.laundrygo.com/smartfactory/smartfactory_20250816084008_2af74985ecc4421ebcd23d4cb8ae7c87.jpeg
XMLHFOZQ,2025.8.15,티셔츠,https://cloudfront.laundrygo.com/smartfactory/smartfactory_20250816044804_593a0c5bc9d4406aa72538c8563a6ba1.jpeg
XMLHFOZQ,2025.8.15,티셔츠,https://cloudfront.laundrygo.com/smartfactory/smartfactory_20250816044804_100ce532dbfa4d5e9ae079b99d488cca.jpeg
3ZJHQZX1,2025.8.15,티셔츠,https://cloudfront.laundrygo.com/smartfactory/smartfactory_20250816045504_e257830a0913447f8dfe21eda8f44ef3.jpeg
3ZJHQZX1,2025.8.15,티셔츠,https://cloudfront.laundrygo.com/smartfactory/smartfactory_20250816045704_5cd6343070d64f7aa8aea932bd202dfe.jpeg
NJ5SZABP,2025.8.16,티셔츠,https://cloudfront.laundrygo.com/smartfactory/smartfactory_20250817032903_906eea1409e14dd1a0636bbe15168095.jpeg
NJ5SZABP,2025.8.16,티셔츠,https://cloudfront.laundrygo.com/smartfactory/smartfactory_20250817033103_2eba872612b44b7ca248ac0e89029fd1.jpeg
YZZ7MWRL,2025.8.16,티셔츠,https://cloudfront.laundrygo.com/smartfactory/smartfactory_20250817012801_d8ad0fd6e3e14970801a928e9e80ca8a.jpeg
YZZ7MWRL,2025.8.16,티셔츠,https://cloudfront.laundrygo.com/smartfactory/smartfactory_20250817012801_96e581b9670f474cb1d13cc9755b7719.jpeg
7HDMDDBX,2025.8.16,티셔츠,https://cloudfront.laundrygo.com/smartfactory/smartfactory_20250817022102_b20eef4f5b99441ab5c3f13ec0783c1d.jpeg
7HDMDDBX,2025.8.16,티셔츠,https://cloudfront.laundrygo.com/smartfactory/smartfactory_20250817022202_d4972740dab142739f006ff23e92aa27.jpeg
7HDMDDBX,2025.8.16,티셔츠,https://cloudfront.laundrygo.com/smartfactory/smartfactory_20250817022202_28ba1c9b6dc74ae097920b7fe6b91923.jpeg
7HDMDDBX,2025.8.16,티셔츠,https://cloudfront.laundrygo.com/smartfactory/smartfactory_20250817022202_a217388c6e104993a9f3b0e6e968cfa4.jpeg
7HDMDDBX,2025.8.16,티셔츠,https://cloudfront.laundrygo.com/smartfactory/smartfactory_20250817022302_7db248c1da3b43868c5e43dbfcfb6216.jpeg
7HDMDDBX,2025.8.16,티셔츠,https://cloudfront.laundrygo.com/smartfactory/smartfactory_20250817022402_bb6dc7c403584461ae7d8d0002b595af.jpeg
T8E6FEJW,2025.8.16,티셔츠,https://cloudfront.laundrygo.com/smartfactory/smartfactory_20250817033003_b3d3051675904d0fb325884861ec50b1.jpeg
T8E6FEJW,2025.8.16,티셔츠,https://cloudfront.laundrygo.com/smartfactory/smartfactory_20250817033103_52f6a36c5b3d4192b0bd5beeccf28ffd.jpeg
T8E6FEJW,2025.8.16,티셔츠,https://cloudfront.laundrygo.com/smartfactory/smartfactory_20250817033303_61cc735b588c4442a906576f39b1569d.jpeg
T8E6FEJW,2025.8.16,티셔츠,https://cloudfront.laundrygo.com/smartfactory/smartfactory_20250817033303_7cc8819b1d864b0c886b8ce0a64d1922.jpeg
OJ7AR6QZ,2025.8.16,티셔츠,https://cloudfront.laundrygo.com/smartfactory/smartfactory_20250817083508_72a7afcd92104bc285df52fc4228b2f9.jpeg
OJ7AR6QZ,2025.8.16,티셔츠,https://cloudfront.laundrygo.com/smartfactory/smartfactory_20250817083508_a0162be02413404ebc47594e17708c39.jpeg
OJ7AR6QZ,2025.8.16,티셔츠,https://cloudfront.laundrygo.com/smartfactory/smartfactory_20250817083608_ca53f6fe4db748d5b0225b144e548c8b.jpeg
OJ7AR6QZ,2025.8.16,티셔츠,https://cloudfront.laundrygo.com/smartfactory/smartfactory_20250817083608_73ac2d41a1eb493cae3a62aceea2f60a.jpeg
XBOM2WLP,2025.8.16,티셔츠,https://cloudfront.laundrygo.com/smartfactory/smartfactory_20250817045904_b1970e38688b4222a0bfd3c491d8f3df.jpeg
XBOM2WLP,2025.8.16,티셔츠,https://cloudfront.laundrygo.com/smartfactory/smartfactory_20250817050005_b7558a4a439c4c8c965327383be9cdc3.jpeg
GSHKANZM,2025.8.17,티셔츠,https://cloudfront.laundrygo.com/smartfactory/smartfactory_20250818031803_87daed2a61fd412ea8369e22b30d9f72.jpeg
GSHKANZM,2025.8.17,티셔츠,https://cloudfront.laundrygo.com/smartfactory/smartfactory_20250818032103_eeb59c4e1a874cb2afb3027ead434d9a.jpeg
V9GQSYD8,2025.8.17,티셔츠,https://cloudfront.laundrygo.com/smartfactory/smartfactory_20250818010601_97147dbb7050459197ecedb5ce0206c0.jpeg
V9GQSYD8,2025.8.17,티셔츠,https://cloudfront.laundrygo.com/smartfactory/smartfactory_20250818010601_4b64b0a2e6c74a9b86d29b05f802d369.jpeg
SSVQUE6Q,2025.8.17,티셔츠,https://cloudfront.laundrygo.com/smartfactory/smartfactory_20250818084508_d259ae6576d74dd997deaadc93da753d.jpeg
SSVQUE6Q,2025.8.17,티셔츠,https://cloudfront.laundrygo.com/smartfactory/smartfactory_20250818084608_bfaebaa1bcc1498383aad7b0692d10e4.jpeg
SSVQUE6Q,2025.8.17,티셔츠,https://cloudfront.laundrygo.com/smartfactory/smartfactory_20250818084708_a26e8d5898a34268970c90f1cdfaf573.jpeg
SSVQUE6Q,2025.8.17,티셔츠,https://cloudfront.laundrygo.com/smartfactory/smartfactory_20250818084708_dfa0810112e14cf39e9fa675b6f95217.jpeg
SSVQUE6Q,2025.8.17,티셔츠,https://cloudfront.laundrygo.com/smartfactory/smartfactory_20250818084708_05effda41f6f4ca097f2eb5adb5fd356.jpeg
SSVQUE6Q,2025.8.17,티셔츠,https://cloudfront.laundrygo.com/smartfactory/smartfactory_20250818084808_fcb8e481472646e1b687149721b2d836.jpeg
SSVQUE6Q,2025.8.17,티셔츠,https://cloudfront.laundrygo.com/smartfactory/smartfactory_20250818084808_6c72f9e83bbf4a9c9cf449a46e3812eb.jpeg
SSVQUE6Q,2025.8.17,티셔츠,https://cloudfront.laundrygo.com/smartfactory/smartfactory_20250818084908_a58378c727c24fb8b5014cc8ba035ebb.jpeg
SSVQUE6Q,2025.8.17,티셔츠,https://cloudfront.laundrygo.com/smartfactory/smartfactory_20250818084908_021f29416cc342b980aad56b89cc286b.jpeg
SSVQUE6Q,2025.8.17,티셔츠,https://cloudfront.laundrygo.com/smartfactory/smartfactory_20250818084908_680b74953b114f03a416aae12178aad1.jpeg
SSVQUE6Q,2025.8.17,티셔츠,https://cloudfront.laundrygo.com/smartfactory/smartfactory_20250818085008_046c981747c1459b89e095dd400bb7e9.jpeg
SSVQUE6Q,2025.8.17,티셔츠,https://cloudfront.laundrygo.com/smartfactory/smartfactory_20250818085108_e76f4808402b4edba36a5194c6135c37.jpeg
MWZ1GY0S,2025.8.17,티셔츠,https://cloudfront.laundrygo.com/smartfactory/smartfactory_20250818005500_9e1c8b119a2b45f2a163df10d720535d.jpeg
JC1PB4D0,2025.8.17,티셔츠,https://cloudfront.laundrygo.com/smartfactory/smartfactory_20250818100010_b4da86c5735a4a5d884de15a1780f79e.jpeg
7FNBXTGJ,2025.8.18,티셔츠,https://cloudfront.laundrygo.com/smartfactory/smartfactory_20250819075607_590bcbaae91047ee96afcf504bfda2e3.jpeg
7FNBXTGJ,2025.8.18,티셔츠,https://cloudfront.laundrygo.com/smartfactory/smartfactory_20250819075707_36fd34ddc67347bb90cee320a96f28d1.jpeg
6DLQGTBF,2025.8.18,티셔츠,https://cloudfront.laundrygo.com/smartfactory/smartfactory_20250819035803_e4bd89089d9f43b6a3a9e7d2a94c4570.jpeg
907MFCA9,2025.8.18,티셔츠,https://cloudfront.laundrygo.com/smartfactory/smartfactory_20250819084508_6815299e61044e4298e41a6c710e8e95.jpeg
907MFCA9,2025.8.18,티셔츠,https://cloudfront.laundrygo.com/smartfactory/smartfactory_20250819084508_bd997556026341acb133c5e5ce74a6b5.jpeg
Q2O88T5H,2025.8.18,티셔츠,https://cloudfront.laundrygo.com/smartfactory/smartfactory_20250819052005_c3b08b77a1f54bd79a242ad15779caa2.jpeg
Q2O88T5H,2025.8.18,티셔츠,https://cloudfront.laundrygo.com/smartfactory/smartfactory_20250819052105_51c832a8542244898233119c50996b3b.jpeg
3ZJHQZX1,2025.8.18,티셔츠,https://cloudfront.laundrygo.com/smartfactory/smartfactory_20250819053905_47dfc89d52b24b0a96d53a85f5c6f4aa.jpeg
BUQT9RB3,2025.8.19,티셔츠,https://cloudfront.laundrygo.com/smartfactory/smartfactory_20250820044404_8a3595cf06a44af7b920fedd56b43331.jpeg
HALU889P,2025.8.19,티셔츠,https://cloudfront.laundrygo.com/smartfactory/smartfactory_20250820015801_87184f67d33a4f37b0cc31bf4fbdc35f.jpeg
GVRSSYRJ,2025.8.19,티셔츠,https://cloudfront.laundrygo.com/smartfactory/smartfactory_20250820004700_efe90c3263c148c19833db3f3c3e620d.jpeg
XBOM2WLP,2025.8.19,티셔츠,https://cloudfront.laundrygo.com/smartfactory/smartfactory_20250820064806_387479233d8543afab5d67d29ab2cb4d.jpeg
XBOM2WLP,2025.8.19,티셔츠,https://cloudfront.laundrygo.com/smartfactory/smartfactory_20250820064906_2710fee5578149c9b45decb3094b2bc9.jpeg
W4JH9RHN,2025.8.19,티셔츠,https://cloudfront.laundrygo.com/smartfactory/smartfactory_20250820051905_315db348d6b54e1dbb4315a786bf63b0.jpeg
BGQD38SR,2025.8.19,티셔츠,https://cloudfront.laundrygo.com/smartfactory/smartfactory_20250820060206_dbf323b8994c47b285a186a717027bec.jpeg
GK9XEPAK,2025.8.19,티셔츠,https://cloudfront.laundrygo.com/smartfactory/smartfactory_20250820074107_1e914f5095964594868667f7a96ea40b.jpeg
LUUGZBF5,2025.8.20,티셔츠,https://cloudfront.laundrygo.com/smartfactory/smartfactory_20250821010701_a99edbc3a37843e489022b1d211de942.jpeg
LUUGZBF5,2025.8.20,티셔츠,https://cloudfront.laundrygo.com/smartfactory/smartfactory_20250821010801_a4f9c65adad4426692b0599cfa77b187.jpeg
MXBK9AFC,2025.8.20,티셔츠,https://cloudfront.laundrygo.com/smartfactory/smartfactory_20250821064606_0aa50dde906e4c35b23f8b24987cbf1e.jpeg
MXBK9AFC,2025.8.20,티셔츠,https://cloudfront.laundrygo.com/smartfactory/smartfactory_20250821064706_9ddf03e44d3f49b19520148a187e1a5e.jpeg
MXBK9AFC,2025.8.20,티셔츠,https://cloudfront.laundrygo.com/smartfactory/smartfactory_20250821064906_5c9fae72bc854a0b819e92a9b1440ee9.jpeg
QV78M8P9,2025.8.20,티셔츠,https://cloudfront.laundrygo.com/smartfactory/smartfactory_20250821062406_7b5eaf7735fe4e10a6cc419cdc73a183.jpeg
V9GQSYD8,2025.8.20,티셔츠,https://cloudfront.laundrygo.com/smartfactory/smartfactory_20250821051205_10bc3591407649fb8eb9d63a73ce639b.jpeg
V9GQSYD8,2025.8.20,티셔츠,https://cloudfront.laundrygo.com/smartfactory/smartfactory_20250821051305_fe09f84226004d318e5e4bee398b145d.jpeg
86BNR2K3,2025.8.20,티셔츠,https://cloudfront.laundrygo.com/smartfactory/smartfactory_20250821070007_81dbdcfc44d848c2b9e603ae6818d065.jpeg
86BNR2K3,2025.8.20,티셔츠,https://cloudfront.laundrygo.com/smartfactory/smartfactory_20250821070007_48af60dfd00b4f4f88fa1cede40017df.jpeg
86BNR2K3,2025.8.20,티셔츠,https://cloudfront.laundrygo.com/smartfactory/smartfactory_20250821070207_37a51acdd27944389663fd9ca22abf8d.jpeg
86BNR2K3,2025.8.20,티셔츠,https://cloudfront.laundrygo.com/smartfactory/smartfactory_20250821070207_076aed96e3eb4297b37ac2e19dce6c76.jpeg
K4H90WNS,2025.8.20,티셔츠,https://cloudfront.laundrygo.com/smartfactory/smartfactory_20250821060606_ea3042c692d943c081c2cd5ed51b3ab2.jpeg
K4H90WNS,2025.8.20,티셔츠,https://cloudfront.laundrygo.com/smartfactory/smartfactory_20250821060706_b053f78d7b3c4b34a17101b7145790ca.jpeg
K4H90WNS,2025.8.20,티셔츠,https://cloudfront.laundrygo.com/smartfactory/smartfactory_20250821060806_eac384423a294a2290d16e0a5ebfecac.jpeg
K4H90WNS,2025.8.20,티셔츠,https://cloudfront.laundrygo.com/smartfactory/smartfactory_20250821060806_7ca1ea9988c2479f82c3e250b33b4939.jpeg
U2DTD8RO,2025.8.20,티셔츠,https://cloudfront.laundrygo.com/smartfactory/smartfactory_20250821100410_dbe4efc8f3c848d4a3f39866ecb5ab3f.jpeg
JJBXMWPT,2025.8.21,티셔츠,https://cloudfront.laundrygo.com/smartfactory/smartfactory_20250822032103_66e7fa56d37e4186a6c5641070088c88.jpeg
T8E6FEJW,2025.8.21,티셔츠,https://cloudfront.laundrygo.com/smartfactory/smartfactory_20250822022602_1f32a23ee39d43a68265359783b01e8a.jpeg
T8E6FEJW,2025.8.21,티셔츠,https://cloudfront.laundrygo.com/smartfactory/smartfactory_20250822022702_22989126f69d4ea79c85c13dc5ecc947.jpeg
T8E6FEJW,2025.8.21,티셔츠,https://cloudfront.laundrygo.com/smartfactory/smartfactory_20250822022802_429ab1e75a9d4f32a14dec9d5dccc668.jpeg
T8E6FEJW,2025.8.21,티셔츠,https://cloudfront.laundrygo.com/smartfactory/smartfactory_20250822022902_df329d4c7c774a31a31cf2458202cb5b.jpeg
T8E6FEJW,2025.8.21,티셔츠,https://cloudfront.laundrygo.com/smartfactory/smartfactory_20250822022902_f6b8f17fd45d49dd88c26e4cb2ed4169.jpeg
72EDSUXD,2025.8.21,티셔츠,https://cloudfront.laundrygo.com/smartfactory/smartfactory_20250822034403_707200f36b194ad2bc1ccbcdc486160c.jpeg
72EDSUXD,2025.8.21,티셔츠,https://cloudfront.laundrygo.com/smartfactory/smartfactory_20250822034503_4ac1cc2b1aed471a98c2892eb0c40578.jpeg
907MFCA9,2025.8.21,티셔츠,https://cloudfront.laundrygo.com/smartfactory/smartfactory_20250822082608_50ebf03e051a491f87db2345474bf86e.jpeg
ET8D4PJN,2025.8.21,티셔츠,https://cloudfront.laundrygo.com/smartfactory/smartfactory_20250822022902_3b89ce64390c48e4b7a9c42b7e048b53.jpeg
GSHKANZM,2025.8.22,티셔츠,https://cloudfront.laundrygo.com/smartfactory/smartfactory_20250823014401_ff94d07387634207ac3195b54748e9d5.jpeg
EL2TR2R9,2025.8.22,티셔츠,https://cloudfront.laundrygo.com/smartfactory/smartfactory_20250823052605_902c614a9467462285a40bb959ef32c7.jpeg
EL2TR2R9,2025.8.22,티셔츠,https://cloudfront.laundrygo.com/smartfactory/smartfactory_20250823081408_84e83da9a0db49099dc6018ad1280102.jpeg
EL2TR2R9,2025.8.22,티셔츠,https://cloudfront.laundrygo.com/smartfactory/smartfactory_20250823081408_59d79f16ac4343f9a4489acb51589e88.jpeg
EL2TR2R9,2025.8.22,티셔츠,https://cloudfront.laundrygo.com/smartfactory/smartfactory_20250823081508_573f38c78d904c818028c80decf57c3c.jpeg
EL2TR2R9,2025.8.22,티셔츠,https://cloudfront.laundrygo.com/smartfactory/smartfactory_20250823081508_704a791d9a81407b9e5f021fe4b572fa.jpeg
5PJTZX7B,2025.8.22,티셔츠,https://cloudfront.laundrygo.com/smartfactory/smartfactory_20250823002800_86a1afd8791848049ebe6c750c4bd885.jpeg
5PJTZX7B,2025.8.22,티셔츠,https://cloudfront.laundrygo.com/smartfactory/smartfactory_20250823003000_4a6bd264de674fb49aaac885e082f277.jpeg
5PJTZX7B,2025.8.22,티셔츠,https://cloudfront.laundrygo.com/smartfactory/smartfactory_20250823083408_3a055b7b10c14a5784de2de00e6ddce6.jpeg
5PJTZX7B,2025.8.22,티셔츠,https://cloudfront.laundrygo.com/smartfactory/smartfactory_20250823083408_d76b1143d3da4709b3b2c13f8ba0ae3a.jpeg
5PJTZX7B,2025.8.22,티셔츠,https://cloudfront.laundrygo.com/smartfactory/smartfactory_20250823003100_b0ede71668c147afa94d80b073beb96e.jpeg
9SL1YYE4,2025.8.22,티셔츠,https://cloudfront.laundrygo.com/smartfactory/smartfactory_20250823054705_6e9fe36c7de544c992c1a2673d4b5117.jpeg
9SL1YYE4,2025.8.22,티셔츠,https://cloudfront.laundrygo.com/smartfactory/smartfactory_20250823054905_631b4a3c18dd41d1abff98021e93ec3f.jpeg
35IPG2VA,2025.8.22,티셔츠,https://cloudfront.laundrygo.com/smartfactory/smartfactory_20250823000800_5c9258399f5e414e98fa494ab9f63619.jpeg
35IPG2VA,2025.8.22,티셔츠,https://cloudfront.laundrygo.com/smartfactory/smartfactory_20250823081208_7807299a75c64e779b30152a2a860354.jpeg
35IPG2VA,2025.8.22,티셔츠,https://cloudfront.laundrygo.com/smartfactory/smartfactory_20250823081308_9b2ca527c7f74bfcb4fb27a9d4dcc78c.jpeg
35IPG2VA,2025.8.22,티셔츠,https://cloudfront.laundrygo.com/smartfactory/smartfactory_20250823081308_de2df9864d8149b8b0db0921724d659f.jpeg
SSVQUE6Q,2025.8.22,티셔츠,https://cloudfront.laundrygo.com/smartfactory/smartfactory_20250823081908_ebdebb67c8584358ae6fb2f4f6391418.jpeg
SSVQUE6Q,2025.8.22,티셔츠,https://cloudfront.laundrygo.com/smartfactory/smartfactory_20250823081908_a792b760aed64b538b93f468b30087ac.jpeg
JIXFZF5Y,2025.8.22,티셔츠,https://cloudfront.laundrygo.com/smartfactory/smartfactory_20250823050005_2d11c627e65f47d682bac38f14d1931f.jpeg
JIXFZF5Y,2025.8.22,티셔츠,https://cloudfront.laundrygo.com/smartfactory/smartfactory_20250823050105_f82f10348fd7445c865ed66fe6cfe53b.jpeg
JIXFZF5Y,2025.8.22,티셔츠,https://cloudfront.laundrygo.com/smartfactory/smartfactory_20250823050105_3c9f9996119846779c41d5dbf591d155.jpeg
6GS9JIYM,2025.8.22,티셔츠,https://cloudfront.laundrygo.com/smartfactory/smartfactory_20250823180518_156991088c684b72880362f955996dd0.jpeg
845ETACN,2025.8.22,티셔츠,https://cloudfront.laundrygo.com/smartfactory/smartfactory_20250823074807_93defe4c41b14aaa8c99c3b0eba42c01.jpeg
845ETACN,2025.8.22,티셔츠,https://cloudfront.laundrygo.com/smartfactory/smartfactory_20250823074907_9b3832661b8e4b06b0f3f88631f0bbf9.jpeg
YZZ7MWRL,2025.8.23,티셔츠,https://cloudfront.laundrygo.com/smartfactory/smartfactory_20250824085708_39754519753e42f7b6e5eaad808af2fa.jpeg
MVTHZ2WK,2025.8.23,티셔츠,https://cloudfront.laundrygo.com/smartfactory/smartfactory_20250824003300_e4c5d0464b6740fd97f6d8212905cb4c.jpeg
XBOM2WLP,2025.8.23,티셔츠,https://cloudfront.laundrygo.com/smartfactory/smartfactory_20250824054605_c6339fbc52494020899e040d5ad7f1fb.jpeg
XBOM2WLP,2025.8.23,티셔츠,https://cloudfront.laundrygo.com/smartfactory/smartfactory_20250824054605_9f2f52070aa54f2b8c78bdd4e5cd364e.jpeg
XBOM2WLP,2025.8.23,티셔츠,https://cloudfront.laundrygo.com/smartfactory/smartfactory_20250824054605_7155f1fa32c24f6fb75f8ab9fde6b814.jpeg
XBOM2WLP,2025.8.23,티셔츠,https://cloudfront.laundrygo.com/smartfactory/smartfactory_20250824054705_39bc6361686144599abc3fa7992a3e4b.jpeg
JY6ZWQZL,2025.8.23,티셔츠,https://cloudfront.laundrygo.com/smartfactory/smartfactory_20250824012601_4d50572f3c294cc3affa4dff7e5428f6.jpeg
JY6ZWQZL,2025.8.23,티셔츠,https://cloudfront.laundrygo.com/smartfactory/smartfactory_20250824012601_98cdc5cdf1fd4eb3b9fd14f2e395e426.jpeg
JY6ZWQZL,2025.8.23,티셔츠,https://cloudfront.laundrygo.com/smartfactory/smartfactory_20250824012701_ed8a10cfc13e47019d27ccc360578919.jpeg
JY6ZWQZL,2025.8.23,티셔츠,https://cloudfront.laundrygo.com/smartfactory/smartfactory_20250824012701_8586f07e045b436f8f770610fe3aa110.jpeg
V7HCX6D0,2025.8.23,티셔츠,https://cloudfront.laundrygo.com/smartfactory/smartfactory_20250824010501_1d76daf4510c4547858075f10ef4cb73.jpeg
V7HCX6D0,2025.8.23,티셔츠,https://cloudfront.laundrygo.com/smartfactory/smartfactory_20250824010601_5a18fdbea3494803b66a09c9f5ff6c81.jpeg
XMLHFOZQ,2025.8.23,티셔츠,https://cloudfront.laundrygo.com/smartfactory/smartfactory_20250824082208_50985d7970474d94a6683aea87b9edca.jpeg
J8EKVUY9,2025.8.24,티셔츠,https://cloudfront.laundrygo.com/smartfactory/smartfactory_20250825055005_a8a548f4b6f0458fbd0d103073d958b2.jpeg
UQAF7PCB,2025.8.24,티셔츠,https://cloudfront.laundrygo.com/smartfactory/smartfactory_20250825052605_c84b9aa33b1f4d29964fbdc983cca1fe.jpeg
UQAF7PCB,2025.8.24,티셔츠,https://cloudfront.laundrygo.com/smartfactory/smartfactory_20250825052705_b260078d41f84b279e2c85c4f0ff7bdf.jpeg
UQAF7PCB,2025.8.24,티셔츠,https://cloudfront.laundrygo.com/smartfactory/smartfactory_20250825053205_8a31060fd96d44e1b0c5a24ce27c6f56.jpeg
Q2O88T5H,2025.8.24,티셔츠,https://cloudfront.laundrygo.com/smartfactory/smartfactory_20250825065806_052a962168404008b052161838b352e2.jpeg
Q2O88T5H,2025.8.24,티셔츠,https://cloudfront.laundrygo.com/smartfactory/smartfactory_20250825065806_334933c097c54b32880efd956334d2ad.jpeg
Q2O88T5H,2025.8.24,티셔츠,https://cloudfront.laundrygo.com/smartfactory/smartfactory_20250825065906_d509dd59f21c4f0bab4044ea15f3c3e6.jpeg
JC1PB4D0,2025.8.24,티셔츠,https://cloudfront.laundrygo.com/smartfactory/smartfactory_20250825102710_0127934b866341158aded0ba4bc87aad.jpeg
GVWBKFEI,2025.8.24,티셔츠,https://cloudfront.laundrygo.com/smartfactory/smartfactory_20250825094409_c51b39dda7724673a27d2b5c1af74111.jpeg
845ETACN,2025.8.24,티셔츠,https://cloudfront.laundrygo.com/smartfactory/smartfactory_20250826072507_e7acba3c768844b38e0a8d4c16f096be.jpeg
845ETACN,2025.8.24,티셔츠,https://cloudfront.laundrygo.com/smartfactory/smartfactory_20250826072507_445dc1f793f64ab18fa125a8fbf99735.jpeg
6FTJ6NJJ,2025.8.25,티셔츠,https://cloudfront.laundrygo.com/smartfactory/smartfactory_20250826045504_1cf5fcf6e1b548eba9f970d60441b682.jpeg
6FTJ6NJJ,2025.8.25,티셔츠,https://cloudfront.laundrygo.com/smartfactory/smartfactory_20250826045604_f43a9bae48734a6781291ee0d97483a5.jpeg
86BNR2K3,2025.8.25,티셔츠,https://cloudfront.laundrygo.com/smartfactory/smartfactory_20250826043804_63adc2d7fb584507a4d0495f931d61e8.jpeg
86BNR2K3,2025.8.25,티셔츠,https://cloudfront.laundrygo.com/smartfactory/smartfactory_20250826043904_55e0dde1b99f463e807a1111fd233295.jpeg
XHH0DT03,2025.8.25,티셔츠,https://cloudfront.laundrygo.com/smartfactory/smartfactory_20250826042004_cc521af76a704c3582e45f04d703e7e6.jpeg
K4H90WNS,2025.8.25,티셔츠,https://cloudfront.laundrygo.com/smartfactory/smartfactory_20250826052105_bb5fcd09170442e0a6f3605fdcb58422.jpeg
K4H90WNS,2025.8.25,티셔츠,https://cloudfront.laundrygo.com/smartfactory/smartfactory_20250826052105_05b33404bea5402f91041cc13d0c9c43.jpeg
25RM4V07,2025.8.25,티셔츠,https://cloudfront.laundrygo.com/smartfactory/smartfactory_20250826011901_ac65e9d4a8c44d2ead4cf846f7630cd5.jpeg
25RM4V07,2025.8.25,티셔츠,https://cloudfront.laundrygo.com/smartfactory/smartfactory_20250826011901_859d1e745c804c76ba239d5d8289e14e.jpeg
XMLHFOZQ,2025.8.25,티셔츠,https://cloudfront.laundrygo.com/smartfactory/smartfactory_20250826071507_6ba8874c13bb49448b80e3ef1ffcd278.jpeg
HALU889P,2025.8.26,티셔츠,https://cloudfront.laundrygo.com/smartfactory/smartfactory_20250827035703_fd08ed01e24b4206a4f9f8021d68630c.jpeg
HALU889P,2025.8.26,티셔츠,https://cloudfront.laundrygo.com/smartfactory/smartfactory_20250827035803_533369b632804ea99c8669aa96623beb.jpeg
HALU889P,2025.8.26,티셔츠,https://cloudfront.laundrygo.com/smartfactory/smartfactory_20250827035903_5a34f96986cc44128ea47125bf1cc777.jpeg
HALU889P,2025.8.26,티셔츠,https://cloudfront.laundrygo.com/smartfactory/smartfactory_20250827035903_c2865548617a46a883c9972b495914db.jpeg
7HDMDDBX,2025.8.26,티셔츠,https://cloudfront.laundrygo.com/smartfactory/smartfactory_20250827034903_78337c97b35b4f68ad4790170ba81908.jpeg
7HDMDDBX,2025.8.26,티셔츠,https://cloudfront.laundrygo.com/smartfactory/smartfactory_20250827035003_470117cf64cd4f9bb3c9208fe453b479.jpeg
7HDMDDBX,2025.8.26,티셔츠,https://cloudfront.laundrygo.com/smartfactory/smartfactory_20250827035003_dd02308228894f0fb4eb6a57d3a8e2ca.jpeg
7HDMDDBX,2025.8.26,티셔츠,https://cloudfront.laundrygo.com/smartfactory/smartfactory_20250827035003_3ffbe6b57bfc48b19730609ffdfe97f8.jpeg
7HDMDDBX,2025.8.26,티셔츠,https://cloudfront.laundrygo.com/smartfactory/smartfactory_20250827035103_39523a6dadcf41a8a4801aba5451b3b4.jpeg
7HDMDDBX,2025.8.26,티셔츠,https://cloudfront.laundrygo.com/smartfactory/smartfactory_20250827035203_9566390e5efa41cf8e0deb903c94bfd4.jpeg
7HDMDDBX,2025.8.26,티셔츠,https://cloudfront.laundrygo.com/smartfactory/smartfactory_20250827035203_57ba1ccbbc1c4cd89c00b6fe5988e544.jpeg
7HDMDDBX,2025.8.26,티셔츠,https://cloudfront.laundrygo.com/smartfactory/smartfactory_20250827035303_65329f51df7e4da79be0fd9482def2d7.jpeg
7HDMDDBX,2025.8.26,티셔츠,https://cloudfront.laundrygo.com/smartfactory/smartfactory_20250827035303_d9432c7a96ab45b689f12303a09b1774.jpeg
7HDMDDBX,2025.8.26,티셔츠,https://cloudfront.laundrygo.com/smartfactory/smartfactory_20250827035403_3a08dec9470d48d09a503988ba8fc80a.jpeg
7HDMDDBX,2025.8.26,티셔츠,https://cloudfront.laundrygo.com/smartfactory/smartfactory_20250827035403_1873287718d94c7892cc24e06fdc435c.jpeg
2Y5DSM48,2025.8.26,티셔츠,https://cloudfront.laundrygo.com/smartfactory/smartfactory_20250827032803_829a3ed1aecc49d0a82ead84329b76d0.jpeg
V9GQSYD8,2025.8.26,티셔츠,https://cloudfront.laundrygo.com/smartfactory/smartfactory_20250827010301_6591b045a9df4d45b0a835bb02dc19c7.jpeg
V9GQSYD8,2025.8.26,티셔츠,https://cloudfront.laundrygo.com/smartfactory/smartfactory_20250827010401_ab074234346642d0b26341fe4c294e47.jpeg
OJ7AR6QZ,2025.8.26,티셔츠,https://cloudfront.laundrygo.com/smartfactory/smartfactory_20250827105910_7661e9c4fc1f4d82b6114ad6cf0a6bcc.jpeg
45WXISEL,2025.8.26,티셔츠,https://cloudfront.laundrygo.com/smartfactory/smartfactory_20250827092809_79a6c0144a3f48b1ab361c9e9b9af5d4.jpeg
IXRRIYAJ,2025.8.26,티셔츠,https://cloudfront.laundrygo.com/smartfactory/smartfactory_20250827085808_62fe8f040cae4f568d0643f7c862dd4b.jpeg
IXRRIYAJ,2025.8.26,티셔츠,https://cloudfront.laundrygo.com/smartfactory/smartfactory_20250827090409_39f996fd7bcc428ca73e4bbd350224d3.jpeg
IXRRIYAJ,2025.8.26,티셔츠,https://cloudfront.laundrygo.com/smartfactory/smartfactory_20250827090709_492e998327e44aef8825a80945ead433.jpeg
IXRRIYAJ,2025.8.26,티셔츠,https://cloudfront.laundrygo.com/smartfactory/smartfactory_20250827090909_7cb44318db894517a0f65f5e90c580c8.jpeg
SLKT5QUA,2025.8.27,티셔츠,https://cloudfront.laundrygo.com/smartfactory/smartfactory_20250829131613_7f9115ceef984ab4b6623e03d3375b80.jpeg
SLKT5QUA,2025.8.27,티셔츠,https://cloudfront.laundrygo.com/smartfactory/smartfactory_20250829131613_faee8b6e9e9e465f852137b491b97688.jpeg
QV78M8P9,2025.8.27,티셔츠,https://cloudfront.laundrygo.com/smartfactory/smartfactory_20250828022902_2a51dbc2169c44a29b26a75f968d890d.jpeg
72EDSUXD,2025.8.27,티셔츠,https://cloudfront.laundrygo.com/smartfactory/smartfactory_20250828073207_2494c812e2214562a0fb596e5507dba3.jpeg
72EDSUXD,2025.8.27,티셔츠,https://cloudfront.laundrygo.com/smartfactory/smartfactory_20250828073707_2d8e3745623f43daa56acdc9c299a804.jpeg
907MFCA9,2025.8.27,티셔츠,https://cloudfront.laundrygo.com/smartfactory/smartfactory_20250828093109_8dd918b4c96b4d019a73e779fd1ee10a.jpeg
ET8D4PJN,2025.8.27,티셔츠,https://cloudfront.laundrygo.com/smartfactory/smartfactory_20250828074207_2871a04b96ba41debc5b313dbd48214a.jpeg
RAOZJLUL,2025.8.27,티셔츠,https://cloudfront.laundrygo.com/smartfactory/smartfactory_20250828023902_f05b90b98ad84823ba04ec8d18da3dee.jpeg
RAOZJLUL,2025.8.27,티셔츠,https://cloudfront.laundrygo.com/smartfactory/smartfactory_20250828023902_641e7146719b4a2a9e1336aec2bed75a.jpeg
RAOZJLUL,2025.8.27,티셔츠,https://cloudfront.laundrygo.com/smartfactory/smartfactory_20250828023902_9a3cd2773b52438199b87f27daf87570.jpeg
RAOZJLUL,2025.8.27,티셔츠,https://cloudfront.laundrygo.com/smartfactory/smartfactory_20250828024002_f44850d212684392a5e61e912e60afa4.jpeg
GK9XEPAK,2025.8.27,티셔츠,https://cloudfront.laundrygo.com/smartfactory/smartfactory_20250828055605_3dee826965de4389b7806918e8dbb732.jpeg
GK9XEPAK,2025.8.27,티셔츠,https://cloudfront.laundrygo.com/smartfactory/smartfactory_20250828055705_478e54e180d34a55bea5313d30dac694.jpeg
SSVQUE6Q,2025.8.28,티셔츠,https://cloudfront.laundrygo.com/smartfactory/smartfactory_20250829064706_a3187c332b85420a8d98c7f6c8f3d9b9.jpeg
SSVQUE6Q,2025.8.28,티셔츠,https://cloudfront.laundrygo.com/smartfactory/smartfactory_20250829064806_bb611d9b0f924822b47bba5068178d2a.jpeg
SSVQUE6Q,2025.8.28,티셔츠,https://cloudfront.laundrygo.com/smartfactory/smartfactory_20250829064806_52a45d530cf643bb8b03b2a36044fb89.jpeg
SSVQUE6Q,2025.8.28,티셔츠,https://cloudfront.laundrygo.com/smartfactory/smartfactory_20250829064806_de8d8ea19b6544098ff55305ae85522b.jpeg
SSVQUE6Q,2025.8.28,티셔츠,https://cloudfront.laundrygo.com/smartfactory/smartfactory_20250829064806_200276b3fa6c43c7892c8f794b6ea853.jpeg
SSVQUE6Q,2025.8.28,티셔츠,https://cloudfront.laundrygo.com/smartfactory/smartfactory_20250829064906_bdada3001d974954aed37655cf7420fa.jpeg
SSVQUE6Q,2025.8.28,티셔츠,https://cloudfront.laundrygo.com/smartfactory/smartfactory_20250829064906_d7b9e459d0ca432bbb37b70711c2eb62.jpeg
SSVQUE6Q,2025.8.28,티셔츠,https://cloudfront.laundrygo.com/smartfactory/smartfactory_20250829064906_e18f914e613645b89aa33d30aeebc798.jpeg
V7HCX6D0,2025.8.28,티셔츠,https://cloudfront.laundrygo.com/smartfactory/smartfactory_20250829063806_a838a46237a84c8195ea769bcc0ef145.jpeg
U2DTD8RO,2025.8.28,티셔츠,https://cloudfront.laundrygo.com/smartfactory/smartfactory_20250829101210_8273459432fa4e8eb95389cdb8fcd8fb.jpeg
LUUGZBF5,2025.8.29,티셔츠,https://cloudfront.laundrygo.com/smartfactory/smartfactory_20250830002400_789e6d03e6c14bb8aca8150e66889ea1.jpeg
LUUGZBF5,2025.8.29,티셔츠,https://cloudfront.laundrygo.com/smartfactory/smartfactory_20250830002800_a077e1b108584493844a3337e0b5d256.jpeg
7HDMDDBX,2025.8.29,티셔츠,https://cloudfront.laundrygo.com/smartfactory/smartfactory_20250830062006_a5268cc97aa64deba6432778c250e86a.jpeg
7HDMDDBX,2025.8.29,티셔츠,https://cloudfront.laundrygo.com/smartfactory/smartfactory_20250830062006_4b21b51eb3ca423391cdced9080e40ec.jpeg
7HDMDDBX,2025.8.29,티셔츠,https://cloudfront.laundrygo.com/smartfactory/smartfactory_20250830062106_5a65f506f1604e62aa8006a9ab373213.jpeg
6FTJ6NJJ,2025.8.29,티셔츠,https://cloudfront.laundrygo.com/smartfactory/smartfactory_20250830035203_fd72d03ade2346f3aed5a6f1caaa2885.jpeg
2Y5DSM48,2025.8.29,티셔츠,https://cloudfront.laundrygo.com/smartfactory/smartfactory_20250830073107_0b5b0ade3af4479da3508181c362bf34.jpeg
2Y5DSM48,2025.8.29,티셔츠,https://cloudfront.laundrygo.com/smartfactory/smartfactory_20250830073107_8d9deb8004c740b99888058581c14506.jpeg
2Y5DSM48,2025.8.29,티셔츠,https://cloudfront.laundrygo.com/smartfactory/smartfactory_20250830073307_5130baf6432744ee890eaf3d2d5a2a9e.jpeg
FPP9YBNG,2025.8.29,티셔츠,https://cloudfront.laundrygo.com/smartfactory/smartfactory_20250830085208_534188bd3bc445728784ef6e2860f5c9.jpeg
86BNR2K3,2025.8.29,티셔츠,https://cloudfront.laundrygo.com/smartfactory/smartfactory_20250830043004_af596c8985f94d92a5b100a5070525f2.jpeg
86BNR2K3,2025.8.29,티셔츠,https://cloudfront.laundrygo.com/smartfactory/smartfactory_20250830043004_3e31c7526274441e99f6d20526ada3e3.jpeg
86BNR2K3,2025.8.29,티셔츠,https://cloudfront.laundrygo.com/smartfactory/smartfactory_20250830043104_01e05be9309c48a4be4ab885a188f9fb.jpeg
2R0JSXFA,2025.8.29,티셔츠,https://cloudfront.laundrygo.com/smartfactory/smartfactory_20250830051505_634e6d3304194ea9bc68235bb465d2d2.jpeg
JIXFZF5Y,2025.8.29,티셔츠,https://cloudfront.laundrygo.com/smartfactory/smartfactory_20250830054705_029324b9f8624033a68c8a2563b524f3.jpeg
JIXFZF5Y,2025.8.29,티셔츠,https://cloudfront.laundrygo.com/smartfactory/smartfactory_20250830054805_d3b445aa08cc4145ba48eb9c991dc55f.jpeg
JIXFZF5Y,2025.8.29,티셔츠,https://cloudfront.laundrygo.com/smartfactory/smartfactory_20250830054805_e17a2e0b0b924640afd949cced1fdd71.jpeg
Y2T4QE83,2025.8.29,티셔츠,https://cloudfront.laundrygo.com/smartfactory/smartfactory_20250830095809_e7b0be20340b437788bba9d6238836b3.jpeg
YZZ7MWRL,2025.8.30,티셔츠,https://cloudfront.laundrygo.com/smartfactory/smartfactory_20250831082308_7891d66bf2364357812aa6370201d3dd.jpeg
AZD3BJMZ,2025.8.30,티셔츠,https://cloudfront.laundrygo.com/smartfactory/smartfactory_20250831060706_029b670f793a4bdb8ccc4604c88ffacc.jpeg
AZD3BJMZ,2025.8.30,티셔츠,https://cloudfront.laundrygo.com/smartfactory/smartfactory_20250831060806_bec2e1be9e3f4101b7825e67fd3fa71c.jpeg
AZD3BJMZ,2025.8.30,티셔츠,https://cloudfront.laundrygo.com/smartfactory/smartfactory_20250831060906_3528cf1ce54342988aa1c1eacb3b4167.jpeg
RNBX7YSD,2025.8.30,티셔츠,https://cloudfront.laundrygo.com/smartfactory/smartfactory_20250831055005_90461e653c38458ebd088e32a7e7770e.jpeg
T8E6FEJW,2025.8.30,티셔츠,https://cloudfront.laundrygo.com/smartfactory/smartfactory_20250831033303_97157a9431ae4efcb4e5d556a22d11fd.jpeg
T8E6FEJW,2025.8.30,티셔츠,https://cloudfront.laundrygo.com/smartfactory/smartfactory_20250831033403_1b91555ee31e47a0bdc2ff5514ed12c1.jpeg
T8E6FEJW,2025.8.30,티셔츠,https://cloudfront.laundrygo.com/smartfactory/smartfactory_20250831033403_e039f678f580466a8025a539db7d1573.jpeg
T8E6FEJW,2025.8.30,티셔츠,https://cloudfront.laundrygo.com/smartfactory/smartfactory_20250831033503_84596fde321141acb832fda0684dfae6.jpeg
T8E6FEJW,2025.8.30,티셔츠,https://cloudfront.laundrygo.com/smartfactory/smartfactory_20250831033603_01c1e223026741818a244275a1f6c466.jpeg
T8E6FEJW,2025.8.30,티셔츠,https://cloudfront.laundrygo.com/smartfactory/smartfactory_20250831033703_38730513520149beaee23809c5071377.jpeg
T8E6FEJW,2025.8.30,티셔츠,https://cloudfront.laundrygo.com/smartfactory/smartfactory_20250831033703_2d83546ed62941fa843df1662e405a0a.jpeg
T8E6FEJW,2025.8.30,티셔츠,https://cloudfront.laundrygo.com/smartfactory/smartfactory_20250831033803_f29806cab8e445f7a7acf6a869f359b4.jpeg
XHH0DT03,2025.8.30,티셔츠,https://cloudfront.laundrygo.com/smartfactory/smartfactory_20250831052205_2b520c40cabb4bf1a288725d850e3634.jpeg
35IPG2VA,2025.8.30,티셔츠,https://cloudfront.laundrygo.com/smartfactory/smartfactory_20250831083108_34d44c3d25134207a1a6e5b7bb58f762.jpeg
35IPG2VA,2025.8.30,티셔츠,https://cloudfront.laundrygo.com/smartfactory/smartfactory_20250831083208_8ba633f414e14b228fa23b5e3b0cbbcb.jpeg
K4H90WNS,2025.8.30,티셔츠,https://cloudfront.laundrygo.com/smartfactory/smartfactory_20250831001700_dcb49c98b3074f23b8713bdd22d4159f.jpeg
XBOM2WLP,2025.8.30,티셔츠,https://cloudfront.laundrygo.com/smartfactory/smartfactory_20250831064106_b1910a237dd649e19b4fbfa3fffedeb0.jpeg
XBOM2WLP,2025.8.30,티셔츠,https://cloudfront.laundrygo.com/smartfactory/smartfactory_20250831064106_e6fb614010f24b05be77919f62d94c80.jpeg
XBOM2WLP,2025.8.30,티셔츠,https://cloudfront.laundrygo.com/smartfactory/smartfactory_20250831064106_64966780ec6540f29b8f87f92969fd00.jpeg
JY6ZWQZL,2025.8.30,티셔츠,https://cloudfront.laundrygo.com/smartfactory/smartfactory_20250831013501_d38d4b15a09b477cb2dc892345b91b67.jpeg
JC1PB4D0,2025.8.30,티셔츠,https://cloudfront.laundrygo.com/smartfactory/smartfactory_20250831061106_15ef223c77ad45819aa17dbe1b3edc67.jpeg
86BNR2K3,2025.8.31,티셔츠,https://cloudfront.laundrygo.com/smartfactory/smartfactory_20250901002600_0e48d5662258459b90ee703569143afa.jpeg
86BNR2K3,2025.8.31,티셔츠,https://cloudfront.laundrygo.com/smartfactory/smartfactory_20250901002600_13b5143c014140ffad923d05092fccd5.jpeg
OJ7AR6QZ,2025.8.31,티셔츠,https://cloudfront.laundrygo.com/smartfactory/smartfactory_20250901104110_7225440932e14b4da7efb494165452d4.jpeg
OJ7AR6QZ,2025.8.31,티셔츠,https://cloudfront.laundrygo.com/smartfactory/smartfactory_20250901104210_9efed1d3e54346d19c6112f56b1ae0e5.jpeg
45WXISEL,2025.8.31,티셔츠,https://cloudfront.laundrygo.com/smartfactory/smartfactory_20250901085508_6fda591a2d9049bfb77a538c15934705.jpeg
45WXISEL,2025.8.31,티셔츠,https://cloudfront.laundrygo.com/smartfactory/smartfactory_20250901090009_4c5cee808fde40f5b79926db2d90c596.jpeg
ET8D4PJN,2025.8.31,티셔츠,https://cloudfront.laundrygo.com/smartfactory/smartfactory_20250901084508_878278bff5954a96bc7602af361154dd.jpeg
25RM4V07,2025.8.31,티셔츠,https://cloudfront.laundrygo.com/smartfactory/smartfactory_20250901021602_cf260f2383864050ad3eddb9a1bea8a2.jpeg
25RM4V07,2025.8.31,티셔츠,https://cloudfront.laundrygo.com/smartfactory/smartfactory_20250901021602_a845da397e9949679eaa1d8ce350c904.jpeg
XMLHFOZQ,2025.8.31,티셔츠,https://cloudfront.laundrygo.com/smartfactory/smartfactory_20250901070907_715cb00311d64775b94b306c59a382b7.jpeg
J8EKVUY9,2025.9.1,티셔츠,https://cloudfront.laundrygo.com/smartfactory/smartfactory_20250902052605_e6a1e42139d4409eb505d0882e719a7c.jpeg
J8EKVUY9,2025.9.1,티셔츠,https://cloudfront.laundrygo.com/smartfactory/smartfactory_20250902052605_2eed389ac83e4a12a9a280a243d8c3a7.jpeg
J8EKVUY9,2025.9.1,티셔츠,https://cloudfront.laundrygo.com/smartfactory/smartfactory_20250902052705_8f014da0b88c4718ae2f6210cb6d48f2.jpeg
J8EKVUY9,2025.9.1,티셔츠,https://cloudfront.laundrygo.com/smartfactory/smartfactory_20250902052705_8e43e6a98570416cbdfdda260b63f112.jpeg
J8EKVUY9,2025.9.1,티셔츠,https://cloudfront.laundrygo.com/smartfactory/smartfactory_20250902052805_571719dd703a4aa882880dfea2b8601f.jpeg
5PJTZX7B,2025.9.1,티셔츠,https://cloudfront.laundrygo.com/smartfactory/smartfactory_20250902053205_458de0a80f1b4bf79ae8310209acd594.jpeg
5PJTZX7B,2025.9.1,티셔츠,https://cloudfront.laundrygo.com/smartfactory/smartfactory_20250902091809_ee4acc2b2e3e4a28b2ba1839b579519b.jpeg
5PJTZX7B,2025.9.1,티셔츠,https://cloudfront.laundrygo.com/smartfactory/smartfactory_20250902091809_48e27e9aa15f475a920c41f0ecb05186.jpeg
5PJTZX7B,2025.9.1,티셔츠,https://cloudfront.laundrygo.com/smartfactory/smartfactory_20250902053405_3ca9fb322a2b4d5f86e58f67bc399caf.jpeg
V9GQSYD8,2025.9.1,티셔츠,https://cloudfront.laundrygo.com/smartfactory/smartfactory_20250902013501_a302c567b5e5457ebdb479bc634c2010.jpeg
V9GQSYD8,2025.9.1,티셔츠,https://cloudfront.laundrygo.com/smartfactory/smartfactory_20250902013601_f07c8f836a6c4fc6a2b686d266c7852b.jpeg
35IPG2VA,2025.9.1,티셔츠,https://cloudfront.laundrygo.com/smartfactory/smartfactory_20250902001900_96cc1091d5cb4c6ebfdd29495952172f.jpeg
3ZJHQZX1,2025.9.1,티셔츠,https://cloudfront.laundrygo.com/smartfactory/smartfactory_20250902063406_9710c036f5df463398bf857a369645ce.jpeg
MXBK9AFC,2025.9.2,티셔츠,https://cloudfront.laundrygo.com/smartfactory/smartfactory_20250903011101_ec8ae2abc5f2439ca9d732651f6f0bd7.jpeg
MXBK9AFC,2025.9.2,티셔츠,https://cloudfront.laundrygo.com/smartfactory/smartfactory_20250903011101_b3156ccf9ded4a17bc1074eec79ed5d1.jpeg
7FNBXTGJ,2025.9.2,티셔츠,https://cloudfront.laundrygo.com/smartfactory/smartfactory_20250903074207_4488a7d949054bd1b77c292391649d5c.jpeg
7FNBXTGJ,2025.9.2,티셔츠,https://cloudfront.laundrygo.com/smartfactory/smartfactory_20250903074307_bf125b415e9b43239bc2ff1a2cfbd80d.jpeg
7FNBXTGJ,2025.9.2,티셔츠,https://cloudfront.laundrygo.com/smartfactory/smartfactory_20250903074307_af7884ed947a474ea30526274de2ec92.jpeg
7FNBXTGJ,2025.9.2,티셔츠,https://cloudfront.laundrygo.com/smartfactory/smartfactory_20250903074407_766a468fb98841938355bee6bde510d4.jpeg
UQAF7PCB,2025.9.2,티셔츠,https://cloudfront.laundrygo.com/smartfactory/smartfactory_20250903033903_b41bd99792d84366b34bc6a2e1f5b566.jpeg
UQAF7PCB,2025.9.2,티셔츠,https://cloudfront.laundrygo.com/smartfactory/smartfactory_20250903033903_2b0d8de4c2114c0b88e1a361c98c7780.jpeg
Q2O88T5H,2025.9.2,티셔츠,https://cloudfront.laundrygo.com/smartfactory/smartfactory_20250903043504_4cb3349a1d784b24b7fa63237e3f9a4b.jpeg
SSVQUE6Q,2025.9.2,티셔츠,https://cloudfront.laundrygo.com/smartfactory/smartfactory_20250903045104_23f93a96a7924dd0aca7a0e31b198e8a.jpeg
SSVQUE6Q,2025.9.2,티셔츠,https://cloudfront.laundrygo.com/smartfactory/smartfactory_20250903045104_6db41191950347f89d241bb1817de078.jpeg
SSVQUE6Q,2025.9.2,티셔츠,https://cloudfront.laundrygo.com/smartfactory/smartfactory_20250903045104_0883e5cddf8149cb81be59e5b0e9afcf.jpeg
SSVQUE6Q,2025.9.2,티셔츠,https://cloudfront.laundrygo.com/smartfactory/smartfactory_20250903045204_e5b5031acacb4a89855ee541b3b2ebf5.jpeg
SSVQUE6Q,2025.9.2,티셔츠,https://cloudfront.laundrygo.com/smartfactory/smartfactory_20250903045304_57f9ccec7fba4763a6ac0525eee50d48.jpeg
SSVQUE6Q,2025.9.2,티셔츠,https://cloudfront.laundrygo.com/smartfactory/smartfactory_20250903045304_eb38e68e71fe4ddf91172969d8f58062.jpeg
XBOM2WLP,2025.9.2,티셔츠,https://cloudfront.laundrygo.com/smartfactory/smartfactory_20250903031903_a7450b8602cb4ac6be91bee94dab64c0.jpeg
XBOM2WLP,2025.9.2,티셔츠,https://cloudfront.laundrygo.com/smartfactory/smartfactory_20250903031903_387da9bdc1a44122958f795723ea00ca.jpeg
JC1PB4D0,2025.9.2,티셔츠,https://cloudfront.laundrygo.com/smartfactory/smartfactory_20250903084008_0496c599388f4ac7b9d05960bf80ab73.jpeg
NJ5SZABP,2025.9.3,티셔츠,https://cloudfront.laundrygo.com/smartfactory/smartfactory_20250904071807_ad1282a055cb4934b46b78dd46d5c2ad.jpeg
NJ5SZABP,2025.9.3,티셔츠,https://cloudfront.laundrygo.com/smartfactory/smartfactory_20250904071807_47c80d28f88a4f21b7f52a6fb73615b2.jpeg
NJ5SZABP,2025.9.3,티셔츠,https://cloudfront.laundrygo.com/smartfactory/smartfactory_20250904071907_c6741499e99b452488542fb6f4f25118.jpeg
EL2TR2R9,2025.9.3,티셔츠,https://cloudfront.laundrygo.com/smartfactory/smartfactory_20250904004400_c940adb76f384878bce634d7f213a16c.jpeg
EL2TR2R9,2025.9.3,티셔츠,https://cloudfront.laundrygo.com/smartfactory/smartfactory_20250904085208_afb4ed25cba045b8867bed7727893bd9.jpeg
EL2TR2R9,2025.9.3,티셔츠,https://cloudfront.laundrygo.com/smartfactory/smartfactory_20250904085208_5a04832b31ea4e1385a70b22c3a255ac.jpeg
HALU889P,2025.9.3,티셔츠,https://cloudfront.laundrygo.com/smartfactory/smartfactory_20250904033103_20035cd87d874956a9be630a5c4b26d7.jpeg
HALU889P,2025.9.3,티셔츠,https://cloudfront.laundrygo.com/smartfactory/smartfactory_20250904033403_624f24abd2d541e0a31a70fe738165cb.jpeg
T8E6FEJW,2025.9.3,티셔츠,https://cloudfront.laundrygo.com/smartfactory/smartfactory_20250904021302_14683a8b950743abaa61685259a134b3.jpeg
T8E6FEJW,2025.9.3,티셔츠,https://cloudfront.laundrygo.com/smartfactory/smartfactory_20250904021402_92c2d9e4938642c7a1fb85dbd992f8f5.jpeg
T8E6FEJW,2025.9.3,티셔츠,https://cloudfront.laundrygo.com/smartfactory/smartfactory_20250904021402_ecea1ac0b6794354aa58b0818cd4f279.jpeg
T8E6FEJW,2025.9.3,티셔츠,https://cloudfront.laundrygo.com/smartfactory/smartfactory_20250904021602_0cf9b417008c4d1da383bc52e948e8e3.jpeg
86BNR2K3,2025.9.3,티셔츠,https://cloudfront.laundrygo.com/smartfactory/smartfactory_20250904002200_5239e2e991c341c6b787da91fe25f88f.jpeg
72EDSUXD,2025.9.3,티셔츠,https://cloudfront.laundrygo.com/smartfactory/smartfactory_20250904050905_8a19cb0e89ad4727b8712e6d2f914f5e.jpeg
72EDSUXD,2025.9.3,티셔츠,https://cloudfront.laundrygo.com/smartfactory/smartfactory_20250904084508_71cb02f5fc8646d3a61a52f56603629d.jpeg
72EDSUXD,2025.9.3,티셔츠,https://cloudfront.laundrygo.com/smartfactory/smartfactory_20250904084508_0ecede47c7454f528df92536feadbf0d.jpeg
72EDSUXD,2025.9.3,티셔츠,https://cloudfront.laundrygo.com/smartfactory/smartfactory_20250904051005_ec7c5ba05b8a42058b739a8e536a8b63.jpeg
72EDSUXD,2025.9.3,티셔츠,https://cloudfront.laundrygo.com/smartfactory/smartfactory_20250904051105_92ac62d0a4b24e02bc83bea2baaecabe.jpeg
72EDSUXD,2025.9.3,티셔츠,https://cloudfront.laundrygo.com/smartfactory/smartfactory_20250904051105_87eaa7f4e62e42419f57eef3c161cb7c.jpeg
72EDSUXD,2025.9.3,티셔츠,https://cloudfront.laundrygo.com/smartfactory/smartfactory_20250904051205_04852350c12341acb7d5419140a05154.jpeg
W4JH9RHN,2025.9.3,티셔츠,https://cloudfront.laundrygo.com/smartfactory/smartfactory_20250904044004_ef16363a4020476c8f19f7bce4ff2eed.jpeg
W4JH9RHN,2025.9.3,티셔츠,https://cloudfront.laundrygo.com/smartfactory/smartfactory_20250904044004_101178edceca44f5bc803261bd769cef.jpeg
IXRRIYAJ,2025.9.3,티셔츠,https://cloudfront.laundrygo.com/smartfactory/smartfactory_20250904081608_8b65cc7eb4864800b9d333d8befd57a7.jpeg
IXRRIYAJ,2025.9.3,티셔츠,https://cloudfront.laundrygo.com/smartfactory/smartfactory_20250904082008_540d6892c1634355a0eee03f7058b59f.jpeg
IXRRIYAJ,2025.9.3,티셔츠,https://cloudfront.laundrygo.com/smartfactory/smartfactory_20250904082208_1e58acfe69ec4cc9a47b34c71077425f.jpeg
7HDMDDBX,2025.9.4,티셔츠,https://cloudfront.laundrygo.com/smartfactory/smartfactory_20250905063906_7ba725448ba748ea9691411022aac5ee.jpeg
7HDMDDBX,2025.9.4,티셔츠,https://cloudfront.laundrygo.com/smartfactory/smartfactory_20250905064006_80d280c90e594a628392ce1e7063640b.jpeg
7HDMDDBX,2025.9.4,티셔츠,https://cloudfront.laundrygo.com/smartfactory/smartfactory_20250905064006_f8f73935257449f290d6ec60f8eead55.jpeg
6FTJ6NJJ,2025.9.4,티셔츠,https://cloudfront.laundrygo.com/smartfactory/smartfactory_20250905111511_415b3aa8b3444522bacad7bca7ec6d75.jpeg
6FTJ6NJJ,2025.9.4,티셔츠,https://cloudfront.laundrygo.com/smartfactory/smartfactory_20250905111511_0a50eb47f8be43fe8135f529774ceca9.jpeg
IV9F6UUB,2025.9.4,티셔츠,https://cloudfront.laundrygo.com/smartfactory/smartfactory_20250905023202_ddca78968c30442595b14f73c94e48ce.jpeg
35IPG2VA,2025.9.4,티셔츠,https://cloudfront.laundrygo.com/smartfactory/smartfactory_20250905035803_973258eebedf4b28819ed75a20d6cd0e.jpeg
35IPG2VA,2025.9.4,티셔츠,https://cloudfront.laundrygo.com/smartfactory/smartfactory_20250905083608_bf5a47cfc9fb455ea4d8cbd49e779559.jpeg
35IPG2VA,2025.9.4,티셔츠,https://cloudfront.laundrygo.com/smartfactory/smartfactory_20250905083608_003e4efc33724d73bd384ff04e1d0cfe.jpeg
35IPG2VA,2025.9.4,티셔츠,https://cloudfront.laundrygo.com/smartfactory/smartfactory_20250905040004_e65599b1f6874e0d99c2636c54331db0.jpeg
X7PTBDGH,2025.9.4,티셔츠,https://cloudfront.laundrygo.com/smartfactory/smartfactory_20250905001000_6b2df68c7a8543c2a380d80ce31da4b1.jpeg
X7PTBDGH,2025.9.4,티셔츠,https://cloudfront.laundrygo.com/smartfactory/smartfactory_20250905001100_7f3d977427d14bc089bb72cab6d1cba5.jpeg
GJC2KN3Y,2025.9.5,티셔츠,https://cloudfront.laundrygo.com/smartfactory/smartfactory_20250906013101_f07d767b03ef4a179c2216b872f4fa0f.jpeg
AZD3BJMZ,2025.9.5,티셔츠,https://cloudfront.laundrygo.com/smartfactory/smartfactory_20250906134213_dfa2402419b94016bc3ed432669fd1d1.jpeg
5PJTZX7B,2025.9.5,티셔츠,https://cloudfront.laundrygo.com/smartfactory/smartfactory_20250906141014_b46a3f34740e412a9b71168b55da34ac.jpeg
5PJTZX7B,2025.9.5,티셔츠,https://cloudfront.laundrygo.com/smartfactory/smartfactory_20250906141114_a7351190652548b1b074c74eabd59f86.jpeg
5PJTZX7B,2025.9.5,티셔츠,https://cloudfront.laundrygo.com/smartfactory/smartfactory_20250906141114_9a5d2ffdeb44484ea4b755b818eefcf4.jpeg
V9GQSYD8,2025.9.5,티셔츠,https://cloudfront.laundrygo.com/smartfactory/smartfactory_20250906080408_be73eb04613c461fb28faf0563876ba8.jpeg
V9GQSYD8,2025.9.5,티셔츠,https://cloudfront.laundrygo.com/smartfactory/smartfactory_20250906080408_ce16d6be07344beda1fc5a2561d15b85.jpeg
V9GQSYD8,2025.9.5,티셔츠,https://cloudfront.laundrygo.com/smartfactory/smartfactory_20250906080508_28d8a16baa4e44bebf79d08a9849b2e1.jpeg
V9GQSYD8,2025.9.5,티셔츠,https://cloudfront.laundrygo.com/smartfactory/smartfactory_20250906080508_28810d19171f4be69a7c6a5f4dfbc734.jpeg
9SL1YYE4,2025.9.5,티셔츠,https://cloudfront.laundrygo.com/smartfactory/smartfactory_20250906051105_716bf43d8e4a4c9ea341d15ce01edd76.jpeg
9SL1YYE4,2025.9.5,티셔츠,https://cloudfront.laundrygo.com/smartfactory/smartfactory_20250906051105_f9ee635d85774877b777c376f5af8c6e.jpeg
9SL1YYE4,2025.9.5,티셔츠,https://cloudfront.laundrygo.com/smartfactory/smartfactory_20250906051205_b6bcf868ab1a4c8db136ef9ce96cd545.jpeg
K4H90WNS,2025.9.5,티셔츠,https://cloudfront.laundrygo.com/smartfactory/smartfactory_20250906004200_8818205da6b94f27b6265f21fd894595.jpeg
K4H90WNS,2025.9.5,티셔츠,https://cloudfront.laundrygo.com/smartfactory/smartfactory_20250906004300_0345befc28d849549466fc4371c2fab9.jpeg
K4H90WNS,2025.9.5,티셔츠,https://cloudfront.laundrygo.com/smartfactory/smartfactory_20250906004300_9b7b6aa1aed847179791cc89ba38b8ac.jpeg
K4H90WNS,2025.9.5,티셔츠,https://cloudfront.laundrygo.com/smartfactory/smartfactory_20250906004400_033d611dc4294606a97b1cbee27b43f5.jpeg
K4H90WNS,2025.9.5,티셔츠,https://cloudfront.laundrygo.com/smartfactory/smartfactory_20250906004500_8acf5f773a554993bdf3b299aa9f30bd.jpeg
JIXFZF5Y,2025.9.5,티셔츠,https://cloudfront.laundrygo.com/smartfactory/smartfactory_20250906050405_8ee42884b6c44d5bbcaa66182d5f4f2a.jpeg
JIXFZF5Y,2025.9.5,티셔츠,https://cloudfront.laundrygo.com/smartfactory/smartfactory_20250906050505_341911b3e88d4071b2de35bf6dc283da.jpeg
JIXFZF5Y,2025.9.5,티셔츠,https://cloudfront.laundrygo.com/smartfactory/smartfactory_20250906050505_464454a93b5b4639a573cfa596d7c365.jpeg
XBOM2WLP,2025.9.5,티셔츠,https://cloudfront.laundrygo.com/smartfactory/smartfactory_20250906041004_390d9be255d74beaa779f0aca0ef6011.jpeg
XBOM2WLP,2025.9.5,티셔츠,https://cloudfront.laundrygo.com/smartfactory/smartfactory_20250906041104_f16af070e8ea464793c51941d1315cbf.jpeg
XBOM2WLP,2025.9.5,티셔츠,https://cloudfront.laundrygo.com/smartfactory/smartfactory_20250906041104_648a87cf45334e6e8f52e2b0ce0066f9.jpeg
RAOZJLUL,2025.9.5,티셔츠,https://cloudfront.laundrygo.com/smartfactory/smartfactory_20250906015401_9523d0b5dc4d4ef39317e6653c6a86f3.jpeg
GSHKANZM,2025.9.6,티셔츠,https://cloudfront.laundrygo.com/smartfactory/smartfactory_20250907053305_227e7c5431c045b7a0653ea8f1405b08.jpeg
2R0JSXFA,2025.9.6,티셔츠,https://cloudfront.laundrygo.com/smartfactory/smartfactory_20250907032203_34fd01c7cd4646e08b48d2ecba65fd90.jpeg
2R0JSXFA,2025.9.6,티셔츠,https://cloudfront.laundrygo.com/smartfactory/smartfactory_20250907032203_cad08a6675a34085b92b623e2604a1ec.jpeg
2R0JSXFA,2025.9.6,티셔츠,https://cloudfront.laundrygo.com/smartfactory/smartfactory_20250907032303_6dc1d283e6654e80870cbf507a8571db.jpeg
BU5VJDRB,2025.9.6,티셔츠,https://cloudfront.laundrygo.com/smartfactory/smartfactory_20250907074007_90a6b351d8354a719147c4536e950b55.jpeg
BU5VJDRB,2025.9.6,티셔츠,https://cloudfront.laundrygo.com/smartfactory/smartfactory_20250907074107_93031e6b29b24302867e614ba0d78c5a.jpeg
6GS9JIYM,2025.9.6,티셔츠,https://cloudfront.laundrygo.com/smartfactory/smartfactory_20250907170517_7597ae4fa4de45bca1947514b6f35543.jpeg
XMLHFOZQ,2025.9.6,티셔츠,https://cloudfront.laundrygo.com/smartfactory/smartfactory_20250907053105_5687b48e9fbb4a29bb6bee43ef40e4ee.jpeg
XMLHFOZQ,2025.9.6,티셔츠,https://cloudfront.laundrygo.com/smartfactory/smartfactory_20250907053205_49b7df93da9143fdbdc0c224276f9609.jpeg
XMLHFOZQ,2025.9.6,티셔츠,https://cloudfront.laundrygo.com/smartfactory/smartfactory_20250907053305_0fdcc36409e648fbb281131d996171a7.jpeg
XMLHFOZQ,2025.9.6,티셔츠,https://cloudfront.laundrygo.com/smartfactory/smartfactory_20250907053305_30b6113fe329400ab4c0689afebdaecc.jpeg
XMLHFOZQ,2025.9.6,티셔츠,https://cloudfront.laundrygo.com/smartfactory/smartfactory_20250907053405_af43003bf67e4b7cafec3bb3f7028431.jpeg
XMLHFOZQ,2025.9.6,티셔츠,https://cloudfront.laundrygo.com/smartfactory/smartfactory_20250907053405_b940cb4b7d5247a3bd2a4d0def831414.jpeg
LUUGZBF5,2025.9.7,티셔츠,https://cloudfront.laundrygo.com/smartfactory/smartfactory_20250908064606_c963ad9c16544ed0bfccb7122f26af5d.jpeg
LUUGZBF5,2025.9.7,티셔츠,https://cloudfront.laundrygo.com/smartfactory/smartfactory_20250908064706_8af90d26f8944f839fb1950747c07dda.jpeg
LUUGZBF5,2025.9.7,티셔츠,https://cloudfront.laundrygo.com/smartfactory/smartfactory_20250908064706_1d1f49b8687145efa02ebd9b9798559f.jpeg
QV78M8P9,2025.9.7,티셔츠,https://cloudfront.laundrygo.com/smartfactory/smartfactory_20250908015901_8ec0a6c09ab24f32be0c2cdaef3e4fd0.jpeg
QV78M8P9,2025.9.7,티셔츠,https://cloudfront.laundrygo.com/smartfactory/smartfactory_20250908020002_207691046dd546d3bc7933c8afb60ca1.jpeg
FPP9YBNG,2025.9.7,티셔츠,https://cloudfront.laundrygo.com/smartfactory/smartfactory_20250908060906_eec3eca15ebe40b5aadeb5a59157c956.jpeg
XHH0DT03,2025.9.7,티셔츠,https://cloudfront.laundrygo.com/smartfactory/smartfactory_20250908050805_d7d41eb2cd57496a9a2bf448bc7ac394.jpeg
CF4EXSN3,2025.9.7,티셔츠,https://cloudfront.laundrygo.com/smartfactory/smartfactory_20250908060306_fbddabb60bb44903a17592cba9d85be6.jpeg
CF4EXSN3,2025.9.7,티셔츠,https://cloudfront.laundrygo.com/smartfactory/smartfactory_20250908060306_ccbc242790da4c7891b6b9795928d531.jpeg
OJ7AR6QZ,2025.9.7,티셔츠,https://cloudfront.laundrygo.com/smartfactory/smartfactory_20250908091109_c5911defabdd4b22a4512487baa6c3fa.jpeg
OJ7AR6QZ,2025.9.7,티셔츠,https://cloudfront.laundrygo.com/smartfactory/smartfactory_20250908091209_7edde9db688a43c4865def9fdea471b8.jpeg
Q2O88T5H,2025.9.7,티셔츠,https://cloudfront.laundrygo.com/smartfactory/smartfactory_20250908085508_39f1ecb92584444d92bfa7ad0b805463.jpeg
X7PTBDGH,2025.9.7,티셔츠,https://cloudfront.laundrygo.com/smartfactory/smartfactory_20250908014801_a91955e748aa41d1ba648807a18d01c1.jpeg
ET8D4PJN,2025.9.7,티셔츠,https://cloudfront.laundrygo.com/smartfactory/smartfactory_20250908085008_33296309e64245ae9fa62a61c7e47165.jpeg
ET8D4PJN,2025.9.7,티셔츠,https://cloudfront.laundrygo.com/smartfactory/smartfactory_20250908085008_ac2c4c10b40a4311979bb72f24446e72.jpeg
JY6ZWQZL,2025.9.7,티셔츠,https://cloudfront.laundrygo.com/smartfactory/smartfactory_20250908052005_c555e02358d4473e81098a1e8db7b44f.jpeg
JY6ZWQZL,2025.9.7,티셔츠,https://cloudfront.laundrygo.com/smartfactory/smartfactory_20250908052105_84ebe08b2e7349228303ed8660eb9315.jpeg
JY6ZWQZL,2025.9.7,티셔츠,https://cloudfront.laundrygo.com/smartfactory/smartfactory_20250908052105_144f8e09ac874777afc276efa71b6997.jpeg
GVWBKFEI,2025.9.7,티셔츠,https://cloudfront.laundrygo.com/smartfactory/smartfactory_20250908060606_29042d10d763419182e89b0c8cdbde8f.jpeg
HALU889P,2025.9.8,티셔츠,https://cloudfront.laundrygo.com/smartfactory/smartfactory_20250909054605_5eb9b7797d6947eda030bc78be0dd522.jpeg
HALU889P,2025.9.8,티셔츠,https://cloudfront.laundrygo.com/smartfactory/smartfactory_20250909054705_e36044a8bebc4ee4a6df7e62dc2014f8.jpeg
J8EKVUY9,2025.9.8,티셔츠,https://cloudfront.laundrygo.com/smartfactory/smartfactory_20250909034903_2215cf5665f741f8ae7a0a73bceefa63.jpeg
7HDMDDBX,2025.9.8,티셔츠,https://cloudfront.laundrygo.com/smartfactory/smartfactory_20250909154415_7ea3ea939a964837876fe2539c929374.jpeg
7HDMDDBX,2025.9.8,티셔츠,https://cloudfront.laundrygo.com/smartfactory/smartfactory_20250909154415_1c2c4f513e564497b6d5c370f29d45c3.jpeg
GVRSSYRJ,2025.9.8,티셔츠,https://cloudfront.laundrygo.com/smartfactory/smartfactory_20250909023002_dff775bc4ff94209ac5307d681b7d78e.jpeg
GVRSSYRJ,2025.9.8,티셔츠,https://cloudfront.laundrygo.com/smartfactory/smartfactory_20250909023102_9883cc361ea246aa809cf46171bdf839.jpeg
GVRSSYRJ,2025.9.8,티셔츠,https://cloudfront.laundrygo.com/smartfactory/smartfactory_20250909023202_59083a907d714aa2a9143f2aa66eaa11.jpeg
VRSYKL5V,2025.9.8,티셔츠,https://cloudfront.laundrygo.com/smartfactory/smartfactory_20250909014201_e38dae9a1a62406c9746170be2621f98.jpeg
VRSYKL5V,2025.9.8,티셔츠,https://cloudfront.laundrygo.com/smartfactory/smartfactory_20250909014301_ade5daa51aaa4fdc87b010913beea98e.jpeg
T8E6FEJW,2025.9.8,티셔츠,https://cloudfront.laundrygo.com/smartfactory/smartfactory_20250909030103_5cd49a66f39d42749c09e940c6d62fd4.jpeg
T8E6FEJW,2025.9.8,티셔츠,https://cloudfront.laundrygo.com/smartfactory/smartfactory_20250909030103_6aba5afcb0a0423ab60260356ef24ae1.jpeg
T8E6FEJW,2025.9.8,티셔츠,https://cloudfront.laundrygo.com/smartfactory/smartfactory_20250909030503_7bf28dee57e04c82984a3af2a71583f4.jpeg
86BNR2K3,2025.9.8,티셔츠,https://cloudfront.laundrygo.com/smartfactory/smartfactory_20250909053005_c182a1a1907f4da0bcb349860436df49.jpeg
907MFCA9,2025.9.8,티셔츠,https://cloudfront.laundrygo.com/smartfactory/smartfactory_20250909074607_5cfee44dd6bf478da206eeeb0b91e8c0.jpeg
907MFCA9,2025.9.8,티셔츠,https://cloudfront.laundrygo.com/smartfactory/smartfactory_20250909074707_e232e7ae473d49f6abf9474305dac851.jpeg
907MFCA9,2025.9.8,티셔츠,https://cloudfront.laundrygo.com/smartfactory/smartfactory_20250909074907_cd53964c8e334b0ab717c28c59b839c3.jpeg
W4JH9RHN,2025.9.8,티셔츠,https://cloudfront.laundrygo.com/smartfactory/smartfactory_20250909064706_38bf83990c5a40eb89f38f326bed35b9.jpeg
W4JH9RHN,2025.9.8,티셔츠,https://cloudfront.laundrygo.com/smartfactory/smartfactory_20250909064806_729c0e2a057544369ebb4a806e7d9ed2.jpeg
EL2TR2R9,2025.9.9,티셔츠,https://cloudfront.laundrygo.com/smartfactory/smartfactory_20250910001400_f080a36c86014e1f92ebc12b523ce937.jpeg
EL2TR2R9,2025.9.9,티셔츠,https://cloudfront.laundrygo.com/smartfactory/smartfactory_20250910001500_769417c437494b66973be21eaca938ba.jpeg
EL2TR2R9,2025.9.9,티셔츠,https://cloudfront.laundrygo.com/smartfactory/smartfactory_20250910082108_69c64e1abbcb48b0893d6970b845ae2e.jpeg
EL2TR2R9,2025.9.9,티셔츠,https://cloudfront.laundrygo.com/smartfactory/smartfactory_20250910082108_028da0f412cf40f5a590e2a5fb88f1d1.jpeg
SSVQUE6Q,2025.9.9,티셔츠,https://cloudfront.laundrygo.com/smartfactory/smartfactory_20250910051605_35fc2d5b36144808b80bfa6faa8b41ee.jpeg
SSVQUE6Q,2025.9.9,티셔츠,https://cloudfront.laundrygo.com/smartfactory/smartfactory_20250910051705_cec80dfc2a4c44089dc6298f12b309f7.jpeg
SSVQUE6Q,2025.9.9,티셔츠,https://cloudfront.laundrygo.com/smartfactory/smartfactory_20250910051705_c044fe977784486a9b04434cd08a7b75.jpeg
SSVQUE6Q,2025.9.9,티셔츠,https://cloudfront.laundrygo.com/smartfactory/smartfactory_20250910051805_d06ee3ade9fb4f56aa79d4c44e5b569f.jpeg
SSVQUE6Q,2025.9.9,티셔츠,https://cloudfront.laundrygo.com/smartfactory/smartfactory_20250910051805_e1cbe474b2aa43a8a96a70437eb7f41b.jpeg
XBOM2WLP,2025.9.9,티셔츠,https://cloudfront.laundrygo.com/smartfactory/smartfactory_20250910050805_563dc91012974320bf22d162369e6c02.jpeg
XBOM2WLP,2025.9.9,티셔츠,https://cloudfront.laundrygo.com/smartfactory/smartfactory_20250910050905_34999b4184334f1aad077a53f852b252.jpeg
XBOM2WLP,2025.9.9,티셔츠,https://cloudfront.laundrygo.com/smartfactory/smartfactory_20250910050905_ee78f86ef31d40a1a19802fb05979313.jpeg
XBOM2WLP,2025.9.9,티셔츠,https://cloudfront.laundrygo.com/smartfactory/smartfactory_20250910051005_05e4886444d1420591152e8241d0faa8.jpeg
25RM4V07,2025.9.9,티셔츠,https://cloudfront.laundrygo.com/smartfactory/smartfactory_20250910020202_06e563b54da246ddba0a4c8ee4606895.jpeg
JC1PB4D0,2025.9.9,티셔츠,https://cloudfront.laundrygo.com/smartfactory/smartfactory_20250910091109_52762e831f1143828c8e040df2676de4.jpeg
GVRSSYRJ,2025.9.10,티셔츠,https://cloudfront.laundrygo.com/smartfactory/smartfactory_20250911015401_b19ff655ba44478698725dcc707705df.jpeg
6FTJ6NJJ,2025.9.10,티셔츠,https://cloudfront.laundrygo.com/smartfactory/smartfactory_20250911051505_5ab3f7ac50424fb69c90b685f335b72c.jpeg
6FTJ6NJJ,2025.9.10,티셔츠,https://cloudfront.laundrygo.com/smartfactory/smartfactory_20250911051605_bcbefb731c0040e49c1bbc7785f0f30e.jpeg
6FTJ6NJJ,2025.9.10,티셔츠,https://cloudfront.laundrygo.com/smartfactory/smartfactory_20250911052105_8eac79d3ec99428c9412798cc5d6f31a.jpeg
V9GQSYD8,2025.9.10,티셔츠,https://cloudfront.laundrygo.com/smartfactory/smartfactory_20250911012201_be9190434308486a96c8b17490a8c36b.jpeg
86BNR2K3,2025.9.10,티셔츠,https://cloudfront.laundrygo.com/smartfactory/smartfactory_20250911014901_6a8cb6cbed5a4f28b29cbd8a1ebddef3.jpeg
86BNR2K3,2025.9.10,티셔츠,https://cloudfront.laundrygo.com/smartfactory/smartfactory_20250911015001_abf093c6ad1f4314a63aad49a0ed664d.jpeg
9SL1YYE4,2025.9.10,티셔츠,https://cloudfront.laundrygo.com/smartfactory/smartfactory_20250911042004_975acf55c1884a509f0662fe9eed55b1.jpeg
Q2O88T5H,2025.9.10,티셔츠,https://cloudfront.laundrygo.com/smartfactory/smartfactory_20250911042004_d47c30a09f8448fe91a5318404273e4b.jpeg
JIXFZF5Y,2025.9.10,티셔츠,https://cloudfront.laundrygo.com/smartfactory/smartfactory_20250911030803_966d4651be4443588905f240015afd86.jpeg
JIXFZF5Y,2025.9.10,티셔츠,https://cloudfront.laundrygo.com/smartfactory/smartfactory_20250911030903_8b7e6e78c26b4b65a6ca02787b09d85c.jpeg
JIXFZF5Y,2025.9.10,티셔츠,https://cloudfront.laundrygo.com/smartfactory/smartfactory_20250911030903_956aaff002cc49eab788624476f1637a.jpeg
JIXFZF5Y,2025.9.10,티셔츠,https://cloudfront.laundrygo.com/smartfactory/smartfactory_20250911030903_d032560536a744f6ba6e317fc00fca03.jpeg
IV9F6UUB,2025.9.11,티셔츠,https://cloudfront.laundrygo.com/smartfactory/smartfactory_20250912065606_3d8d5785d5f94892870fc9f22b72c9ed.jpeg
IV9F6UUB,2025.9.11,티셔츠,https://cloudfront.laundrygo.com/smartfactory/smartfactory_20250912065706_63a6814dc8474020bc651f7dfb9fdb05.jpeg
ET8D4PJN,2025.9.11,티셔츠,https://cloudfront.laundrygo.com/smartfactory/smartfactory_20250912014201_2e57ccd8a00a4086868cd8527c5c00c3.jpeg
W4JH9RHN,2025.9.11,티셔츠,https://cloudfront.laundrygo.com/smartfactory/smartfactory_20250912044404_5a798a6150df487094d4d2ca9b76b1fb.jpeg
EYW7JWTJ,2025.9.12,티셔츠,https://cloudfront.laundrygo.com/smartfactory/smartfactory_20250913054605_29b54ffff571485cbe196916ecd517a7.jpeg
5PJTZX7B,2025.9.12,티셔츠,https://cloudfront.laundrygo.com/smartfactory/smartfactory_20250913065106_a58c7db941a04968901ea6b91433dee3.jpeg
5PJTZX7B,2025.9.12,티셔츠,https://cloudfront.laundrygo.com/smartfactory/smartfactory_20250913085608_bf7e74d455d34ef3bc08015a09da06c1.jpeg
5PJTZX7B,2025.9.12,티셔츠,https://cloudfront.laundrygo.com/smartfactory/smartfactory_20250913085708_01f4843b5b1c4c10885e4e0feb8b7d01.jpeg
5PJTZX7B,2025.9.12,티셔츠,https://cloudfront.laundrygo.com/smartfactory/smartfactory_20250913065906_3fde54f3f74d49e7a2285332673be9f3.jpeg
5PJTZX7B,2025.9.12,티셔츠,https://cloudfront.laundrygo.com/smartfactory/smartfactory_20250913071107_427ed51cd56a4a04a07111dd2c024255.jpeg
UQAF7PCB,2025.9.12,티셔츠,https://cloudfront.laundrygo.com/smartfactory/smartfactory_20250913083008_551db3a4403e4dd590ae2f5810054fda.jpeg
UQAF7PCB,2025.9.12,티셔츠,https://cloudfront.laundrygo.com/smartfactory/smartfactory_20250913083108_845c933c446d4b6798fcb7bd07b1523e.jpeg
JJBXMWPT,2025.9.12,티셔츠,https://cloudfront.laundrygo.com/smartfactory/smartfactory_20250913050905_ab97b102fa2b4a6aa787e4bd36b8ad1e.jpeg
JJBXMWPT,2025.9.12,티셔츠,https://cloudfront.laundrygo.com/smartfactory/smartfactory_20250913050905_ba97ad5e3717445fb0a34ae79359101d.jpeg
OJ7AR6QZ,2025.9.12,티셔츠,https://cloudfront.laundrygo.com/smartfactory/smartfactory_20250913094009_ab75f9bbaa46424dbc33a7cf1276f334.jpeg
OJ7AR6QZ,2025.9.12,티셔츠,https://cloudfront.laundrygo.com/smartfactory/smartfactory_20250913094009_00ac9dbd2d934eb485584365f3d2e299.jpeg
IXRRIYAJ,2025.9.12,티셔츠,https://cloudfront.laundrygo.com/smartfactory/smartfactory_20250913081208_a5d7f794157c4abd8565dce7531b750d.jpeg
IXRRIYAJ,2025.9.12,티셔츠,https://cloudfront.laundrygo.com/smartfactory/smartfactory_20250913081308_37b24306edb94518a41a944ca1d5e9f0.jpeg
IXRRIYAJ,2025.9.12,티셔츠,https://cloudfront.laundrygo.com/smartfactory/smartfactory_20250913081608_836d22dfff334034b84c32628805e5f9.jpeg
IXRRIYAJ,2025.9.12,티셔츠,https://cloudfront.laundrygo.com/smartfactory/smartfactory_20250913081608_e278843d9de2470e9767e62db7556da9.jpeg
GK9XEPAK,2025.9.12,티셔츠,https://cloudfront.laundrygo.com/smartfactory/smartfactory_20250913072707_9171cd9c591547f7b0817f28cc014f37.jpeg
GK9XEPAK,2025.9.12,티셔츠,https://cloudfront.laundrygo.com/smartfactory/smartfactory_20250913072807_d4224003fc8f4a198b90023b0d03050b.jpeg
LUUGZBF5,2025.9.13,티셔츠,https://cloudfront.laundrygo.com/smartfactory/smartfactory_20250914065906_50fb6e148d0e471690c21151c405af0d.jpeg
LUUGZBF5,2025.9.13,티셔츠,https://cloudfront.laundrygo.com/smartfactory/smartfactory_20250914070107_d377f6719079433687771521698ab7e1.jpeg
GSHKANZM,2025.9.13,티셔츠,https://cloudfront.laundrygo.com/smartfactory/smartfactory_20250914061806_c17c0c7123de43d79f0bffebc291fc2e.jpeg
GSHKANZM,2025.9.13,티셔츠,https://cloudfront.laundrygo.com/smartfactory/smartfactory_20250914061906_54934e399a8c48fb80d254d2671c3898.jpeg
MXBK9AFC,2025.9.13,티셔츠,https://cloudfront.laundrygo.com/smartfactory/smartfactory_20250914005600_ed9611ff946a4149aba0f6e12505e46b.jpeg
MXBK9AFC,2025.9.13,티셔츠,https://cloudfront.laundrygo.com/smartfactory/smartfactory_20250914005700_979a9102b904492ea9e1a692f04b8680.jpeg
QV78M8P9,2025.9.13,티셔츠,https://cloudfront.laundrygo.com/smartfactory/smartfactory_20250914001600_737964662a3e4c8c9406758b22b2bb11.jpeg
QV78M8P9,2025.9.13,티셔츠,https://cloudfront.laundrygo.com/smartfactory/smartfactory_20250914001700_82685a617b22463398092bae46c5c4c5.jpeg
86BNR2K3,2025.9.13,티셔츠,https://cloudfront.laundrygo.com/smartfactory/smartfactory_20250914005700_2a439937480c443b9aca0857ce7256e4.jpeg
K4H90WNS,2025.9.13,티셔츠,https://cloudfront.laundrygo.com/smartfactory/smartfactory_20250914073607_dba1480b574141d6afc2ff3c2cfa3b31.jpeg
K4H90WNS,2025.9.13,티셔츠,https://cloudfront.laundrygo.com/smartfactory/smartfactory_20250914073707_55691285a1a341aca1fdea390885f2bd.jpeg
72EDSUXD,2025.9.13,티셔츠,https://cloudfront.laundrygo.com/smartfactory/smartfactory_20250914085008_8eee245287344030aded9f61c7e61e18.jpeg
72EDSUXD,2025.9.13,티셔츠,https://cloudfront.laundrygo.com/smartfactory/smartfactory_20250914085008_4c193e44947140c3b6b110ad6b767c6c.jpeg
72EDSUXD,2025.9.13,티셔츠,https://cloudfront.laundrygo.com/smartfactory/smartfactory_20250914085108_b3854015caa444bf87fbe9d4a217e1ce.jpeg
BU5VJDRB,2025.9.13,티셔츠,https://cloudfront.laundrygo.com/smartfactory/smartfactory_20250914063306_f70b61cb4060493385324411e4681a40.jpeg
XBOM2WLP,2025.9.13,티셔츠,https://cloudfront.laundrygo.com/smartfactory/smartfactory_20250914171717_9472993f6c4e40068d0b822e8409297c.jpeg
XBOM2WLP,2025.9.13,티셔츠,https://cloudfront.laundrygo.com/smartfactory/smartfactory_20250914171817_43ba72b6f6094d2480be1ddeb9c5ebd2.jpeg
XBOM2WLP,2025.9.13,티셔츠,https://cloudfront.laundrygo.com/smartfactory/smartfactory_20250914171817_93d2556ea626463a9b3851fd37fd4de0.jpeg
V9GQSYD8,2025.9.14,티셔츠,https://cloudfront.laundrygo.com/smartfactory/smartfactory_20250915044804_bfd7702e319b4f868efca258c8516f1f.jpeg
V9GQSYD8,2025.9.14,티셔츠,https://cloudfront.laundrygo.com/smartfactory/smartfactory_20250915044904_f88caf64b1ed4e9aadd0c94e38b2d7fd.jpeg
V9GQSYD8,2025.9.14,티셔츠,https://cloudfront.laundrygo.com/smartfactory/smartfactory_20250915044904_027b33a57a244369b6adf213dab7ed52.jpeg
T8E6FEJW,2025.9.14,티셔츠,https://cloudfront.laundrygo.com/smartfactory/smartfactory_20250915004900_a03f4d1e0eb646fba8d174be5ca74bab.jpeg
T8E6FEJW,2025.9.14,티셔츠,https://cloudfront.laundrygo.com/smartfactory/smartfactory_20250915005100_7bd17af33dc9431e963a61b19d86fe0d.jpeg
T8E6FEJW,2025.9.14,티셔츠,https://cloudfront.laundrygo.com/smartfactory/smartfactory_20250915005100_d95b78fd61be446e93f6b6429e0cb716.jpeg
T8E6FEJW,2025.9.14,티셔츠,https://cloudfront.laundrygo.com/smartfactory/smartfactory_20250915005200_4c1fd4ece70d4141a6b2579c6cb88b2b.jpeg
V7HCX6D0,2025.9.14,티셔츠,https://cloudfront.laundrygo.com/smartfactory/smartfactory_20250915073307_c77b9398a0cf4e6da83ca60a4c6ea057.jpeg
GVRSSYRJ,2025.9.15,티셔츠,https://cloudfront.laundrygo.com/smartfactory/smartfactory_20250916023402_fbf72cce99b0404b9b73a3e5dccf11b6.jpeg
VRSYKL5V,2025.9.15,티셔츠,https://cloudfront.laundrygo.com/smartfactory/smartfactory_20250916065506_aa6df1be1be24f328721c9a3ff7660ff.jpeg
907MFCA9,2025.9.15,티셔츠,https://cloudfront.laundrygo.com/smartfactory/smartfactory_20250916072007_e9428736c96747beaa638cbf857b1637.jpeg
907MFCA9,2025.9.15,티셔츠,https://cloudfront.laundrygo.com/smartfactory/smartfactory_20250916072407_a58f2e9a3ded49048c0ffb653542d30a.jpeg
JY6ZWQZL,2025.9.15,티셔츠,https://cloudfront.laundrygo.com/smartfactory/smartfactory_20250916014101_b7ecc59efb634aec964ded23c745d29c.jpeg
YTYI58HG,2025.9.15,티셔츠,https://cloudfront.laundrygo.com/smartfactory/smartfactory_20250916031603_4ee790488f784780a62a6e6c5e3aa743.jpeg
25RM4V07,2025.9.15,티셔츠,https://cloudfront.laundrygo.com/smartfactory/smartfactory_20250916034903_ff8d2ee3b8f64b03b358a825816cf58a.jpeg
25RM4V07,2025.9.15,티셔츠,https://cloudfront.laundrygo.com/smartfactory/smartfactory_20250916034903_5b0d2350b6414229b8ded20a3692aa31.jpeg
MXBK9AFC,2025.9.16,티셔츠,https://cloudfront.laundrygo.com/smartfactory/smartfactory_20250917012901_3aeccaaaa52040338e7730e093a4aa53.jpeg
MXBK9AFC,2025.9.16,티셔츠,https://cloudfront.laundrygo.com/smartfactory/smartfactory_20250917013001_ae71dd69b1eb4b7096356dc387e84adc.jpeg
EL2TR2R9,2025.9.16,티셔츠,https://cloudfront.laundrygo.com/smartfactory/smartfactory_20250917063506_4423bd7c45a14274991f2a3b66a170ff.jpeg
EL2TR2R9,2025.9.16,티셔츠,https://cloudfront.laundrygo.com/smartfactory/smartfactory_20250917082608_7a24edc459ab4fc0b9c9e38053801bc0.jpeg
EL2TR2R9,2025.9.16,티셔츠,https://cloudfront.laundrygo.com/smartfactory/smartfactory_20250917082608_629f8135370847668e91bab6206e82b2.jpeg
EL2TR2R9,2025.9.16,티셔츠,https://cloudfront.laundrygo.com/smartfactory/smartfactory_20250917063506_4023e3e245404f24ace1152dbd6c26e5.jpeg
EL2TR2R9,2025.9.16,티셔츠,https://cloudfront.laundrygo.com/smartfactory/smartfactory_20250917082508_c34825e41f864dc190427ab319b1d4a5.jpeg
EL2TR2R9,2025.9.16,티셔츠,https://cloudfront.laundrygo.com/smartfactory/smartfactory_20250917082508_ed0692f820f24f97a6cef9784e7fa71f.jpeg
EL2TR2R9,2025.9.16,티셔츠,https://cloudfront.laundrygo.com/smartfactory/smartfactory_20250917063606_c9b7e8dadac84000971ffb479fb6712f.jpeg
EL2TR2R9,2025.9.16,티셔츠,https://cloudfront.laundrygo.com/smartfactory/smartfactory_20250917082408_a5d7a2a5f8944999934eceb8d513acae.jpeg
EL2TR2R9,2025.9.16,티셔츠,https://cloudfront.laundrygo.com/smartfactory/smartfactory_20250917082408_825df06a54414dd98d14c39375560198.jpeg
EL2TR2R9,2025.9.16,티셔츠,https://cloudfront.laundrygo.com/smartfactory/smartfactory_20250917063806_4431997ec7f54c2fa5396201f4131ed1.jpeg
HALU889P,2025.9.16,티셔츠,https://cloudfront.laundrygo.com/smartfactory/smartfactory_20250917014101_c85545b7bf8d4c10ad9db2aeb5ad448a.jpeg
HALU889P,2025.9.16,티셔츠,https://cloudfront.laundrygo.com/smartfactory/smartfactory_20250917014201_50835deb8c5748eba3124feacc3d7286.jpeg
YZZ7MWRL,2025.9.16,티셔츠,https://cloudfront.laundrygo.com/smartfactory/smartfactory_20250917004500_cde6b4ff14bd43e7be589b064f182079.jpeg
86BNR2K3,2025.9.16,티셔츠,https://cloudfront.laundrygo.com/smartfactory/smartfactory_20250917003800_9cf3941cc9bd465f90b589f6bd5cd363.jpeg
86BNR2K3,2025.9.16,티셔츠,https://cloudfront.laundrygo.com/smartfactory/smartfactory_20250917003800_7a8e41c775f341cb83ff4e277355a0d5.jpeg
SSVQUE6Q,2025.9.16,티셔츠,https://cloudfront.laundrygo.com/smartfactory/smartfactory_20250917052505_7013d617a9aa49f58f3c2245b704e654.jpeg
SSVQUE6Q,2025.9.16,티셔츠,https://cloudfront.laundrygo.com/smartfactory/smartfactory_20250917052605_3eb8e2f7a4234875acb91d07bc21f90e.jpeg
SSVQUE6Q,2025.9.16,티셔츠,https://cloudfront.laundrygo.com/smartfactory/smartfactory_20250917052605_7c39b71043cc4fcc86bd6147e88fe751.jpeg
SSVQUE6Q,2025.9.16,티셔츠,https://cloudfront.laundrygo.com/smartfactory/smartfactory_20250917052705_ea6a4faaf22040679444617b28d271f6.jpeg
SSVQUE6Q,2025.9.16,티셔츠,https://cloudfront.laundrygo.com/smartfactory/smartfactory_20250917052705_d67be338aa6c40c381ba357f8bf72ce8.jpeg
SSVQUE6Q,2025.9.16,티셔츠,https://cloudfront.laundrygo.com/smartfactory/smartfactory_20250917052705_b93c66b974cc4d91b26b50a11a956deb.jpeg
SSVQUE6Q,2025.9.16,티셔츠,https://cloudfront.laundrygo.com/smartfactory/smartfactory_20250917052905_a5a6b189b8f043ccb7ff77355d65e1b3.jpeg
IXRRIYAJ,2025.9.16,티셔츠,https://cloudfront.laundrygo.com/smartfactory/smartfactory_20250917091009_9eb86e775fcf465f8ed48fa0366e5eba.jpeg
IXRRIYAJ,2025.9.16,티셔츠,https://cloudfront.laundrygo.com/smartfactory/smartfactory_20250917091009_e391a7cb286d43f4b944b14afbaa3500.jpeg
0QEZ4TF1,2025.9.16,티셔츠,https://cloudfront.laundrygo.com/smartfactory/smartfactory_20250917022602_2ecc8c30c3d1421fa268f5b8f134f4cb.jpeg
SHXBN6P7,2025.9.17,티셔츠,https://cloudfront.laundrygo.com/smartfactory/smartfactory_20250918014901_192205d4fa464804bf13928bf75e7034.jpeg
ICNKZ2VE,2025.9.17,티셔츠,https://cloudfront.laundrygo.com/smartfactory/smartfactory_20250918010101_746ff4e3bb424f0c9906fb2cb0c45f9e.jpeg
45WXISEL,2025.9.17,티셔츠,https://cloudfront.laundrygo.com/smartfactory/smartfactory_20250918082908_169fd3b9bf834c1dbf18492cd4ba348f.jpeg
45WXISEL,2025.9.17,티셔츠,https://cloudfront.laundrygo.com/smartfactory/smartfactory_20250918083008_53c04d4d78e44a2082b8a2f7dc31df50.jpeg
XBOM2WLP,2025.9.17,티셔츠,https://cloudfront.laundrygo.com/smartfactory/smartfactory_20250918015201_cb705e3ca1d24726bc48455fb0226258.jpeg
XBOM2WLP,2025.9.17,티셔츠,https://cloudfront.laundrygo.com/smartfactory/smartfactory_20250918015301_cf3ebf65e969420a8d8f7ed56e8d1c06.jpeg
XBOM2WLP,2025.9.17,티셔츠,https://cloudfront.laundrygo.com/smartfactory/smartfactory_20250918015401_4ea744424b984e659b07a388b39d7176.jpeg
25RM4V07,2025.9.17,티셔츠,https://cloudfront.laundrygo.com/smartfactory/smartfactory_20250918011701_db0a6a543e7440f09048b4ba43d2df9a.jpeg
25RM4V07,2025.9.17,티셔츠,https://cloudfront.laundrygo.com/smartfactory/smartfactory_20250918011801_cbc48da60cf0476b8da9bd05d027d54a.jpeg
JC1PB4D0,2025.9.17,티셔츠,https://cloudfront.laundrygo.com/smartfactory/smartfactory_20250918101110_689be958a66f4219be71912eb822c170.jpeg
JC1PB4D0,2025.9.17,티셔츠,https://cloudfront.laundrygo.com/smartfactory/smartfactory_20250918101410_03a2214a000b477ebf4c68e86096ebcd.jpeg
7HDMDDBX,2025.9.18,티셔츠,https://cloudfront.laundrygo.com/smartfactory/smartfactory_20250919010001_b0c9dbc08a0e4cc4bf8b17a28f431204.jpeg
7HDMDDBX,2025.9.18,티셔츠,https://cloudfront.laundrygo.com/smartfactory/smartfactory_20250919010101_6aff603d81ac470ba8fb33781ab31fca.jpeg
7HDMDDBX,2025.9.18,티셔츠,https://cloudfront.laundrygo.com/smartfactory/smartfactory_20250919010201_dec75cda197b4136aee4d5fc8f069a5c.jpeg
7HDMDDBX,2025.9.18,티셔츠,https://cloudfront.laundrygo.com/smartfactory/smartfactory_20250919010301_973db1f9a2994c91a801e5c043750ad6.jpeg
7HDMDDBX,2025.9.18,티셔츠,https://cloudfront.laundrygo.com/smartfactory/smartfactory_20250919010301_e5110d864a2a471aaca288951db0af6a.jpeg
7HDMDDBX,2025.9.18,티셔츠,https://cloudfront.laundrygo.com/smartfactory/smartfactory_20250919010801_1fcdaee297e7490997822f85a42844b5.jpeg
SHXBN6P7,2025.9.19,티셔츠,https://cloudfront.laundrygo.com/smartfactory/smartfactory_20250920003000_bf82cdba24fd4db0801f4137c30c2883.jpeg
5PJTZX7B,2025.9.19,티셔츠,https://cloudfront.laundrygo.com/smartfactory/smartfactory_20250920025102_f7c49bc915774953b95c5e89ae534466.jpeg
5PJTZX7B,2025.9.19,티셔츠,https://cloudfront.laundrygo.com/smartfactory/smartfactory_20250920025202_46901bcee145452d855a13059fba40fd.jpeg
V9GQSYD8,2025.9.19,티셔츠,https://cloudfront.laundrygo.com/smartfactory/smartfactory_20250920032003_0064226b250e4304a77fc1d6892d4e82.jpeg
K4H90WNS,2025.9.19,티셔츠,https://cloudfront.laundrygo.com/smartfactory/smartfactory_20250920000800_b74e0c32f4a3495fb7dd8b901d1d4cb7.jpeg
K4H90WNS,2025.9.19,티셔츠,https://cloudfront.laundrygo.com/smartfactory/smartfactory_20250920000900_c2f4993598b1433a91ce19c61e4e1587.jpeg
K4H90WNS,2025.9.19,티셔츠,https://cloudfront.laundrygo.com/smartfactory/smartfactory_20250920000900_879ce22a80784a1f9ca9c88b7c09589e.jpeg
K4H90WNS,2025.9.19,티셔츠,https://cloudfront.laundrygo.com/smartfactory/smartfactory_20250920001000_cd5692314e4a49808f225ea1981bee31.jpeg
72EDSUXD,2025.9.19,티셔츠,https://cloudfront.laundrygo.com/smartfactory/smartfactory_20250920073407_d2d1a6e3d3df4396b74f082cec8c9612.jpeg
72EDSUXD,2025.9.19,티셔츠,https://cloudfront.laundrygo.com/smartfactory/smartfactory_20250920073507_2904a57b55aa423c948ffb5be7f3c3fd.jpeg
72EDSUXD,2025.9.19,티셔츠,https://cloudfront.laundrygo.com/smartfactory/smartfactory_20250920073607_fbcbef1039a749a1abc3b1391d178484.jpeg
72EDSUXD,2025.9.19,티셔츠,https://cloudfront.laundrygo.com/smartfactory/smartfactory_20250920073707_732aefbf3e784cf98e5c615ec1c02587.jpeg
IXRRIYAJ,2025.9.19,티셔츠,https://cloudfront.laundrygo.com/smartfactory/smartfactory_20250920060906_0ca332bccbc84dc5bc7daa38eb77d3e3.jpeg
845ETACN,2025.9.19,티셔츠,https://cloudfront.laundrygo.com/smartfactory/smartfactory_20250920015001_6edb5e3a1e2c459d9b47119018508343.jpeg
FPP9YBNG,2025.9.20,티셔츠,https://cloudfront.laundrygo.com/smartfactory/smartfactory_20250921013101_91c9d9bfb16749e48f04601a0e179e81.jpeg
QCZ2BL2B,2025.9.20,티셔츠,https://cloudfront.laundrygo.com/smartfactory/smartfactory_20250921010801_0da38023ba464e49a21adcc7987a56b0.jpeg
BU5VJDRB,2025.9.20,티셔츠,https://cloudfront.laundrygo.com/smartfactory/smartfactory_20250921053805_de5f1bc2be4147c0abb77e156ffc5da0.jpeg
U2DTD8RO,2025.9.20,티셔츠,https://cloudfront.laundrygo.com/smartfactory/smartfactory_20250922105910_4e2b1d872a21481a8018dd2e33d6aa48.jpeg
LUUGZBF5,2025.9.21,티셔츠,https://cloudfront.laundrygo.com/smartfactory/smartfactory_20250922081808_0938aff3d8064dad91035c247932b059.jpeg
MXBK9AFC,2025.9.21,티셔츠,https://cloudfront.laundrygo.com/smartfactory/smartfactory_20250922085208_83161aa93b5c4277b94955ef3db71bb0.jpeg
MXBK9AFC,2025.9.21,티셔츠,https://cloudfront.laundrygo.com/smartfactory/smartfactory_20250922085208_1efc4ae015b1442e8bd8840c565e35af.jpeg
MXBK9AFC,2025.9.21,티셔츠,https://cloudfront.laundrygo.com/smartfactory/smartfactory_20250922085308_222f42544c414694bba1d9e25087392e.jpeg
J8EKVUY9,2025.9.21,티셔츠,https://cloudfront.laundrygo.com/smartfactory/smartfactory_20250922052505_3ca858edd0ca46839ce5e6bd65507feb.jpeg
J8EKVUY9,2025.9.21,티셔츠,https://cloudfront.laundrygo.com/smartfactory/smartfactory_20250922052705_498f550927d549f2b4fefefdb8bea3a0.jpeg
GVRSSYRJ,2025.9.21,티셔츠,https://cloudfront.laundrygo.com/smartfactory/smartfactory_20250922024802_e682ac42eb924e308b7c79880273ee36.jpeg
V9GQSYD8,2025.9.21,티셔츠,https://cloudfront.laundrygo.com/smartfactory/smartfactory_20250922025502_4239e12d62844029a20076a0ee312ad9.jpeg
T8E6FEJW,2025.9.21,티셔츠,https://cloudfront.laundrygo.com/smartfactory/smartfactory_20250922030803_d3b6138e764c4a1ca8cf76f8b5bc6be8.jpeg
T8E6FEJW,2025.9.21,티셔츠,https://cloudfront.laundrygo.com/smartfactory/smartfactory_20250922031003_10f05d7f81884253afd5a6aa0e193606.jpeg
T8E6FEJW,2025.9.21,티셔츠,https://cloudfront.laundrygo.com/smartfactory/smartfactory_20250922031103_7d50491c658b478b92f0b71dfb7ec800.jpeg
35IPG2VA,2025.9.21,티셔츠,https://cloudfront.laundrygo.com/smartfactory/smartfactory_20250922062106_63a0228ba95346d6ab03e85944d21076.jpeg
XBOM2WLP,2025.9.21,티셔츠,https://cloudfront.laundrygo.com/smartfactory/smartfactory_20250922083508_65dda36ff6fe412ab50a7101ca696c13.jpeg
JY6ZWQZL,2025.9.21,티셔츠,https://cloudfront.laundrygo.com/smartfactory/smartfactory_20250922023802_f3cd7eecb5354195971986bc270518b2.jpeg
JY6ZWQZL,2025.9.21,티셔츠,https://cloudfront.laundrygo.com/smartfactory/smartfactory_20250922023902_7a5e845e34904ebe8708bc8bc5907b45.jpeg
MODQ3GT2,2025.9.21,티셔츠,https://cloudfront.laundrygo.com/smartfactory/smartfactory_20250922024502_ae6dc257229a423ba58461e10f6a7de2.jpeg
VRSYKL5V,2025.9.22,티셔츠,https://cloudfront.laundrygo.com/smartfactory/smartfactory_20250923014901_947540a2689146c68a9bc459170b48f0.jpeg
86BNR2K3,2025.9.22,티셔츠,https://cloudfront.laundrygo.com/smartfactory/smartfactory_20250923070507_c75c66dc4d544a609f0520ac17aeee62.jpeg
86BNR2K3,2025.9.22,티셔츠,https://cloudfront.laundrygo.com/smartfactory/smartfactory_20250923070607_f5c7f9511b9248069509f43abab50590.jpeg
86BNR2K3,2025.9.22,티셔츠,https://cloudfront.laundrygo.com/smartfactory/smartfactory_20250923070607_f22689c305ac4f569676f8fe5db0e4d4.jpeg
907MFCA9,2025.9.22,티셔츠,https://cloudfront.laundrygo.com/smartfactory/smartfactory_20250923080608_c3b8ad0a598649a1a0dc1d10ded72519.jpeg
SSVQUE6Q,2025.9.22,티셔츠,https://cloudfront.laundrygo.com/smartfactory/smartfactory_20250923064606_fd066b6ac48a403e955ba76f50a699fe.jpeg
SSVQUE6Q,2025.9.22,티셔츠,https://cloudfront.laundrygo.com/smartfactory/smartfactory_20250923064706_c8f16f0a45104f8a85d0d79cc0f0042c.jpeg
SSVQUE6Q,2025.9.22,티셔츠,https://cloudfront.laundrygo.com/smartfactory/smartfactory_20250923064706_4612c3e1bb0b4bb0b67429a02f28b61d.jpeg
SSVQUE6Q,2025.9.22,티셔츠,https://cloudfront.laundrygo.com/smartfactory/smartfactory_20250923064706_eb222d84f8584f278500a64e4c16c62a.jpeg
SSVQUE6Q,2025.9.22,티셔츠,https://cloudfront.laundrygo.com/smartfactory/smartfactory_20250923064806_5c63174969974fe296c74d60bc373189.jpeg
ET8D4PJN,2025.9.22,티셔츠,https://cloudfront.laundrygo.com/smartfactory/smartfactory_20250923082908_763fed947c634bfd9e07850dbd20fd30.jpeg
ET8D4PJN,2025.9.22,티셔츠,https://cloudfront.laundrygo.com/smartfactory/smartfactory_20250923083008_c23cc5aa61fa4a238b0e925b065f1385.jpeg
VDBOLAFE,2025.9.22,티셔츠,https://cloudfront.laundrygo.com/smartfactory/smartfactory_20250924130313_1856d2c1f4174227a25ccc213a021f29.jpeg
IXRRIYAJ,2025.9.22,티셔츠,https://cloudfront.laundrygo.com/smartfactory/smartfactory_20250923081008_c6b9e401f7dd44fdaf0a62db937a7dca.jpeg
IXRRIYAJ,2025.9.22,티셔츠,https://cloudfront.laundrygo.com/smartfactory/smartfactory_20250923081308_24f8f1c9c4444ccf8eab345beee0240c.jpeg
IXRRIYAJ,2025.9.22,티셔츠,https://cloudfront.laundrygo.com/smartfactory/smartfactory_20250923081608_90d4f3ced06644a29292ef7d6acbb127.jpeg
GVRSSYRJ,2025.9.23,티셔츠,https://cloudfront.laundrygo.com/smartfactory/smartfactory_20250924021602_ef3f1e232aa24cb7acc132dfacc15b1e.jpeg
JIXFZF5Y,2025.9.23,티셔츠,https://cloudfront.laundrygo.com/smartfactory/smartfactory_20250924035403_edf48747b9e04d25bc5cf01a2c806728.jpeg
JIXFZF5Y,2025.9.23,티셔츠,https://cloudfront.laundrygo.com/smartfactory/smartfactory_20250924035503_8241a717d385493a9d3898cb56dc885c.jpeg
JIXFZF5Y,2025.9.23,티셔츠,https://cloudfront.laundrygo.com/smartfactory/smartfactory_20250924035503_9aa459fe01dc4190acc4ad92479f5f4e.jpeg
25RM4V07,2025.9.23,티셔츠,https://cloudfront.laundrygo.com/smartfactory/smartfactory_20250924004400_d61c6c94f2f44c17b82b3ec8dd6a74e3.jpeg
25RM4V07,2025.9.23,티셔츠,https://cloudfront.laundrygo.com/smartfactory/smartfactory_20250924004500_b030d091705d43e2a04290a1a482accd.jpeg
LUUGZBF5,2025.9.24,티셔츠,https://cloudfront.laundrygo.com/smartfactory/smartfactory_20250925015001_6370f870f6f247b484e1f58f34188051.jpeg
LUUGZBF5,2025.9.24,티셔츠,https://cloudfront.laundrygo.com/smartfactory/smartfactory_20250925015101_cba2c87377bb4cccba2529360ef5cb38.jpeg
7HDMDDBX,2025.9.24,티셔츠,https://cloudfront.laundrygo.com/smartfactory/smartfactory_20250925050805_b6f0eac8df1a485788204d813da341a9.jpeg
7HDMDDBX,2025.9.24,티셔츠,https://cloudfront.laundrygo.com/smartfactory/smartfactory_20250925050905_4bc789b1108047378c75b2003289f597.jpeg
7HDMDDBX,2025.9.24,티셔츠,https://cloudfront.laundrygo.com/smartfactory/smartfactory_20250925051105_f0b710bc157049c289e14bbd85f57cb6.jpeg
7HDMDDBX,2025.9.24,티셔츠,https://cloudfront.laundrygo.com/smartfactory/smartfactory_20250925051105_def766249e1b4491862f961c8fc4f088.jpeg
7HDMDDBX,2025.9.24,티셔츠,https://cloudfront.laundrygo.com/smartfactory/smartfactory_20250925051205_5e347652c72b48918d3b34622883c193.jpeg
7HDMDDBX,2025.9.24,티셔츠,https://cloudfront.laundrygo.com/smartfactory/smartfactory_20250925051305_af6306475f614894a2d7490a8ab0ed15.jpeg
2Y5DSM48,2025.9.24,티셔츠,https://cloudfront.laundrygo.com/smartfactory/smartfactory_20250925001800_e17a22247a584c8ea26a41671fb0ac7a.jpeg
45WXISEL,2025.9.24,티셔츠,https://cloudfront.laundrygo.com/smartfactory/smartfactory_20250925083708_edd4ec7877d44f93a90e59e9531650b6.jpeg
45WXISEL,2025.9.24,티셔츠,https://cloudfront.laundrygo.com/smartfactory/smartfactory_20250925085608_d0ce06d1e9a64732b919e00ef646aca9.jpeg
45WXISEL,2025.9.24,티셔츠,https://cloudfront.laundrygo.com/smartfactory/smartfactory_20250925090409_b6076e03d0394a73a0129edde4bb3dde.jpeg
RAOZJLUL,2025.9.24,티셔츠,https://cloudfront.laundrygo.com/smartfactory/smartfactory_20250925034003_65ac8fed468d4bc8a78ed78a58f22d1b.jpeg
V9GQSYD8,2025.9.25,티셔츠,https://cloudfront.laundrygo.com/smartfactory/smartfactory_20250926012501_1b9dda44ab454d71a7548f113268a7e0.jpeg
V9GQSYD8,2025.9.25,티셔츠,https://cloudfront.laundrygo.com/smartfactory/smartfactory_20250926012501_ce5cac4640ef473e9442b536aaeb0673.jpeg
V9GQSYD8,2025.9.25,티셔츠,https://cloudfront.laundrygo.com/smartfactory/smartfactory_20250926012601_e15bed4969f346a8bba9d9a1bdfb4750.jpeg
BGQD38SR,2025.9.25,티셔츠,https://cloudfront.laundrygo.com/smartfactory/smartfactory_20250926001000_184173f8d0a9430a81091d1db9098889.jpeg
GK9XEPAK,2025.9.25,티셔츠,https://cloudfront.laundrygo.com/smartfactory/smartfactory_20250926075107_b63cb4e874ff41bda6ead4145ea98875.jpeg
GK9XEPAK,2025.9.25,티셔츠,https://cloudfront.laundrygo.com/smartfactory/smartfactory_20250926075107_71c984e915c24152854db05bc45ec05f.jpeg
7FNBXTGJ,2025.9.26,티셔츠,https://cloudfront.laundrygo.com/smartfactory/smartfactory_20250927023202_3781d78cac38498c823fe4bb9e9311d3.jpeg
5PJTZX7B,2025.9.26,티셔츠,https://cloudfront.laundrygo.com/smartfactory/smartfactory_20250927075007_65ddaceecd29467a9b7d446642036cb9.jpeg
5PJTZX7B,2025.9.26,티셔츠,https://cloudfront.laundrygo.com/smartfactory/smartfactory_20250927075007_7945476d42564efc85046c7417c67a65.jpeg
5PJTZX7B,2025.9.26,티셔츠,https://cloudfront.laundrygo.com/smartfactory/smartfactory_20250927075107_761773c3c2ee4cda841e9ba45d7b8812.jpeg
5PJTZX7B,2025.9.26,티셔츠,https://cloudfront.laundrygo.com/smartfactory/smartfactory_20250927075207_70e5698b01524c37861071562ca0704e.jpeg
5PJTZX7B,2025.9.26,티셔츠,https://cloudfront.laundrygo.com/smartfactory/smartfactory_20250927075207_703784e9a2b84fff8a9ccde527f90fff.jpeg
QV78M8P9,2025.9.26,티셔츠,https://cloudfront.laundrygo.com/smartfactory/smartfactory_20250927005400_3189e528ed7f464ab785655769fcaf38.jpeg
QV78M8P9,2025.9.26,티셔츠,https://cloudfront.laundrygo.com/smartfactory/smartfactory_20250927005600_ef662667d1214c49ad61f0386bcdeca5.jpeg
OJ7AR6QZ,2025.9.26,티셔츠,https://cloudfront.laundrygo.com/smartfactory/smartfactory_20250927085508_1712c9787ace4b97bca4309bdac8ddff.jpeg
OJ7AR6QZ,2025.9.26,티셔츠,https://cloudfront.laundrygo.com/smartfactory/smartfactory_20250927085608_bada5d96447f474d9e7d9654b60cacf2.jpeg
OJ7AR6QZ,2025.9.26,티셔츠,https://cloudfront.laundrygo.com/smartfactory/smartfactory_20250927093109_b659b7314abd4afca33532402fd88dc5.jpg
OJ7AR6QZ,2025.9.26,티셔츠,https://cloudfront.laundrygo.com/smartfactory/smartfactory_20250927093109_d923c15139354390bd9ccd53ee688d2a.jpg
OJ7AR6QZ,2025.9.26,티셔츠,https://cloudfront.laundrygo.com/smartfactory/smartfactory_20250927093109_073ab03ffa454cd88caad76ee65702e5.jpg
OJ7AR6QZ,2025.9.26,티셔츠,https://cloudfront.laundrygo.com/smartfactory/smartfactory_20250927093109_e5f9ca4fe71a4505b8610e06c7c2d8fe.jpg
OJ7AR6QZ,2025.9.26,티셔츠,https://cloudfront.laundrygo.com/smartfactory/smartfactory_20250927093109_9b4c0df024124bbcafc01f1c44b52b72.jpg
OJ7AR6QZ,2025.9.26,티셔츠,https://cloudfront.laundrygo.com/smartfactory/smartfactory_20250927093109_581d941987964f948d53cfc42c842523.jpg
OJ7AR6QZ,2025.9.26,티셔츠,https://cloudfront.laundrygo.com/smartfactory/smartfactory_20250927093209_7029e5ab9f994fc5a0d4d71faa91317c.jpg
OJ7AR6QZ,2025.9.26,티셔츠,https://cloudfront.laundrygo.com/smartfactory/smartfactory_20250927085708_18fa1b1bad94412eac1f2a66794cc20f.jpeg
OJ7AR6QZ,2025.9.26,티셔츠,https://cloudfront.laundrygo.com/smartfactory/smartfactory_20250927085708_6ac35053f7a544ab95106e50e19160ed.jpeg
0QEZ4TF1,2025.9.26,티셔츠,https://cloudfront.laundrygo.com/smartfactory/smartfactory_20250927082608_590df5818e0b4521a0f2201fd637d068.jpeg
0QEZ4TF1,2025.9.26,티셔츠,https://cloudfront.laundrygo.com/smartfactory/smartfactory_20250927082608_2ee6764b91d14ba4aced65a453ca56e6.jpeg
SHXBN6P7,2025.9.27,티셔츠,https://cloudfront.laundrygo.com/smartfactory/smartfactory_20250928011201_30b05d925c2f41de99fa61c455dcd8b6.jpeg
EL2TR2R9,2025.9.27,티셔츠,https://cloudfront.laundrygo.com/smartfactory/smartfactory_20250928011301_f2a09c2bff6546ad99b26b23e213429f.jpeg
EL2TR2R9,2025.9.27,티셔츠,https://cloudfront.laundrygo.com/smartfactory/smartfactory_20250928011401_3a63945d6ff940a296b557b6d2582c86.jpeg
EL2TR2R9,2025.9.27,티셔츠,https://cloudfront.laundrygo.com/smartfactory/smartfactory_20250928011701_ecdd18407da84e61b54704af449a178a.jpeg
EL2TR2R9,2025.9.27,티셔츠,https://cloudfront.laundrygo.com/smartfactory/smartfactory_20250928084008_8674f3f53ac84ff2ae7d673f8f78e9fe.jpeg
EL2TR2R9,2025.9.27,티셔츠,https://cloudfront.laundrygo.com/smartfactory/smartfactory_20250928011801_f2d4de3f93ee4e89b5b621e42d275316.jpeg
HALU889P,2025.9.27,티셔츠,https://cloudfront.laundrygo.com/smartfactory/smartfactory_20250928065806_a58c368279034288be7013d3d50895ae.jpeg
HALU889P,2025.9.27,티셔츠,https://cloudfront.laundrygo.com/smartfactory/smartfactory_20250928071507_d1fe322f1c3048219bd90c859235f2fb.jpeg
HALU889P,2025.9.27,티셔츠,https://cloudfront.laundrygo.com/smartfactory/smartfactory_20250928071507_d47f872137524bc8bfa6f122b14e5454.jpeg
HALU889P,2025.9.27,티셔츠,https://cloudfront.laundrygo.com/smartfactory/smartfactory_20250928072807_b16ec943c2f84c398ff656430f56208e.jpeg
YZZ7MWRL,2025.9.27,티셔츠,https://cloudfront.laundrygo.com/smartfactory/smartfactory_20250928052605_bbdf74d4c3be449381095f9721ff5d3d.jpeg
JJBXMWPT,2025.9.27,티셔츠,https://cloudfront.laundrygo.com/smartfactory/smartfactory_20250928034803_563bd7e5a2e04173abc045e8fedcd88e.jpeg
7HDMDDBX,2025.9.27,티셔츠,https://cloudfront.laundrygo.com/smartfactory/smartfactory_20250928145614_278d4d429233490a87e6f3dc20d958bc.jpeg
7HDMDDBX,2025.9.27,티셔츠,https://cloudfront.laundrygo.com/smartfactory/smartfactory_20250928145714_69affbd63478484e87636fbfec667ddc.jpeg
7HDMDDBX,2025.9.27,티셔츠,https://cloudfront.laundrygo.com/smartfactory/smartfactory_20250928145714_c3d42ae0036b45cea0012572980c17f5.jpeg
7HDMDDBX,2025.9.27,티셔츠,https://cloudfront.laundrygo.com/smartfactory/smartfactory_20250928145814_3d9291e98f4e4ace8d6be593225b3ecb.jpeg
6FTJ6NJJ,2025.9.27,티셔츠,https://cloudfront.laundrygo.com/smartfactory/smartfactory_20250928012201_3d488fa9803649b9abfc51a54f7c30a0.jpeg
35IPG2VA,2025.9.27,티셔츠,https://cloudfront.laundrygo.com/smartfactory/smartfactory_20250928003700_3deaacac155048269ad08f52e6284ea4.jpeg
K4H90WNS,2025.9.27,티셔츠,https://cloudfront.laundrygo.com/smartfactory/smartfactory_20250928004500_51ba2d758a014e05b71719829500c11f.jpeg
72EDSUXD,2025.9.27,티셔츠,https://cloudfront.laundrygo.com/smartfactory/smartfactory_20250928053605_78fb0be0b0fa4f33bf850aaf08c33dec.jpeg
72EDSUXD,2025.9.27,티셔츠,https://cloudfront.laundrygo.com/smartfactory/smartfactory_20250928053805_811ef189803249a582164769c4363dcf.jpeg
72EDSUXD,2025.9.27,티셔츠,https://cloudfront.laundrygo.com/smartfactory/smartfactory_20250928053805_445891620e8040fc9c0627e1fc78601f.jpeg
72EDSUXD,2025.9.27,티셔츠,https://cloudfront.laundrygo.com/smartfactory/smartfactory_20250928053905_fa49cd39c8ed49b78c8f0aaa5f51f25d.jpeg
X7PTBDGH,2025.9.27,티셔츠,https://cloudfront.laundrygo.com/smartfactory/smartfactory_20250928000800_2f0bb284134d4e719e2d1b60342e9de2.jpeg
X7PTBDGH,2025.9.27,티셔츠,https://cloudfront.laundrygo.com/smartfactory/smartfactory_20250928000800_a2f4d8d46c5c40489d4c632c35e56bc3.jpeg
X7PTBDGH,2025.9.27,티셔츠,https://cloudfront.laundrygo.com/smartfactory/smartfactory_20250928000800_1fb3629e7d184cb4867902413e1aca71.jpeg
X7PTBDGH,2025.9.27,티셔츠,https://cloudfront.laundrygo.com/smartfactory/smartfactory_20250928000900_6f7fe33f5dbd44f281ee8c65cad7e205.jpeg
X7PTBDGH,2025.9.27,티셔츠,https://cloudfront.laundrygo.com/smartfactory/smartfactory_20250928000900_e462632109c248e7ad67d97c128d569c.jpeg
X7PTBDGH,2025.9.27,티셔츠,https://cloudfront.laundrygo.com/smartfactory/smartfactory_20250928001000_e5d8a26751244dd4a4129ab69f9f6e49.jpeg
FPP9YBNG,2025.9.28,티셔츠,https://cloudfront.laundrygo.com/smartfactory/smartfactory_20250929004900_ca1d1fb9a8044eccb0a4a25e49b88038.jpeg
9SL1YYE4,2025.9.28,티셔츠,https://cloudfront.laundrygo.com/smartfactory/smartfactory_20250929043404_0eddb48d825c4c64ab0c048accff3501.jpeg
9SL1YYE4,2025.9.28,티셔츠,https://cloudfront.laundrygo.com/smartfactory/smartfactory_20250929043404_a32d1afe53b8404ea1966372c13b588d.jpeg
9SL1YYE4,2025.9.28,티셔츠,https://cloudfront.laundrygo.com/smartfactory/smartfactory_20250929043604_3bd1a13fc14648a9a8d4d93d3c11e676.jpeg
2R0JSXFA,2025.9.28,티셔츠,https://cloudfront.laundrygo.com/smartfactory/smartfactory_20250929032003_c7a16ac832ea4d30b343731bd444bfde.jpeg
2R0JSXFA,2025.9.28,티셔츠,https://cloudfront.laundrygo.com/smartfactory/smartfactory_20250929032003_90858562e2534f6a9ed2d96d61a327fb.jpeg
JY6ZWQZL,2025.9.28,티셔츠,https://cloudfront.laundrygo.com/smartfactory/smartfactory_20250929042504_31766d27a3ae4a4393083e541c4feafd.jpeg
JY6ZWQZL,2025.9.28,티셔츠,https://cloudfront.laundrygo.com/smartfactory/smartfactory_20250929042504_20f4b20613b7422389f15f255260ad18.jpeg
JC1PB4D0,2025.9.28,티셔츠,https://cloudfront.laundrygo.com/smartfactory/smartfactory_20250929123912_5b2514ccb8ab4ec39aaab6d6b6eba824.jpeg
XMLHFOZQ,2025.9.28,티셔츠,https://cloudfront.laundrygo.com/smartfactory/smartfactory_20250929081608_e6bd55b4c47649e896b7911c7b776c01.jpeg
J8EKVUY9,2025.9.29,티셔츠,https://cloudfront.laundrygo.com/smartfactory/smartfactory_20250930095509_cfd44650bf5b4fb187dbe0b74ea0d6f9.jpeg
J8EKVUY9,2025.9.29,티셔츠,https://cloudfront.laundrygo.com/smartfactory/smartfactory_20250930095609_37d49106a57a446e954f7c0e131f1204.jpeg
J8EKVUY9,2025.9.29,티셔츠,https://cloudfront.laundrygo.com/smartfactory/smartfactory_20250930095609_2a72883ca7e747c9a49c3cae30c9b4b6.jpeg
J8EKVUY9,2025.9.29,티셔츠,https://cloudfront.laundrygo.com/smartfactory/smartfactory_20250930095609_46c1d8b8fb544fd8a1294b12d85c39a8.jpeg
GVRSSYRJ,2025.9.29,티셔츠,https://cloudfront.laundrygo.com/smartfactory/smartfactory_20250930070107_c8b184138f3041178f4e1d1cffea1d14.jpeg
XACKZLB8,2025.9.29,티셔츠,https://cloudfront.laundrygo.com/smartfactory/smartfactory_20250930045904_3b1a8d81ade54e06afed0b02655ed46c.jpeg
V9GQSYD8,2025.9.29,티셔츠,https://cloudfront.laundrygo.com/smartfactory/smartfactory_20250930050105_e2c0855f5e044680b7915c59960dd924.jpeg
T8E6FEJW,2025.9.29,티셔츠,https://cloudfront.laundrygo.com/smartfactory/smartfactory_20250930032703_812c2e9760c443858674ed44f329ced0.jpeg
T8E6FEJW,2025.9.29,티셔츠,https://cloudfront.laundrygo.com/smartfactory/smartfactory_20250930032803_530a40f69a8a46de986fee6f099eb089.jpeg
T8E6FEJW,2025.9.29,티셔츠,https://cloudfront.laundrygo.com/smartfactory/smartfactory_20250930032903_ffc2aed937c74ea7afe65360223a418c.jpeg
T8E6FEJW,2025.9.29,티셔츠,https://cloudfront.laundrygo.com/smartfactory/smartfactory_20250930033003_7106ef39d63240ebb2bb453f6630f078.jpeg
86BNR2K3,2025.9.29,티셔츠,https://cloudfront.laundrygo.com/smartfactory/smartfactory_20250930054205_0047ff0eea64431c9a61fddfc426fa1d.jpeg
86BNR2K3,2025.9.29,티셔츠,https://cloudfront.laundrygo.com/smartfactory/smartfactory_20250930054305_aa554f223b0b4bb58181c58e690d9a5c.jpeg
907MFCA9,2025.9.29,티셔츠,https://cloudfront.laundrygo.com/smartfactory/smartfactory_20250930054405_bfedecca84e340178f7eaf931312b555.jpeg
907MFCA9,2025.9.29,티셔츠,https://cloudfront.laundrygo.com/smartfactory/smartfactory_20250930054605_7c413590be6c44c394cf8612a88f2bfc.jpeg
45WXISEL,2025.9.29,티셔츠,https://cloudfront.laundrygo.com/smartfactory/smartfactory_20250930090809_b62a201690554f3889602a4ab08ac51f.jpeg
SSVQUE6Q,2025.9.29,티셔츠,https://cloudfront.laundrygo.com/smartfactory/smartfactory_20250930072807_8f9afba4ca8b4e5e8f157a56159d59f8.jpeg
SSVQUE6Q,2025.9.29,티셔츠,https://cloudfront.laundrygo.com/smartfactory/smartfactory_20250930072807_f55401a0fd4a4ac7a0204cbeee0af380.jpeg
SSVQUE6Q,2025.9.29,티셔츠,https://cloudfront.laundrygo.com/smartfactory/smartfactory_20250930072907_916ef19e084848c8a5c6c9b898f43c49.jpeg
SSVQUE6Q,2025.9.29,티셔츠,https://cloudfront.laundrygo.com/smartfactory/smartfactory_20250930072907_42de43bef8674a4b9fd6812f71e632f5.jpeg
SSVQUE6Q,2025.9.29,티셔츠,https://cloudfront.laundrygo.com/smartfactory/smartfactory_20250930073007_aaaacd20888442ef8f3fce02f88241a6.jpeg
SSVQUE6Q,2025.9.29,티셔츠,https://cloudfront.laundrygo.com/smartfactory/smartfactory_20250930073007_0196b897bab34e01a4d9045429a155d3.jpeg
SSVQUE6Q,2025.9.29,티셔츠,https://cloudfront.laundrygo.com/smartfactory/smartfactory_20250930073107_2559a550f4154fcc9c68e42d5a9f0390.jpeg
U2DTD8RO,2025.9.29,티셔츠,https://cloudfront.laundrygo.com/smartfactory/smartfactory_20251001135513_f9f59a36b971457dbc28faa710449029.jpeg
U2DTD8RO,2025.9.29,티셔츠,https://cloudfront.laundrygo.com/smartfactory/smartfactory_20251001135513_e4c4e33f84274f9c851c8961927b3229.jpeg
U2DTD8RO,2025.9.29,티셔츠,https://cloudfront.laundrygo.com/smartfactory/smartfactory_20251001135613_9ba4bd91717a4e648492a6b3064e4999.jpeg
CF4EXSN3,2025.9.30,티셔츠,https://cloudfront.laundrygo.com/smartfactory/smartfactory_20251001002400_5a9281736884477182499899b5124197.jpeg
LUUGZBF5,2025.10.1,티셔츠,https://cloudfront.laundrygo.com/smartfactory/smartfactory_20251003092809_65098d7bc2f64278b92b79b54bbb18c6.jpeg
MXBK9AFC,2025.10.1,티셔츠,https://cloudfront.laundrygo.com/smartfactory/smartfactory_20251002073407_940f42417650422ea98e07abe50d3268.jpeg
MXBK9AFC,2025.10.1,티셔츠,https://cloudfront.laundrygo.com/smartfactory/smartfactory_20251002073507_3bcac87780f2432787b2cfdc85c463c0.jpeg
V9GQSYD8,2025.10.1,티셔츠,https://cloudfront.laundrygo.com/smartfactory/smartfactory_20251002041204_cb8c424c9eb443629016e103bfad5e44.jpeg
BU5VJDRB,2025.10.1,티셔츠,https://cloudfront.laundrygo.com/smartfactory/smartfactory_20251002044104_39a187c389504fafaf78b10af6492885.jpeg
BU5VJDRB,2025.10.1,티셔츠,https://cloudfront.laundrygo.com/smartfactory/smartfactory_20251002044104_f61b448ace604d168773d860488651de.jpeg
ET8D4PJN,2025.10.1,티셔츠,https://cloudfront.laundrygo.com/smartfactory/smartfactory_20251002091309_402e591d865d48f0ba41023d4f85bc89.jpeg
JC1PB4D0,2025.10.1,티셔츠,https://cloudfront.laundrygo.com/smartfactory/smartfactory_20251002085208_60a4d18703b74526b6dc6b00de85ca42.jpeg
SHXBN6P7,2025.10.2,티셔츠,https://cloudfront.laundrygo.com/smartfactory/smartfactory_20251003013301_99802dee72ca44818621c5ecc024a87f.jpeg
GVRSSYRJ,2025.10.2,티셔츠,https://cloudfront.laundrygo.com/smartfactory/smartfactory_20251003021202_b01ab770e9774eea9f46ed37d0f7236c.jpeg
QV78M8P9,2025.10.2,티셔츠,https://cloudfront.laundrygo.com/smartfactory/smartfactory_20251003014701_2242aeec420c4cdd83850f30bd9aae26.jpeg
QV78M8P9,2025.10.2,티셔츠,https://cloudfront.laundrygo.com/smartfactory/smartfactory_20251003014801_59b66631ea4c4b72af6fd7a5dd03fd4f.jpeg
QV78M8P9,2025.10.2,티셔츠,https://cloudfront.laundrygo.com/smartfactory/smartfactory_20251003014801_362931e6ffb048f2879197461872824c.jpeg
QCZ2BL2B,2025.10.2,티셔츠,https://cloudfront.laundrygo.com/smartfactory/smartfactory_20251003021202_8aa9ec4e65b74a59af77d9d441db9afe.jpeg
QCZ2BL2B,2025.10.2,티셔츠,https://cloudfront.laundrygo.com/smartfactory/smartfactory_20251003021302_525e15afad934ce4b42054d115f94de5.jpeg
OJ7AR6QZ,2025.10.2,티셔츠,https://cloudfront.laundrygo.com/smartfactory/smartfactory_20251003100210_348bbd076f584956befcaaf6939a569c.jpeg
OJ7AR6QZ,2025.10.2,티셔츠,https://cloudfront.laundrygo.com/smartfactory/smartfactory_20251003100410_5572a4d2074540c5954ef9549c2b5498.jpeg
OJ7AR6QZ,2025.10.2,티셔츠,https://cloudfront.laundrygo.com/smartfactory/smartfactory_20251003100510_b5da23138416463eb2b88d0c36284fa0.jpeg
JIXFZF5Y,2025.10.2,티셔츠,https://cloudfront.laundrygo.com/smartfactory/smartfactory_20251003024202_edeb169ddf444f088767e8948a81bfd7.jpeg
JIXFZF5Y,2025.10.2,티셔츠,https://cloudfront.laundrygo.com/smartfactory/smartfactory_20251003024202_fdaa6b556da748cd89922a498ec68ca3.jpeg
JIXFZF5Y,2025.10.2,티셔츠,https://cloudfront.laundrygo.com/smartfactory/smartfactory_20251003024202_c1da8f446caf4ebfbab02d30e2766775.jpeg
JJBXMWPT,2025.10.3,티셔츠,https://cloudfront.laundrygo.com/smartfactory/smartfactory_20251004052105_983e0343212d4153bc2620d7045d7561.jpeg
72EDSUXD,2025.10.3,티셔츠,https://cloudfront.laundrygo.com/smartfactory/smartfactory_20251004064006_3219237d6b7e46d286401057953a00bd.jpeg
72EDSUXD,2025.10.3,티셔츠,https://cloudfront.laundrygo.com/smartfactory/smartfactory_20251004064006_a7e734a5c0a54af1821e5aaa3669ffdd.jpeg
72EDSUXD,2025.10.3,티셔츠,https://cloudfront.laundrygo.com/smartfactory/smartfactory_20251004064006_a6a25c8738cc4462a40c4cdfac5cf2a1.jpeg
45WXISEL,2025.10.3,티셔츠,https://cloudfront.laundrygo.com/smartfactory/smartfactory_20251004030903_a7d3f69bb8d642daa91e676dd346861c.jpeg
45WXISEL,2025.10.3,티셔츠,https://cloudfront.laundrygo.com/smartfactory/smartfactory_20251004031303_533809ecb90c4ae0b548f9464adc6739.jpeg
JC1PB4D0,2025.10.3,티셔츠,https://cloudfront.laundrygo.com/smartfactory/smartfactory_20251004082308_1de4d2b94d5642d181fe0e32b442120f.jpeg
EL2TR2R9,2025.10.7,티셔츠,https://cloudfront.laundrygo.com/smartfactory/smartfactory_20251008084108_6ccec2c15ba54c01aef62ad5ba78149c.jpeg
EL2TR2R9,2025.10.7,티셔츠,https://cloudfront.laundrygo.com/smartfactory/smartfactory_20251008103210_de005afccd774224aeeb1393e0f1e4ca.jpeg
EL2TR2R9,2025.10.7,티셔츠,https://cloudfront.laundrygo.com/smartfactory/smartfactory_20251008103210_1d9b0390c42a43ea9854ed2d4b3babb4.jpeg
EL2TR2R9,2025.10.7,티셔츠,https://cloudfront.laundrygo.com/smartfactory/smartfactory_20251008084608_03b541a0e32c4f348a5346474b0370ea.jpeg
5PJTZX7B,2025.10.7,티셔츠,https://cloudfront.laundrygo.com/smartfactory/smartfactory_20251008071607_6280c0347be54a4ca459f9c7d500ab88.jpeg
5PJTZX7B,2025.10.7,티셔츠,https://cloudfront.laundrygo.com/smartfactory/smartfactory_20251008071707_b41eada6dad04e64ab3efb91d84acc7d.jpeg
5PJTZX7B,2025.10.7,티셔츠,https://cloudfront.laundrygo.com/smartfactory/smartfactory_20251008071807_2d94268bfe6d4cd1a3d4fef11695634e.jpeg
5PJTZX7B,2025.10.7,티셔츠,https://cloudfront.laundrygo.com/smartfactory/smartfactory_20251008071907_3e7b9350b8474b139ca877ed2075e942.jpeg
5PJTZX7B,2025.10.7,티셔츠,https://cloudfront.laundrygo.com/smartfactory/smartfactory_20251008071907_db090e88882c4e8982ae1feeab3ecefe.jpeg
5PJTZX7B,2025.10.7,티셔츠,https://cloudfront.laundrygo.com/smartfactory/smartfactory_20251008072007_80fb9ee8503f427e8c377cae797300e5.jpeg
5PJTZX7B,2025.10.7,티셔츠,https://cloudfront.laundrygo.com/smartfactory/smartfactory_20251008072007_829fbef06ff545908020a9ff94b401b2.jpeg
5PJTZX7B,2025.10.7,티셔츠,https://cloudfront.laundrygo.com/smartfactory/smartfactory_20251008072107_4fa3cd2845a24ae6a02ce2c78f0b8afc.jpeg
5PJTZX7B,2025.10.7,티셔츠,https://cloudfront.laundrygo.com/smartfactory/smartfactory_20251008072107_cbb64f4c0d1f4e86872cf2ee8e2dfebe.jpeg
5PJTZX7B,2025.10.7,티셔츠,https://cloudfront.laundrygo.com/smartfactory/smartfactory_20251008090209_916b720c8fa84ae8a4fff31f59cc44aa.jpeg
5PJTZX7B,2025.10.7,티셔츠,https://cloudfront.laundrygo.com/smartfactory/smartfactory_20251008090209_67e621c1330d4585853a390f4f8a2b51.jpeg
7HDMDDBX,2025.10.7,티셔츠,https://cloudfront.laundrygo.com/smartfactory/smartfactory_20251008061906_cec248cb7747417a898995a938449ab4.jpeg
7HDMDDBX,2025.10.7,티셔츠,https://cloudfront.laundrygo.com/smartfactory/smartfactory_20251008062006_662205437b0f42329fdd797d4b811613.jpeg
7HDMDDBX,2025.10.7,티셔츠,https://cloudfront.laundrygo.com/smartfactory/smartfactory_20251008062306_bbb56630988349c080465d0b6af337fd.jpeg
7HDMDDBX,2025.10.7,티셔츠,https://cloudfront.laundrygo.com/smartfactory/smartfactory_20251008062306_2edb8902cc2345c58b1ff92287435890.jpeg
7HDMDDBX,2025.10.7,티셔츠,https://cloudfront.laundrygo.com/smartfactory/smartfactory_20251008062406_5b1d5c4801734264afaedb36ceb4b923.jpeg
7HDMDDBX,2025.10.7,티셔츠,https://cloudfront.laundrygo.com/smartfactory/smartfactory_20251008062406_3b71206b23c64aaf8fe04c1a1124ae5c.jpeg
7HDMDDBX,2025.10.7,티셔츠,https://cloudfront.laundrygo.com/smartfactory/smartfactory_20251008062406_f58915b03c184010a1a1ebfd0947f2a9.jpeg
7HDMDDBX,2025.10.7,티셔츠,https://cloudfront.laundrygo.com/smartfactory/smartfactory_20251008062506_a991f2935ec14757997df3346d92cd40.jpeg
7HDMDDBX,2025.10.7,티셔츠,https://cloudfront.laundrygo.com/smartfactory/smartfactory_20251008062606_7c86440d3bbc461d98b7c7375ef98270.jpeg
7HDMDDBX,2025.10.7,티셔츠,https://cloudfront.laundrygo.com/smartfactory/smartfactory_20251008062606_cd46a0f5034b4627ac48be088293639e.jpeg
7HDMDDBX,2025.10.7,티셔츠,https://cloudfront.laundrygo.com/smartfactory/smartfactory_20251008062706_db5b249616204ef08572cad4ecb579ce.jpeg
2Y5DSM48,2025.10.7,티셔츠,https://cloudfront.laundrygo.com/smartfactory/smartfactory_20251008044804_9e8046a0aa224c5c8abe655e968eab3a.jpeg
V9GQSYD8,2025.10.7,티셔츠,https://cloudfront.laundrygo.com/smartfactory/smartfactory_20251008004400_9c551faab3294c08bd068daa5e01b0a9.jpeg
V9GQSYD8,2025.10.7,티셔츠,https://cloudfront.laundrygo.com/smartfactory/smartfactory_20251008004400_f417632dc7a4457581b5938dfb093353.jpeg
V9GQSYD8,2025.10.7,티셔츠,https://cloudfront.laundrygo.com/smartfactory/smartfactory_20251008004600_8e35317562b44ba692290251caa4993c.jpeg
T8E6FEJW,2025.10.7,티셔츠,https://cloudfront.laundrygo.com/smartfactory/smartfactory_20251008011401_cd6dccb4d379460ca2761a81870f06ed.jpeg
T8E6FEJW,2025.10.7,티셔츠,https://cloudfront.laundrygo.com/smartfactory/smartfactory_20251008011601_095ee7f69d6647378565eb705b87bdd0.jpeg
T8E6FEJW,2025.10.7,티셔츠,https://cloudfront.laundrygo.com/smartfactory/smartfactory_20251008011601_e2fc8e444c344eb7bf03f6e101366524.jpeg
T8E6FEJW,2025.10.7,티셔츠,https://cloudfront.laundrygo.com/smartfactory/smartfactory_20251008011701_0936b077ed5340cea87d4b222eb3bc93.jpeg
T8E6FEJW,2025.10.7,티셔츠,https://cloudfront.laundrygo.com/smartfactory/smartfactory_20251008011801_f7a072804d14466c8e530a0ad8b87679.jpeg
86BNR2K3,2025.10.7,티셔츠,https://cloudfront.laundrygo.com/smartfactory/smartfactory_20251008175817_c03194c4302a4856a4413d71eccfad12.jpeg
2R0JSXFA,2025.10.7,티셔츠,https://cloudfront.laundrygo.com/smartfactory/smartfactory_20251008090309_62ebe9b682204ce187b5d5982bc9552e.jpeg
2R0JSXFA,2025.10.7,티셔츠,https://cloudfront.laundrygo.com/smartfactory/smartfactory_20251008090409_8ae0451fcd30470fbf46f31ca67c10d8.jpeg
2R0JSXFA,2025.10.7,티셔츠,https://cloudfront.laundrygo.com/smartfactory/smartfactory_20251008090509_7422a2c5c0ba46fca8673c30ac909b6e.jpeg
2R0JSXFA,2025.10.7,티셔츠,https://cloudfront.laundrygo.com/smartfactory/smartfactory_20251008090609_97993c41c9f342bca1e6f54ce558f005.jpeg
SSVQUE6Q,2025.10.7,티셔츠,https://cloudfront.laundrygo.com/smartfactory/smartfactory_20251008113611_84ad48bfbba549d0863d573902ad96bd.jpeg
SSVQUE6Q,2025.10.7,티셔츠,https://cloudfront.laundrygo.com/smartfactory/smartfactory_20251008113711_a6e0bb5e200a4ebab14109d25ac78831.jpeg
SSVQUE6Q,2025.10.7,티셔츠,https://cloudfront.laundrygo.com/smartfactory/smartfactory_20251008114011_17bfd1ca9bef4921b4ae0c58334b2b89.jpeg
SSVQUE6Q,2025.10.7,티셔츠,https://cloudfront.laundrygo.com/smartfactory/smartfactory_20251008114111_c434a97b917d4cb5a0825daaeb25389e.jpeg
SSVQUE6Q,2025.10.7,티셔츠,https://cloudfront.laundrygo.com/smartfactory/smartfactory_20251008114111_170c85c2d0d541cbaec5490239b29cfc.jpeg
SSVQUE6Q,2025.10.7,티셔츠,https://cloudfront.laundrygo.com/smartfactory/smartfactory_20251008114211_6fda8872df1643ba90305b6262d9dbab.jpeg
SSVQUE6Q,2025.10.7,티셔츠,https://cloudfront.laundrygo.com/smartfactory/smartfactory_20251008114311_3ba6cd71fcac4430a4ca0f938f8747e3.jpeg
BU5VJDRB,2025.10.7,티셔츠,https://cloudfront.laundrygo.com/smartfactory/smartfactory_20251008052805_43b556a761f349248ef6154f7e9c7c4c.jpeg
BU5VJDRB,2025.10.7,티셔츠,https://cloudfront.laundrygo.com/smartfactory/smartfactory_20251008052905_3c36a7fc84f44520b3baeac65b21d36b.jpeg
BU5VJDRB,2025.10.7,티셔츠,https://cloudfront.laundrygo.com/smartfactory/smartfactory_20251008053005_fd6168fe83fa4e8c820b44666e3f56e5.jpeg
XBOM2WLP,2025.10.7,티셔츠,https://cloudfront.laundrygo.com/smartfactory/smartfactory_20251008093109_89b1f69ea7d64d23a9c1f8cebdabf655.jpeg
XBOM2WLP,2025.10.7,티셔츠,https://cloudfront.laundrygo.com/smartfactory/smartfactory_20251008093209_396d1138ee8548fd8344e7b097d5d47f.jpeg
XBOM2WLP,2025.10.7,티셔츠,https://cloudfront.laundrygo.com/smartfactory/smartfactory_20251008093709_e04079d7b79244f7874a1bd75e6c1e38.jpeg
XBOM2WLP,2025.10.7,티셔츠,https://cloudfront.laundrygo.com/smartfactory/smartfactory_20251008093709_601d286be79145128c9abe070bff048d.jpeg
XBOM2WLP,2025.10.7,티셔츠,https://cloudfront.laundrygo.com/smartfactory/smartfactory_20251008093709_55781b8dd6094f76a03c0b2cd0f7c799.jpeg
JY6ZWQZL,2025.10.7,티셔츠,https://cloudfront.laundrygo.com/smartfactory/smartfactory_20251008010401_446e718b4bec49ae9f8dbfa254a9c5f5.jpeg
JY6ZWQZL,2025.10.7,티셔츠,https://cloudfront.laundrygo.com/smartfactory/smartfactory_20251008010501_a7d1dedd5fbf44e3b8148866d6314de6.jpeg
XACKZLB8,2025.10.8,티셔츠,https://cloudfront.laundrygo.com/smartfactory/smartfactory_20251009071207_c8d8f92ad54645059ab1ed4395ef2776.jpeg
JIXFZF5Y,2025.10.8,티셔츠,https://cloudfront.laundrygo.com/smartfactory/smartfactory_20251009034303_ab81982b32ac4d929d47a0d848f2664b.jpeg
JIXFZF5Y,2025.10.8,티셔츠,https://cloudfront.laundrygo.com/smartfactory/smartfactory_20251009034303_6f05ab21f2f34f62a96013b76ba55652.jpeg
JIXFZF5Y,2025.10.8,티셔츠,https://cloudfront.laundrygo.com/smartfactory/smartfactory_20251009034403_bb2d85c12eed47f89886f8513e7cc5cd.jpeg
XMLHFOZQ,2025.10.8,티셔츠,https://cloudfront.laundrygo.com/smartfactory/smartfactory_20251009043504_1529a90804a04cc89eed182d80d17734.jpeg
3ZJHQZX1,2025.10.8,티셔츠,https://cloudfront.laundrygo.com/smartfactory/smartfactory_20251009094109_5a6930d040154224a42d773644df7e69.jpeg
3ZJHQZX1,2025.10.8,티셔츠,https://cloudfront.laundrygo.com/smartfactory/smartfactory_20251009094309_da0f4e58ab8a40978e1fe9e9a29a95e3.jpeg
3ZJHQZX1,2025.10.8,티셔츠,https://cloudfront.laundrygo.com/smartfactory/smartfactory_20251009094709_d58982ed91ea4514923996be2ef3dbf2.jpeg
J8EKVUY9,2025.10.9,티셔츠,https://cloudfront.laundrygo.com/smartfactory/smartfactory_20251010081508_5cfe830ba5144312a8a2cb74abae9c77.jpeg
J8EKVUY9,2025.10.9,티셔츠,https://cloudfront.laundrygo.com/smartfactory/smartfactory_20251010081708_e345e2836f1443cfa3d3f079ad2e8779.jpeg
J8EKVUY9,2025.10.9,티셔츠,https://cloudfront.laundrygo.com/smartfactory/smartfactory_20251010081708_80d5843ffd814f5e91d199f27c524374.jpeg
UQAF7PCB,2025.10.9,티셔츠,https://cloudfront.laundrygo.com/smartfactory/smartfactory_20251011113111_d4eb51cacc20411e9900b51ef10c0424.jpeg
6FTJ6NJJ,2025.10.9,티셔츠,https://cloudfront.laundrygo.com/smartfactory/smartfactory_20251012095009_edcc05b32712404db150fa922eeda871.jpeg
K4H90WNS,2025.10.9,티셔츠,https://cloudfront.laundrygo.com/smartfactory/smartfactory_20251010010001_3f48a0f3b2d542bc8a808ae51274c78d.jpeg
K4H90WNS,2025.10.9,티셔츠,https://cloudfront.laundrygo.com/smartfactory/smartfactory_20251010010101_144712104eec4785aca6b81f2a8a0d3c.jpeg
K4H90WNS,2025.10.9,티셔츠,https://cloudfront.laundrygo.com/smartfactory/smartfactory_20251010010201_ff50e85d70a6498f807c063c02496214.jpeg
K4H90WNS,2025.10.9,티셔츠,https://cloudfront.laundrygo.com/smartfactory/smartfactory_20251010010301_7293e2b05fc4466f8df5e1430b01f282.jpeg
K4H90WNS,2025.10.9,티셔츠,https://cloudfront.laundrygo.com/smartfactory/smartfactory_20251010010401_4152dd3a9eab4d59afdc07e6651d2ca9.jpeg
EL2TR2R9,2025.10.10,티셔츠,https://cloudfront.laundrygo.com/smartfactory/smartfactory_20251011025702_d90043fd643a4d3591539a47d3de8821.jpeg
EL2TR2R9,2025.10.10,티셔츠,https://cloudfront.laundrygo.com/smartfactory/smartfactory_20251011081808_c9a6866301e64d4c87f26e4539b0cd4d.jpeg
EL2TR2R9,2025.10.10,티셔츠,https://cloudfront.laundrygo.com/smartfactory/smartfactory_20251011081908_62c851c5f6724b8a9eac4640594e634b.jpeg
QV78M8P9,2025.10.10,티셔츠,https://cloudfront.laundrygo.com/smartfactory/smartfactory_20251011002200_19316e4d265940ec85778fd843009a1d.jpeg
QV78M8P9,2025.10.10,티셔츠,https://cloudfront.laundrygo.com/smartfactory/smartfactory_20251011002300_7802e491a2a64bea8daabb0f9b5a854f.jpeg
45WXISEL,2025.10.10,티셔츠,https://cloudfront.laundrygo.com/smartfactory/smartfactory_20251011132913_bf72533bf8d34bfb9fad84abbd8e0bda.jpeg
45WXISEL,2025.10.10,티셔츠,https://cloudfront.laundrygo.com/smartfactory/smartfactory_20251011133013_1ff2cf546df045c9bd751972bca79022.jpeg
BU5VJDRB,2025.10.10,티셔츠,https://cloudfront.laundrygo.com/smartfactory/smartfactory_20251011080008_2f766273612d4e2aad657cbc5131ddd1.jpeg
BU5VJDRB,2025.10.10,티셔츠,https://cloudfront.laundrygo.com/smartfactory/smartfactory_20251011080008_1fdc7263258f43939d914208eae005b2.jpeg
LUUGZBF5,2025.10.11,티셔츠,https://cloudfront.laundrygo.com/smartfactory/smartfactory_20251014135713_d87b09b56d524e849b3cd2da7c80138e.jpeg
MXBK9AFC,2025.10.11,티셔츠,https://cloudfront.laundrygo.com/smartfactory/smartfactory_20251012015601_6502ab06a7a549dcb88cbadae2e233da.jpeg
J8EKVUY9,2025.10.11,티셔츠,https://cloudfront.laundrygo.com/smartfactory/smartfactory_20251012164716_c1bce8418afd4fbb9b1c81ac57b394f9.jpeg
MVTHZ2WK,2025.10.11,티셔츠,https://cloudfront.laundrygo.com/smartfactory/smartfactory_20251012002500_32144cb703ed4e6ca029109fdb11828c.jpeg
XACKZLB8,2025.10.11,티셔츠,https://cloudfront.laundrygo.com/smartfactory/smartfactory_20251012072607_96c202d8cbba4a9db2cf3c7f574eb7cf.jpeg
XACKZLB8,2025.10.11,티셔츠,https://cloudfront.laundrygo.com/smartfactory/smartfactory_20251012072907_4a3f5d842c4440fe88e2f981e134b725.jpeg
25RM4V07,2025.10.11,티셔츠,https://cloudfront.laundrygo.com/smartfactory/smartfactory_20251012014301_cbbceee6cdbd47a3961a546ace3a9a83.jpeg
GK9XEPAK,2025.10.11,티셔츠,https://cloudfront.laundrygo.com/smartfactory/smartfactory_20251012035103_4217137c36e24080b4efb3b1b9e897de.jpeg
7FNBXTGJ,2025.10.12,티셔츠,https://cloudfront.laundrygo.com/smartfactory/smartfactory_20251013070707_a53c515924ed4dce9c57d3e1e81bbfd2.jpeg
7FNBXTGJ,2025.10.12,티셔츠,https://cloudfront.laundrygo.com/smartfactory/smartfactory_20251013070807_e6eb247e3b734a99bffdedeaee3b1cc0.jpeg
7FNBXTGJ,2025.10.12,티셔츠,https://cloudfront.laundrygo.com/smartfactory/smartfactory_20251013070807_e048c41d8ded46d297cdf5abb0f59160.jpeg
7FNBXTGJ,2025.10.12,티셔츠,https://cloudfront.laundrygo.com/smartfactory/smartfactory_20251013071107_0ef133f30dae4796ac601d24e8019351.jpeg
YZZ7MWRL,2025.10.12,티셔츠,https://cloudfront.laundrygo.com/smartfactory/smartfactory_20251013035203_83c056c8c25f44518e1cb27c485ff20b.jpeg
GVRSSYRJ,2025.10.12,티셔츠,https://cloudfront.laundrygo.com/smartfactory/smartfactory_20251013004900_2a84a36e72ac4d5aa862ee21d82b2f85.jpeg
GVRSSYRJ,2025.10.12,티셔츠,https://cloudfront.laundrygo.com/smartfactory/smartfactory_20251013004900_3b5af2e5065a43de865b4896447b533c.jpeg
T8E6FEJW,2025.10.12,티셔츠,https://cloudfront.laundrygo.com/smartfactory/smartfactory_20251013051905_c77ac747ccbb4ff7a26b77e5b025a951.jpeg
T8E6FEJW,2025.10.12,티셔츠,https://cloudfront.laundrygo.com/smartfactory/smartfactory_20251013051905_d3df0480934b43bf8b5e733e8453cdee.jpeg
T8E6FEJW,2025.10.12,티셔츠,https://cloudfront.laundrygo.com/smartfactory/smartfactory_20251013052005_8a1a804f24b64711ad26d5533a04703e.jpeg
T8E6FEJW,2025.10.12,티셔츠,https://cloudfront.laundrygo.com/smartfactory/smartfactory_20251013052105_3b6df037a35242b986d0af9736731157.jpeg
86BNR2K3,2025.10.12,티셔츠,https://cloudfront.laundrygo.com/smartfactory/smartfactory_20251013023702_06ded12a683745dc8a8db673d50b2cde.jpeg
Q2O88T5H,2025.10.13,티셔츠,https://cloudfront.laundrygo.com/smartfactory/smartfactory_20251014070507_e9a39b08abff4042ad1bed146fa9ef80.jpeg
Q2O88T5H,2025.10.13,티셔츠,https://cloudfront.laundrygo.com/smartfactory/smartfactory_20251014070507_a8b912e373a144ddb8c4858e2f85c703.jpeg
Q2O88T5H,2025.10.13,티셔츠,https://cloudfront.laundrygo.com/smartfactory/smartfactory_20251014070507_d30f1301e5324a6d8bee5c60a82d72dd.jpeg
XBOM2WLP,2025.10.13,티셔츠,https://cloudfront.laundrygo.com/smartfactory/smartfactory_20251014054205_da3a3370d249424481b683a4635cfe7b.jpeg
XBOM2WLP,2025.10.13,티셔츠,https://cloudfront.laundrygo.com/smartfactory/smartfactory_20251014054205_de73628adea24c76892205fd90138806.jpeg
V7HCX6D0,2025.10.13,티셔츠,https://cloudfront.laundrygo.com/smartfactory/smartfactory_20251014063706_742b109995f24f33b83642798bb98ac9.jpeg
0QEZ4TF1,2025.10.13,티셔츠,https://cloudfront.laundrygo.com/smartfactory/smartfactory_20251014085108_9817a28a3f6147feb8974397ebe9445d.jpeg
0QEZ4TF1,2025.10.13,티셔츠,https://cloudfront.laundrygo.com/smartfactory/smartfactory_20251014085208_df7bd863bf3945d7b6414c154fb7ea18.jpeg
845ETACN,2025.10.13,티셔츠,https://cloudfront.laundrygo.com/smartfactory/smartfactory_20251014082708_e72977624cd34b7d9e91851f1e654a9f.jpeg
845ETACN,2025.10.13,티셔츠,https://cloudfront.laundrygo.com/smartfactory/smartfactory_20251014082808_151e5be37039429282e00df27cdb5c4a.jpeg
HALU889P,2025.10.14,티셔츠,https://cloudfront.laundrygo.com/smartfactory/smartfactory_20251015052105_38e38de02a1548d0b285875e22c4fc91.jpeg
HALU889P,2025.10.14,티셔츠,https://cloudfront.laundrygo.com/smartfactory/smartfactory_20251015052105_1019debe650744c3af222c4e7cf2b0f7.jpeg
HALU889P,2025.10.14,티셔츠,https://cloudfront.laundrygo.com/smartfactory/smartfactory_20251015052305_72237d0620d54c4682cbd62e0270f14a.jpeg
HALU889P,2025.10.14,티셔츠,https://cloudfront.laundrygo.com/smartfactory/smartfactory_20251015052305_2294daa299cd41ab8923268ca9c99fcc.jpeg
FPP9YBNG,2025.10.14,티셔츠,https://cloudfront.laundrygo.com/smartfactory/smartfactory_20251015085008_e154df2c2d044cc385421491b0238fd3.jpeg
XHH0DT03,2025.10.14,티셔츠,https://cloudfront.laundrygo.com/smartfactory/smartfactory_20251015055105_ba1125a6afd64d488e3404bea7025746.jpeg
45WXISEL,2025.10.14,티셔츠,https://cloudfront.laundrygo.com/smartfactory/smartfactory_20251016103510_c447d84dd06047408139a9123747d698.jpeg
25RM4V07,2025.10.14,티셔츠,https://cloudfront.laundrygo.com/smartfactory/smartfactory_20251015052805_54f81f65a0324727bbc3507c2d364561.jpeg
25RM4V07,2025.10.14,티셔츠,https://cloudfront.laundrygo.com/smartfactory/smartfactory_20251015053005_8ea1e1c47b9a4bc2ae5a1fe4d5bc4759.jpeg
7HDMDDBX,2025.10.15,티셔츠,https://cloudfront.laundrygo.com/smartfactory/smartfactory_20251017144114_13f8ab71e7e04d149f857d4f709cf1b3.jpeg
7HDMDDBX,2025.10.15,티셔츠,https://cloudfront.laundrygo.com/smartfactory/smartfactory_20251017144214_c34fbb79de5644b18e8f256d6eb0d4d2.jpeg
7HDMDDBX,2025.10.15,티셔츠,https://cloudfront.laundrygo.com/smartfactory/smartfactory_20251017144214_9cce0744fb74487690f983b4cb78c19e.jpeg
7HDMDDBX,2025.10.15,티셔츠,https://cloudfront.laundrygo.com/smartfactory/smartfactory_20251017144314_ee639d1992cf4a1085403f8ba8feb10c.jpeg
K4H90WNS,2025.10.15,티셔츠,https://cloudfront.laundrygo.com/smartfactory/smartfactory_20251016064906_1a4212927bf04e0d8a0b6a14c2f7997a.jpeg
72EDSUXD,2025.10.15,티셔츠,https://cloudfront.laundrygo.com/smartfactory/smartfactory_20251016055705_42370776d6bc4e45ae3325c72e0a2baa.jpeg
72EDSUXD,2025.10.15,티셔츠,https://cloudfront.laundrygo.com/smartfactory/smartfactory_20251016055805_b142a59d19ca420f9da6662c1138e738.jpeg
72EDSUXD,2025.10.15,티셔츠,https://cloudfront.laundrygo.com/smartfactory/smartfactory_20251016055905_f201f3b7016f45aa92f6626efeb61246.jpeg
2R0JSXFA,2025.10.15,티셔츠,https://cloudfront.laundrygo.com/smartfactory/smartfactory_20251016035103_f8494092adcf4d10ad423a54bfecc11a.jpeg
2R0JSXFA,2025.10.15,티셔츠,https://cloudfront.laundrygo.com/smartfactory/smartfactory_20251016035303_1c2900b48cbe4ff286118fcdaddeda81.jpeg
QCZ2BL2B,2025.10.15,티셔츠,https://cloudfront.laundrygo.com/smartfactory/smartfactory_20251016021902_43c68138c3ba4569b6052dd8a2def6cf.jpeg
QCZ2BL2B,2025.10.15,티셔츠,https://cloudfront.laundrygo.com/smartfactory/smartfactory_20251016021902_062b5b52725b4185a1122930f9b3ea7b.jpeg
XBOM2WLP,2025.10.15,티셔츠,https://cloudfront.laundrygo.com/smartfactory/smartfactory_20251016051805_01340138fd944ccda922643bdcbd8b8e.jpeg
GK9XEPAK,2025.10.15,티셔츠,https://cloudfront.laundrygo.com/smartfactory/smartfactory_20251016091909_830ee148253d40f59d495a1e1c04aff6.jpeg
J8EKVUY9,2025.10.16,티셔츠,https://cloudfront.laundrygo.com/smartfactory/smartfactory_20251018160416_a700f465a8d0474a839e085ce9e33541.jpeg
J8EKVUY9,2025.10.16,티셔츠,https://cloudfront.laundrygo.com/smartfactory/smartfactory_20251018160616_52449075638a48dda159ef2459f73c0a.jpeg
J8EKVUY9,2025.10.16,티셔츠,https://cloudfront.laundrygo.com/smartfactory/smartfactory_20251019110211_7265f930dcfb4229a009781f8bb86a9a.jpeg
J8EKVUY9,2025.10.16,티셔츠,https://cloudfront.laundrygo.com/smartfactory/smartfactory_20251019110211_cb72c8d4e46b483880c6797856e13143.jpeg
2Y5DSM48,2025.10.16,티셔츠,https://cloudfront.laundrygo.com/smartfactory/smartfactory_20251017051705_0a426931c1954df3809cc64c0338a75d.jpeg
SSVQUE6Q,2025.10.16,티셔츠,https://cloudfront.laundrygo.com/smartfactory/smartfactory_20251017054405_5f54fc4481ef497da7a571bb37cd62f8.jpeg
SSVQUE6Q,2025.10.16,티셔츠,https://cloudfront.laundrygo.com/smartfactory/smartfactory_20251017054405_f729d5b54ff34b47b710d8d280385bc6.jpeg
SSVQUE6Q,2025.10.16,티셔츠,https://cloudfront.laundrygo.com/smartfactory/smartfactory_20251017054505_f6368486ffd7490a873765492ba94c84.jpeg
SSVQUE6Q,2025.10.16,티셔츠,https://cloudfront.laundrygo.com/smartfactory/smartfactory_20251017054605_9d16f1966813468abf7930179c13b479.jpeg
SSVQUE6Q,2025.10.16,티셔츠,https://cloudfront.laundrygo.com/smartfactory/smartfactory_20251017054605_b4645b75a9f140139f68891eba07b393.jpeg
SSVQUE6Q,2025.10.16,티셔츠,https://cloudfront.laundrygo.com/smartfactory/smartfactory_20251017054605_f667d47578f1436a9f9904f29f72525b.jpeg
SSVQUE6Q,2025.10.16,티셔츠,https://cloudfront.laundrygo.com/smartfactory/smartfactory_20251017054605_d9f00527ebb9486093db01ff8241f837.jpeg
SSVQUE6Q,2025.10.16,티셔츠,https://cloudfront.laundrygo.com/smartfactory/smartfactory_20251017054705_302f7a0bbe42404f9cc3aaf83a881ecf.jpeg
JY6ZWQZL,2025.10.16,티셔츠,https://cloudfront.laundrygo.com/smartfactory/smartfactory_20251017011601_a48b4cc0013042fea7a2dc30c2980105.jpeg
JY6ZWQZL,2025.10.16,티셔츠,https://cloudfront.laundrygo.com/smartfactory/smartfactory_20251017011601_1fbccf2250bc43daa4733c96e98c164f.jpeg
3ZJHQZX1,2025.10.16,티셔츠,https://cloudfront.laundrygo.com/smartfactory/smartfactory_20251017092009_c6a173737a0442caa9d500b0bf1dc558.jpeg
3ZJHQZX1,2025.10.16,티셔츠,https://cloudfront.laundrygo.com/smartfactory/smartfactory_20251017092309_61fc02ac490647a19ddd93c67a2d491a.jpeg
MXBK9AFC,2025.10.17,티셔츠,https://cloudfront.laundrygo.com/smartfactory/smartfactory_20251018011301_572aa174dd0c489ebd883ae7a721f9b7.jpeg
5PJTZX7B,2025.10.17,티셔츠,https://cloudfront.laundrygo.com/smartfactory/smartfactory_20251018061406_fbeeb20759774492960ecac49e60d99e.jpeg
GVRSSYRJ,2025.10.17,티셔츠,https://cloudfront.laundrygo.com/smartfactory/smartfactory_20251018012001_ffe831e6fedc497e95ccb81f21803f8a.jpeg
QV78M8P9,2025.10.17,티셔츠,https://cloudfront.laundrygo.com/smartfactory/smartfactory_20251018005900_180e63249167419fb6a07c0c3ccc7522.jpeg
QV78M8P9,2025.10.17,티셔츠,https://cloudfront.laundrygo.com/smartfactory/smartfactory_20251018010001_8d0d0b5917364d3090f5e55ba03e81e1.jpeg
QV78M8P9,2025.10.17,티셔츠,https://cloudfront.laundrygo.com/smartfactory/smartfactory_20251018010001_87c30000aa72413d9c6eab66d56cdfb4.jpeg
QV78M8P9,2025.10.17,티셔츠,https://cloudfront.laundrygo.com/smartfactory/smartfactory_20251018010101_937043cb5bca4a7fa4ad1db31fe3ae95.jpeg
76K6BC89,2025.10.17,티셔츠,https://cloudfront.laundrygo.com/smartfactory/smartfactory_20251018091409_6ce778da05b940398bfaa889b811eb9a.jpeg
BU5VJDRB,2025.10.17,티셔츠,https://cloudfront.laundrygo.com/smartfactory/smartfactory_20251018071007_0618e584b14646c18f5e06c01c324d7b.jpeg
BU5VJDRB,2025.10.17,티셔츠,https://cloudfront.laundrygo.com/smartfactory/smartfactory_20251018071007_a97e95d5493a4b53bd7e122bffb3198b.jpeg
25RM4V07,2025.10.17,티셔츠,https://cloudfront.laundrygo.com/smartfactory/smartfactory_20251018041704_8042169a1fcc4621aa61d9eeb1e20b6f.jpeg
25RM4V07,2025.10.17,티셔츠,https://cloudfront.laundrygo.com/smartfactory/smartfactory_20251018041804_513801cd066d4ab1bd30109e6e4facee.jpeg
IXRRIYAJ,2025.10.17,티셔츠,https://cloudfront.laundrygo.com/smartfactory/smartfactory_20251018080408_62aa396c273d46acac4dc84694373a65.jpeg
IXRRIYAJ,2025.10.17,티셔츠,https://cloudfront.laundrygo.com/smartfactory/smartfactory_20251018080508_76b675872e074f8a8335fa79cc181652.jpeg
2R0JSXFA,2025.10.18,티셔츠,https://cloudfront.laundrygo.com/smartfactory/smartfactory_20251019101610_8623de2a2aec4923bcf8fd63ebb4ed9b.jpeg
2R0JSXFA,2025.10.18,티셔츠,https://cloudfront.laundrygo.com/smartfactory/smartfactory_20251019101710_2a790c51bb584c0e96531405ca97e192.jpeg
2R0JSXFA,2025.10.18,티셔츠,https://cloudfront.laundrygo.com/smartfactory/smartfactory_20251019101710_2d41f3f0ecfc455ebc4287624f1cdeb3.jpeg
2R0JSXFA,2025.10.18,티셔츠,https://cloudfront.laundrygo.com/smartfactory/smartfactory_20251019101810_1e137f9d0dda42c9979a54173d3c551a.jpeg
45WXISEL,2025.10.18,티셔츠,https://cloudfront.laundrygo.com/smartfactory/smartfactory_20251020153415_6623921b0eb0463c88abb5df0bec1bd8.jpeg
45WXISEL,2025.10.18,티셔츠,https://cloudfront.laundrygo.com/smartfactory/smartfactory_20251020153815_d71ac965e4034e0c8b3ff336ee0be371.jpeg
45WXISEL,2025.10.18,티셔츠,https://cloudfront.laundrygo.com/smartfactory/smartfactory_20251020153915_a932676d3cfc440d86be5c108b03556e.jpeg
JIXFZF5Y,2025.10.18,티셔츠,https://cloudfront.laundrygo.com/smartfactory/smartfactory_20251019035403_dd6aec751a314653aa6a6bbdb85f83d9.jpeg
JIXFZF5Y,2025.10.18,티셔츠,https://cloudfront.laundrygo.com/smartfactory/smartfactory_20251019035403_bd27d432a5c04ed8818ba14e565dce41.jpeg
JIXFZF5Y,2025.10.18,티셔츠,https://cloudfront.laundrygo.com/smartfactory/smartfactory_20251019035503_0b2bb49d74234c81b45c29ef84a3ba89.jpeg
GGE6DSVW,2025.10.18,티셔츠,https://cloudfront.laundrygo.com/smartfactory/smartfactory_20251019091909_eb70470d16714ea7897f2592a94bed15.jpeg
EL2TR2R9,2025.10.19,티셔츠,https://cloudfront.laundrygo.com/smartfactory/smartfactory_20251020011301_918322a6b3c4408b9a21b5f094c146ab.jpeg
EL2TR2R9,2025.10.19,티셔츠,https://cloudfront.laundrygo.com/smartfactory/smartfactory_20251020011601_f79bf10e3e1a46f4b20db8adc6327d7a.jpeg
EL2TR2R9,2025.10.19,티셔츠,https://cloudfront.laundrygo.com/smartfactory/smartfactory_20251020011701_7ff0a69db6d643e1a7b80208458e7305.jpeg
HALU889P,2025.10.19,티셔츠,https://cloudfront.laundrygo.com/smartfactory/smartfactory_20251020013601_960a7b6d40824e9086777da17cd78646.jpeg
HALU889P,2025.10.19,티셔츠,https://cloudfront.laundrygo.com/smartfactory/smartfactory_20251020013801_36d4ac87d15149a6a93571da24bce2ac.jpeg
T8E6FEJW,2025.10.19,티셔츠,https://cloudfront.laundrygo.com/smartfactory/smartfactory_20251020022502_dd465e94eec84f349dca300c9677a032.jpeg
T8E6FEJW,2025.10.19,티셔츠,https://cloudfront.laundrygo.com/smartfactory/smartfactory_20251020022502_f663d40bdf5a4369825153bda4f19e99.jpeg
T8E6FEJW,2025.10.19,티셔츠,https://cloudfront.laundrygo.com/smartfactory/smartfactory_20251020022602_fd0c8ff4fc044487a7ca8717d636790e.jpeg
OJ7AR6QZ,2025.10.19,티셔츠,https://cloudfront.laundrygo.com/smartfactory/smartfactory_20251020102610_6b139b9713c8405ea4a68fae3b02c90d.jpeg
OJ7AR6QZ,2025.10.19,티셔츠,https://cloudfront.laundrygo.com/smartfactory/smartfactory_20251020102710_85f1105bcb86435a8378eecb460f0aad.jpeg
OJ7AR6QZ,2025.10.19,티셔츠,https://cloudfront.laundrygo.com/smartfactory/smartfactory_20251020102710_6551930cc1fc4bafaf79396c9df608d2.jpeg
YTYI58HG,2025.10.19,티셔츠,https://cloudfront.laundrygo.com/smartfactory/smartfactory_20251020023202_ee70515775304af19384ccba57e06d4e.jpeg
25RM4V07,2025.10.19,티셔츠,https://cloudfront.laundrygo.com/smartfactory/smartfactory_20251020043504_0a9a553e2daf4a1eac20b368c77f27ac.jpeg
JC1PB4D0,2025.10.19,티셔츠,https://cloudfront.laundrygo.com/smartfactory/smartfactory_20251020110811_c2868ade9d8a48bc9abdcbe7c4019aaa.jpeg
JC1PB4D0,2025.10.19,티셔츠,https://cloudfront.laundrygo.com/smartfactory/smartfactory_20251020110811_bf85e66c0cae44059e9b5aed02ede6f2.jpeg
JC1PB4D0,2025.10.19,티셔츠,https://cloudfront.laundrygo.com/smartfactory/smartfactory_20251020111011_9664dec5f2de4f58b490c451d9d58a44.jpeg
RAOZJLUL,2025.10.19,티셔츠,https://cloudfront.laundrygo.com/smartfactory/smartfactory_20251020031703_74607fa7671340d1a5b3b7d8427bcde7.jpeg
RAOZJLUL,2025.10.19,티셔츠,https://cloudfront.laundrygo.com/smartfactory/smartfactory_20251020031803_850b21a16889453ba2a5578232e39511.jpeg
RAOZJLUL,2025.10.19,티셔츠,https://cloudfront.laundrygo.com/smartfactory/smartfactory_20251020031903_9777068202164f498e2948a7d4b30282.jpeg
XMLHFOZQ,2025.10.19,티셔츠,https://cloudfront.laundrygo.com/smartfactory/smartfactory_20251020073007_fbaf904233994037b5cbfec605921902.jpeg
YZZ7MWRL,2025.10.20,티셔츠,https://cloudfront.laundrygo.com/smartfactory/smartfactory_20251021024002_cc1965b88d844ac98a727ac649b17505.jpeg
QV78M8P9,2025.10.20,티셔츠,https://cloudfront.laundrygo.com/smartfactory/smartfactory_20251021003600_02750f176393498399360c1c6d445daa.jpeg
UQAF7PCB,2025.10.21,티셔츠,https://cloudfront.laundrygo.com/smartfactory/smartfactory_20251022055905_61319f8ecf6b4b1482f7e1212357bfef.jpeg
GVRSSYRJ,2025.10.21,티셔츠,https://cloudfront.laundrygo.com/smartfactory/smartfactory_20251022004900_451d5fd2b0fa461191b5ad2ac3ac7e87.jpeg
V9GQSYD8,2025.10.21,티셔츠,https://cloudfront.laundrygo.com/smartfactory/smartfactory_20251022012201_fb9806dbb9664993b948a05fcc5e691c.jpeg
XHH0DT03,2025.10.21,티셔츠,https://cloudfront.laundrygo.com/smartfactory/smartfactory_20251022044304_eb9cfa8732f946a5a8f9a328a070bcef.jpeg
907MFCA9,2025.10.21,티셔츠,https://cloudfront.laundrygo.com/smartfactory/smartfactory_20251022094109_f96e3215678e4b70b869f23121c2a124.jpeg
907MFCA9,2025.10.21,티셔츠,https://cloudfront.laundrygo.com/smartfactory/smartfactory_20251022094209_82b9d00f32694a038859c0153c0cfd8d.jpeg
SSVQUE6Q,2025.10.21,티셔츠,https://cloudfront.laundrygo.com/smartfactory/smartfactory_20251022043404_7fc066f8c0b6463b84b10cb5a0727bfb.jpeg
SSVQUE6Q,2025.10.21,티셔츠,https://cloudfront.laundrygo.com/smartfactory/smartfactory_20251022043404_4b4cf160bdcf4b55bac407e68ecda625.jpeg
SSVQUE6Q,2025.10.21,티셔츠,https://cloudfront.laundrygo.com/smartfactory/smartfactory_20251022043404_2aa1278bc07c4571a0ed43eeac3543ec.jpeg
SSVQUE6Q,2025.10.21,티셔츠,https://cloudfront.laundrygo.com/smartfactory/smartfactory_20251022043404_4a106e8ce8ee40958d98d7bd0144b97c.jpeg
SSVQUE6Q,2025.10.21,티셔츠,https://cloudfront.laundrygo.com/smartfactory/smartfactory_20251022043504_0d063252666742b4b43e1b3ec3b5eddb.jpeg
SSVQUE6Q,2025.10.21,티셔츠,https://cloudfront.laundrygo.com/smartfactory/smartfactory_20251022043504_608e4b7c0c2846f6a4ec07c4309b4015.jpeg
SSVQUE6Q,2025.10.21,티셔츠,https://cloudfront.laundrygo.com/smartfactory/smartfactory_20251022043504_d8fa7a3ca98343c9a1943f4dafb51d07.jpeg
SSVQUE6Q,2025.10.21,티셔츠,https://cloudfront.laundrygo.com/smartfactory/smartfactory_20251022043604_e36da8b720d94e7597d31a2e0e96d6a2.jpeg
7HDMDDBX,2025.10.22,티셔츠,https://cloudfront.laundrygo.com/smartfactory/smartfactory_20251023060806_e315ce7b9c8f4b2fa98474d80af33d6e.jpeg
7HDMDDBX,2025.10.22,티셔츠,https://cloudfront.laundrygo.com/smartfactory/smartfactory_20251023060906_6b072e1db1a94fce998e8c7a8155872c.jpeg
7HDMDDBX,2025.10.22,티셔츠,https://cloudfront.laundrygo.com/smartfactory/smartfactory_20251023060906_b6cda3e49c0d452ebff41cfd3542562b.jpeg
7HDMDDBX,2025.10.22,티셔츠,https://cloudfront.laundrygo.com/smartfactory/smartfactory_20251023061106_67e7291f13b54f2092b14254429f202f.jpeg
7HDMDDBX,2025.10.22,티셔츠,https://cloudfront.laundrygo.com/smartfactory/smartfactory_20251023061206_b3be7d59d1864cc99d29c3086032312e.jpeg
9SL1YYE4,2025.10.22,티셔츠,https://cloudfront.laundrygo.com/smartfactory/smartfactory_20251023103010_1be6a0d04abf42239f9a8afb4cb5e113.jpeg
9SL1YYE4,2025.10.22,티셔츠,https://cloudfront.laundrygo.com/smartfactory/smartfactory_20251023141414_c5028546be4341a7852fe398aab53850.jpeg
K4H90WNS,2025.10.22,티셔츠,https://cloudfront.laundrygo.com/smartfactory/smartfactory_20251023032803_730a43a691ef4a1d908f53fc5c7d71dc.jpeg
QCZ2BL2B,2025.10.22,티셔츠,https://cloudfront.laundrygo.com/smartfactory/smartfactory_20251023024602_4f87d2c7a01a4247ab456130cb223ff0.jpeg
XHH0DT03,2025.10.23,티셔츠,https://cloudfront.laundrygo.com/smartfactory/smartfactory_20251024075907_cbd6177febaf4983ad1abbe1d531b37e.jpeg
XBOM2WLP,2025.10.23,티셔츠,https://cloudfront.laundrygo.com/smartfactory/smartfactory_20251024081508_2e4bc054775f4244af0c341467c3a8d0.jpeg
XBOM2WLP,2025.10.23,티셔츠,https://cloudfront.laundrygo.com/smartfactory/smartfactory_20251024081608_477c2c8f79d44ce686d6f261e5c11d5d.jpeg
XBOM2WLP,2025.10.23,티셔츠,https://cloudfront.laundrygo.com/smartfactory/smartfactory_20251024081708_b5cd751e31d04e9883d9cb02595869d0.jpeg
25RM4V07,2025.10.23,티셔츠,https://cloudfront.laundrygo.com/smartfactory/smartfactory_20251024025802_40a6179133084a8795fa5a0fe5a9df2a.jpeg
25RM4V07,2025.10.23,티셔츠,https://cloudfront.laundrygo.com/smartfactory/smartfactory_20251024030003_e35321a40fc74d17b59f468bedd3046f.jpeg
25RM4V07,2025.10.23,티셔츠,https://cloudfront.laundrygo.com/smartfactory/smartfactory_20251024030003_abc0f2d42522433ba6e849b16e911d3a.jpeg
GSHKANZM,2025.10.24,티셔츠,https://cloudfront.laundrygo.com/smartfactory/smartfactory_20251025085308_f67ffd1d93b14221811b9e0aa9fea6c9.jpeg
7HDMDDBX,2025.10.24,티셔츠,https://cloudfront.laundrygo.com/smartfactory/smartfactory_20251025005100_b529f598f8034b9287392ffad1ffe6e8.jpeg
7HDMDDBX,2025.10.24,티셔츠,https://cloudfront.laundrygo.com/smartfactory/smartfactory_20251025005200_cb86b96ca32e48ea8b11204325d42e1e.jpeg
7HDMDDBX,2025.10.24,티셔츠,https://cloudfront.laundrygo.com/smartfactory/smartfactory_20251025005300_402f80af1c7e48e4b6e81ad0052dfb6d.jpeg
6FTJ6NJJ,2025.10.24,티셔츠,https://cloudfront.laundrygo.com/smartfactory/smartfactory_20251025084708_0616586621f44c6f937b426255ffb6f3.jpeg
3ZJHQZX1,2025.10.24,티셔츠,https://cloudfront.laundrygo.com/smartfactory/smartfactory_20251025092709_cbe76e701c814d538a6f526d54e54a8b.jpeg
72EDSUXD,2025.10.25,티셔츠,https://cloudfront.laundrygo.com/smartfactory/smartfactory_20251026074707_86a46ce85d9d401a9cc308df79cc7efa.jpeg
72EDSUXD,2025.10.25,티셔츠,https://cloudfront.laundrygo.com/smartfactory/smartfactory_20251026074707_9e571135277e45efaa89ac4f8586c469.jpeg
2R0JSXFA,2025.10.25,티셔츠,https://cloudfront.laundrygo.com/smartfactory/smartfactory_20251026070307_fb5af73fd8464ec88302e60db0f618f7.jpeg
2R0JSXFA,2025.10.25,티셔츠,https://cloudfront.laundrygo.com/smartfactory/smartfactory_20251026070507_a6d7d590d4c9465281070d9c01e0e11b.jpeg
X7PTBDGH,2025.10.25,티셔츠,https://cloudfront.laundrygo.com/smartfactory/smartfactory_20251027163616_af39aa2168a84286b84fc7235f18b270.jpeg
X7PTBDGH,2025.10.25,티셔츠,https://cloudfront.laundrygo.com/smartfactory/smartfactory_20251027163716_fd0eb015ef7e4797b3b5ae0920eef48d.jpeg
X7PTBDGH,2025.10.25,티셔츠,https://cloudfront.laundrygo.com/smartfactory/smartfactory_20251027163816_880c918c2cce4280b96efcf53c0cb06f.jpeg
25RM4V07,2025.10.25,티셔츠,https://cloudfront.laundrygo.com/smartfactory/smartfactory_20251026055405_8f4976b14ef14e389214bbe1e452adde.jpeg
907MFCA9,2025.10.26,티셔츠,https://cloudfront.laundrygo.com/smartfactory/smartfactory_20251027100310_c3a2a4f5fb5744d8a2c44e48c7a4cecd.jpeg
907MFCA9,2025.10.26,티셔츠,https://cloudfront.laundrygo.com/smartfactory/smartfactory_20251027100610_fc737294465f48d9ba6c37f91cd9273e.jpeg
QCZ2BL2B,2025.10.26,티셔츠,https://cloudfront.laundrygo.com/smartfactory/smartfactory_20251027023802_ecdaf362cc2e4c479f62ba37abde8179.jpeg
ET8D4PJN,2025.10.26,티셔츠,https://cloudfront.laundrygo.com/smartfactory/smartfactory_20251027100610_6e6f095933854264b39ed46a79764414.jpeg
3ZJHQZX1,2025.10.26,티셔츠,https://cloudfront.laundrygo.com/smartfactory/smartfactory_20251027071207_53dfbefe9c904f6cab102787e3df89c5.jpeg
3ZJHQZX1,2025.10.26,티셔츠,https://cloudfront.laundrygo.com/smartfactory/smartfactory_20251027071307_d8d034e838e44396a95dca3137149273.jpeg
V9GQSYD8,2025.10.27,티셔츠,https://cloudfront.laundrygo.com/smartfactory/smartfactory_20251028072807_d81704b7cc6e4bbcb71f4f0a57be77d2.jpeg
K4H90WNS,2025.10.28,티셔츠,https://cloudfront.laundrygo.com/smartfactory/smartfactory_20251029075207_fb6b32563dc44227ad3eeddbd52f1a56.jpeg
45WXISEL,2025.10.28,티셔츠,https://cloudfront.laundrygo.com/smartfactory/smartfactory_20251029081608_b82f501d9467473fbff891381302e56b.jpeg
45WXISEL,2025.10.28,티셔츠,https://cloudfront.laundrygo.com/smartfactory/smartfactory_20251029081708_d73a90f5877d4a0da51fc60fe6503fbf.jpeg
SSVQUE6Q,2025.10.28,티셔츠,https://cloudfront.laundrygo.com/smartfactory/smartfactory_20251029051705_7220302626934e23953f6cc00c281860.jpeg
SSVQUE6Q,2025.10.28,티셔츠,https://cloudfront.laundrygo.com/smartfactory/smartfactory_20251029051705_76e668eeb79c4f52aef8370d450d7b19.jpeg
SSVQUE6Q,2025.10.28,티셔츠,https://cloudfront.laundrygo.com/smartfactory/smartfactory_20251029051805_ee0ffd079cc4431f84cc88782e5666bc.jpeg
SSVQUE6Q,2025.10.28,티셔츠,https://cloudfront.laundrygo.com/smartfactory/smartfactory_20251029051905_5ff98e012ab847c096281c1c744370af.jpeg
SSVQUE6Q,2025.10.28,티셔츠,https://cloudfront.laundrygo.com/smartfactory/smartfactory_20251029051905_6b72ca4737194fc2996e8de1c153f060.jpeg
XBOM2WLP,2025.10.28,티셔츠,https://cloudfront.laundrygo.com/smartfactory/smartfactory_20251029010001_e4af95b8254e453cb0975a3210605cb3.jpeg
XBOM2WLP,2025.10.28,티셔츠,https://cloudfront.laundrygo.com/smartfactory/smartfactory_20251029010101_4e00ccd2dc904641b2c59c30f8496cef.jpeg
V9GQSYD8,2025.10.29,티셔츠,https://cloudfront.laundrygo.com/smartfactory/smartfactory_20251030035503_de54d53762a3483bba4e31351a42f32c.jpeg
JIXFZF5Y,2025.10.29,티셔츠,https://cloudfront.laundrygo.com/smartfactory/smartfactory_20251030031403_a9e96cae97df4274a84c89ef8256dd02.jpeg
JIXFZF5Y,2025.10.29,티셔츠,https://cloudfront.laundrygo.com/smartfactory/smartfactory_20251030031403_93411ef7cbdd47c2980ca5bb60e33df9.jpeg
JY6ZWQZL,2025.10.29,티셔츠,https://cloudfront.laundrygo.com/smartfactory/smartfactory_20251030011201_668e5e660c5a4ed9b04feb851ed8844a.jpeg
JY6ZWQZL,2025.10.29,티셔츠,https://cloudfront.laundrygo.com/smartfactory/smartfactory_20251030011301_fa8d8bc0080644338a96dae39a31a05a.jpeg
JY6ZWQZL,2025.10.29,티셔츠,https://cloudfront.laundrygo.com/smartfactory/smartfactory_20251030011401_f3c038e49c844cda994ecc3dc2f1fb16.jpeg
JY6ZWQZL,2025.10.29,티셔츠,https://cloudfront.laundrygo.com/smartfactory/smartfactory_20251030011501_cbcaa8e21e114535b5c33eb9acfba687.jpeg
JY6ZWQZL,2025.10.29,티셔츠,https://cloudfront.laundrygo.com/smartfactory/smartfactory_20251030011501_126e5b8316fa43568a8dec89d39a4bc4.jpeg
GVWBKFEI,2025.10.29,티셔츠,https://cloudfront.laundrygo.com/smartfactory/smartfactory_20251030082408_eddce82266274516b0e16e429772209a.jpeg
845ETACN,2025.10.29,티셔츠,https://cloudfront.laundrygo.com/smartfactory/smartfactory_20251030035303_c366229607e34503b9d10bbb634b0777.jpeg
GSHKANZM,2025.10.31,티셔츠,https://cloudfront.laundrygo.com/smartfactory/smartfactory_20251101004300_44e7a2e1145643fba43c48007d58c35c.jpeg
GSHKANZM,2025.10.31,티셔츠,https://cloudfront.laundrygo.com/smartfactory/smartfactory_20251101004400_157a7a9a6ec945b48d7c3bb7a9b4bd7f.jpeg
AZD3BJMZ,2025.10.31,티셔츠,https://cloudfront.laundrygo.com/smartfactory/smartfactory_20251101050005_53d50a4292c2420d8e006bb41e91b9a5.jpeg
AZD3BJMZ,2025.10.31,티셔츠,https://cloudfront.laundrygo.com/smartfactory/smartfactory_20251101050105_6378b77e37db4d6ba23b88ca33a1966e.jpeg
5PJTZX7B,2025.10.31,티셔츠,https://cloudfront.laundrygo.com/smartfactory/smartfactory_20251101012801_83abbd9c8a874a5596d658a055ebf6e9.jpeg
5PJTZX7B,2025.10.31,티셔츠,https://cloudfront.laundrygo.com/smartfactory/smartfactory_20251101012901_6d2bfe8ce9e842be97bb2ea0b082c892.jpeg
5PJTZX7B,2025.10.31,티셔츠,https://cloudfront.laundrygo.com/smartfactory/smartfactory_20251101012901_3fc9c6fe664a48eeaac18a8797b94674.jpeg
5PJTZX7B,2025.10.31,티셔츠,https://cloudfront.laundrygo.com/smartfactory/smartfactory_20251101013001_dc822e94cf6d4d4689fa501b3b2e1d6a.jpeg
JJBXMWPT,2025.10.31,티셔츠,https://cloudfront.laundrygo.com/smartfactory/smartfactory_20251101013201_5be17abe7d734484a39cedd3550f012f.jpeg
2R0JSXFA,2025.10.31,티셔츠,https://cloudfront.laundrygo.com/smartfactory/smartfactory_20251101045104_121683bc4b25440b9748df9f3781aa50.jpeg
2R0JSXFA,2025.10.31,티셔츠,https://cloudfront.laundrygo.com/smartfactory/smartfactory_20251101045204_279683b602df4170afc88c07a09f7835.jpeg
BU5VJDRB,2025.10.31,티셔츠,https://cloudfront.laundrygo.com/smartfactory/smartfactory_20251101080508_41439d6cc71842bb8715d848b4f4674d.jpeg
XBOM2WLP,2025.10.31,티셔츠,https://cloudfront.laundrygo.com/smartfactory/smartfactory_20251101004700_ba41b6b778374024b5e3fc67d14738d6.jpeg
XBOM2WLP,2025.10.31,티셔츠,https://cloudfront.laundrygo.com/smartfactory/smartfactory_20251101005000_5ab94f7beb4d44dba77c565f52ba6c1e.jpeg
MNYDQ5UU,2025.11.1,티셔츠,https://cloudfront.laundrygo.com/smartfactory/smartfactory_20251102093509_adbd78e7672440bbaea4afa05203746e.jpeg
MNYDQ5UU,2025.11.1,티셔츠,https://cloudfront.laundrygo.com/smartfactory/smartfactory_20251102093509_aa5f1171e1984e41b535755622d75da3.jpeg
MNYDQ5UU,2025.11.1,티셔츠,https://cloudfront.laundrygo.com/smartfactory/smartfactory_20251102093609_0c290b0a66184da2b1ee93653ac77c37.jpeg
YZZ7MWRL,2025.11.1,티셔츠,https://cloudfront.laundrygo.com/smartfactory/smartfactory_20251102053105_51125961e1e649b9b7bdbdfb96bf9ea3.jpeg
YZZ7MWRL,2025.11.1,티셔츠,https://cloudfront.laundrygo.com/smartfactory/smartfactory_20251102053105_41b77e3767f94c078ef423c7d66f995f.jpeg
YZZ7MWRL,2025.11.1,티셔츠,https://cloudfront.laundrygo.com/smartfactory/smartfactory_20251102053305_a1834e915ce140329e975a0c01345d48.jpeg
YZZ7MWRL,2025.11.1,티셔츠,https://cloudfront.laundrygo.com/smartfactory/smartfactory_20251102053405_6783657fab3341a6b602aa8a89ccb46a.jpeg
YZZ7MWRL,2025.11.1,티셔츠,https://cloudfront.laundrygo.com/smartfactory/smartfactory_20251102053805_8f0605221413454da5bdddddfbcc26bd.jpeg
YZZ7MWRL,2025.11.1,티셔츠,https://cloudfront.laundrygo.com/smartfactory/smartfactory_20251102053805_49e4102d7c3846948f620b152c6f0bae.jpeg
SSVQUE6Q,2025.11.1,티셔츠,https://cloudfront.laundrygo.com/smartfactory/smartfactory_20251102083808_2c5a4170375d443a9f51a9f037cba85b.jpeg
SSVQUE6Q,2025.11.1,티셔츠,https://cloudfront.laundrygo.com/smartfactory/smartfactory_20251102083808_02941c8d72df4dce8d6891153d766c34.jpeg
SSVQUE6Q,2025.11.1,티셔츠,https://cloudfront.laundrygo.com/smartfactory/smartfactory_20251102083908_006809d350b946b3a826fab9bbc39217.jpeg
SSVQUE6Q,2025.11.1,티셔츠,https://cloudfront.laundrygo.com/smartfactory/smartfactory_20251102084108_10c1847f9f554e2aac1bdbac657f5c7f.jpeg
SSVQUE6Q,2025.11.1,티셔츠,https://cloudfront.laundrygo.com/smartfactory/smartfactory_20251102084108_862f952ca2ac4cda83c4def920f22486.jpeg
J1MCKRAU,2025.11.1,티셔츠,https://cloudfront.laundrygo.com/smartfactory/smartfactory_20251102072307_66cc996c2cb345579f4adba7cc3c5b85.jpeg
R8NS2DAM,2025.10.2,쿠션커버,https://cloudfront.laundrygo.com/smartfactory/smartfactory_20251003052905_ee8fb341ffb24762861c12a9e680df9c.jpeg
3ZJHQZX1,2025.9.15,"코트, 트렌치코트",https://cloudfront.laundrygo.com/smartfactory/smartfactory_20250916042804_3071de57fead49ddb81d726e12df4c80.jpeg
GJC2KN3Y,2025.10.7,"코트, 트렌치코트",https://cloudfront.laundrygo.com/smartfactory/smartfactory_20251008052305_8447f8482f704c3fb7469bef3252ce1b.jpeg
3ZJHQZX1,2025.10.8,"코트, 트렌치코트",https://cloudfront.laundrygo.com/smartfactory/smartfactory_20251009094509_87699c0de9a34bca92ffd346274700f4.jpeg
6GS9JIYM,2025.10.12,"코트, 트렌치코트",https://cloudfront.laundrygo.com/smartfactory/smartfactory_20251013082608_07293bec70b84c93add6944b4455cb43.jpeg
YZZ7MWRL,2025.10.20,"코트, 트렌치코트",https://cloudfront.laundrygo.com/smartfactory/smartfactory_20251021023902_7c623812aa33475fa57793086b535aed.jpeg
F3FKSYU9,2025.10.24,"코트, 트렌치코트",https://cloudfront.laundrygo.com/smartfactory/smartfactory_20251025053705_83643122dd56426fa8320214f06e6264.jpeg
CF4EXSN3,2025.10.26,"코트, 트렌치코트",https://cloudfront.laundrygo.com/smartfactory/smartfactory_20251027073307_6df281d64e0843738d35bbb6bbf9a3d9.jpeg
CF4EXSN3,2025.10.26,"코트, 트렌치코트",https://cloudfront.laundrygo.com/smartfactory/smartfactory_20251027073607_6f798aad19c14bd8a9219646a2850758.jpeg
GSHKANZM,2025.8.10,커버류,https://cloudfront.laundrygo.com/smartfactory/smartfactory_20250811083308_0a4ac49e9d2f432588a32c826f0b41bf.jpeg
CF4EXSN3,2025.8.10,커버류,https://cloudfront.laundrygo.com/smartfactory/smartfactory_20250811064506_b597b7e4ac2d4751a288ea5a1f78b1bf.jpeg
0QEZ4TF1,2025.8.14,커버류,https://cloudfront.laundrygo.com/smartfactory/smartfactory_20250815082208_f9ba6fea5a6a461994fb08b00ad24f25.jpeg
JC1PB4D0,2025.8.17,커버류,https://cloudfront.laundrygo.com/smartfactory/smartfactory_20250818145914_31e2c3448845462bbb0d85562d011cbf.jpeg
IV9F6UUB,2025.8.20,커버류,https://cloudfront.laundrygo.com/smartfactory/smartfactory_20250821022102_3a90e3ce7fce4eb395f4bd6b756fc38e.jpeg
IV9F6UUB,2025.8.20,커버류,https://cloudfront.laundrygo.com/smartfactory/smartfactory_20250821022002_dbfc5abccbc147da9d2024322a7129ec.jpeg
6GS9JIYM,2025.8.22,커버류,https://cloudfront.laundrygo.com/smartfactory/smartfactory_20250823185118_99bb11b4048d4899b44d3d7e01924aad.jpeg
GVWBKFEI,2025.8.24,커버류,https://cloudfront.laundrygo.com/smartfactory/smartfactory_20250825094609_73b31232b2314a48a214316d1baedb92.jpeg
GVWBKFEI,2025.8.24,커버류,https://cloudfront.laundrygo.com/smartfactory/smartfactory_20250825094909_bf5e2028eacb4dda88925a1d21ccedd2.jpeg
GSHKANZM,2025.8.29,커버류,https://cloudfront.laundrygo.com/smartfactory/smartfactory_20250830083908_0b92916db2cd437c9cb303cc2c1c3ac5.jpeg
N2M33487,2025.9.1,커버류,https://cloudfront.laundrygo.com/smartfactory/smartfactory_20250902012801_5f129bf2a68b412f8732cade606be817.jpeg
45WXISEL,2025.9.3,커버류,https://cloudfront.laundrygo.com/smartfactory/smartfactory_20250904084008_aa3af741ed534cd2b4b28e8e18859121.jpeg
IV9F6UUB,2025.9.4,커버류,https://cloudfront.laundrygo.com/smartfactory/smartfactory_20250905035503_ee14b07d73834f9ab7ae42541bce0289.jpeg
IV9F6UUB,2025.9.4,커버류,https://cloudfront.laundrygo.com/smartfactory/smartfactory_20250905035503_3c8958a555e04ffdbef6af4992ab38d2.jpeg
6GS9JIYM,2025.9.6,커버류,https://cloudfront.laundrygo.com/smartfactory/smartfactory_20250907173017_43aae4a4e6d24e04a8670a6a0bfdd408.jpeg
6GS9JIYM,2025.9.12,커버류,https://cloudfront.laundrygo.com/smartfactory/smartfactory_20250913162316_ab92b864895347f1a87233721833d59b.jpeg
0QEZ4TF1,2025.9.14,커버류,https://cloudfront.laundrygo.com/smartfactory/smartfactory_20250915062606_d10b71dd40864a529a4d6e5b4927a460.jpeg
IV9F6UUB,2025.9.18,커버류,https://cloudfront.laundrygo.com/smartfactory/smartfactory_20250919035103_c2953c36cfaa4803962757b1a2d0862d.jpeg
EL2TR2R9,2025.9.23,커버류,https://cloudfront.laundrygo.com/smartfactory/smartfactory_20250924060206_ebad265ed60c47e6b2e8d3406107fea4.jpeg
7FNBXTGJ,2025.9.26,커버류,https://cloudfront.laundrygo.com/smartfactory/smartfactory_20250927023802_9243318bab6541fc87278b7ca982bbfd.jpeg
J8YGVZLD,2025.9.30,커버류,https://cloudfront.laundrygo.com/smartfactory/smartfactory_20251001052605_a1f71deed86e4386bcc68835f6360cb7.jpeg
IV9F6UUB,2025.10.1,커버류,https://cloudfront.laundrygo.com/smartfactory/smartfactory_20251002075407_8285837a390248a783078c619672d8b2.jpeg
IV9F6UUB,2025.10.1,커버류,https://cloudfront.laundrygo.com/smartfactory/smartfactory_20251002075307_363e7b4613de4f65b9d6e8bf5210da89.jpeg
IV9F6UUB,2025.10.1,커버류,https://cloudfront.laundrygo.com/smartfactory/smartfactory_20251002075307_192f6789c1ba48d8b008f78cda6f346a.jpeg
6GS9JIYM,2025.10.1,커버류,https://cloudfront.laundrygo.com/smartfactory/smartfactory_20251004011101_00d28b2a16964f639f9dfaa5b952d17c.jpeg
R8NS2DAM,2025.10.2,커버류,https://cloudfront.laundrygo.com/smartfactory/smartfactory_20251003053605_1931bb1c1d644328a22f08f469c35b04.jpeg
ICNKZ2VE,2025.10.8,커버류,https://cloudfront.laundrygo.com/smartfactory/smartfactory_20251009102810_f6efde18eb8f4f5f9a7bb756cdac1190.jpeg
IV9F6UUB,2025.10.9,커버류,https://cloudfront.laundrygo.com/smartfactory/smartfactory_20251010060806_4a09960997d5498a9c7c80df63c1f931.jpeg
6GS9JIYM,2025.10.12,커버류,https://cloudfront.laundrygo.com/smartfactory/smartfactory_20251013090109_713c8b313053493cb1dd8228d46cdcc6.jpeg
X7PTBDGH,2025.10.14,커버류,https://cloudfront.laundrygo.com/smartfactory/smartfactory_20251017185518_58384dfa741c4275acfb1f38d41d33e7.jpeg
GSHKANZM,2025.10.16,커버류,https://cloudfront.laundrygo.com/smartfactory/smartfactory_20251017055505_9bb429a7bfc549f386a3ffb871e69175.jpeg
MXBK9AFC,2025.10.17,커버류,https://cloudfront.laundrygo.com/smartfactory/smartfactory_20251018021502_6f20a7a314c5492d8a07ad6f81af0940.jpeg
MXBK9AFC,2025.10.17,커버류,https://cloudfront.laundrygo.com/smartfactory/smartfactory_20251018013101_940ab9b430594bfdb3f39509f56d19f7.jpeg
MXBK9AFC,2025.10.17,커버류,https://cloudfront.laundrygo.com/smartfactory/smartfactory_20251018013201_a845befc3f924ad9a8938123bfff8cd6.jpeg
45WXISEL,2025.10.18,커버류,https://cloudfront.laundrygo.com/smartfactory/smartfactory_20251020152815_160fae09be90461eb63eced67ac1be33.jpeg
45WXISEL,2025.10.18,커버류,https://cloudfront.laundrygo.com/smartfactory/smartfactory_20251020152815_62dafef1074943248cd73c66ac505ed1.jpeg
45WXISEL,2025.10.18,커버류,https://cloudfront.laundrygo.com/smartfactory/smartfactory_20251020152715_037cf05c46d1487c8e1375ead96bc325.jpeg
GSHKANZM,2025.10.24,커버류,https://cloudfront.laundrygo.com/smartfactory/smartfactory_20251025090009_2e5ea208b21a4d37b41468bde2d43832.jpeg
GGJYO20G,2025.10.24,커버류,https://cloudfront.laundrygo.com/smartfactory/smartfactory_20251025083008_fae5ab7e275e46eeaf525853b822281a.jpeg
GGJYO20G,2025.10.24,커버류,https://cloudfront.laundrygo.com/smartfactory/smartfactory_20251025083108_bea063cee02449119b5e888a234c5067.jpeg
GGJYO20G,2025.10.24,커버류,https://cloudfront.laundrygo.com/smartfactory/smartfactory_20251025083108_c5476a1ab7964aa8b4abcda4d056df83.jpeg
6GS9JIYM,2025.10.26,커버류,https://cloudfront.laundrygo.com/smartfactory/smartfactory_20251029103510_971d3205c9d74132b2156144941492b9.jpeg
JC1PB4D0,2025.10.27,커버류,https://cloudfront.laundrygo.com/smartfactory/smartfactory_20251028105910_caf46208bfda4b6c88396f5e92f6597a.jpeg
IV9F6UUB,2025.10.28,커버류,https://cloudfront.laundrygo.com/smartfactory/smartfactory_20251029061906_c7292cb3f4e34a6fb70228b6ce07d83f.jpeg
EL2TR2R9,2025.11.1,커버류,https://cloudfront.laundrygo.com/smartfactory/smartfactory_20251102062406_e191b4a182ae494d8fa4f273d08e4050.jpeg
VWVK42J3,2025.11.1,커버류,https://cloudfront.laundrygo.com/smartfactory/smartfactory_20251102023802_84cca91d097e4e42be901d9281e5e271.jpeg
IXRRIYAJ,2025.8.26,캐주얼조끼,https://cloudfront.laundrygo.com/smartfactory/smartfactory_20250827085908_f0700ae5fc00494a9d5761ed02ba10c5.jpeg
SSVQUE6Q,2025.9.18,캐주얼조끼,https://cloudfront.laundrygo.com/smartfactory/smartfactory_20250919051405_52a52c5bc40540c48057fbea882a98cb.jpeg
9SL1YYE4,2025.9.28,캐주얼조끼,https://cloudfront.laundrygo.com/smartfactory/smartfactory_20250929043604_8394b6d61caf4abd902fb89cb3a188eb.jpeg
5PJTZX7B,2025.9.12,정장조끼,https://cloudfront.laundrygo.com/smartfactory/smartfactory_20250913065606_53e149ee5160400c99e870a27cbda528.jpeg
5PJTZX7B,2025.9.12,정장조끼,https://cloudfront.laundrygo.com/smartfactory/smartfactory_20250913082908_6e8ed7da8608444d8f99ea87a9e08bc7.jpeg
5PJTZX7B,2025.9.12,정장조끼,https://cloudfront.laundrygo.com/smartfactory/smartfactory_20250913083008_ce526b6e14ad4a7f9d8187ab58f6805b.jpeg
5PJTZX7B,2025.9.12,정장조끼,https://cloudfront.laundrygo.com/smartfactory/smartfactory_20250913083108_0b9edb697ae64b74a395d459824faa2d.jpeg
76K6BC89,2025.10.25,정장조끼,https://cloudfront.laundrygo.com/smartfactory/smartfactory_20251026102410_9f193bbd130141aea937712388bfa737.jpeg
QCZ2BL2B,2025.8.8,정장재킷,https://cloudfront.laundrygo.com/smartfactory/smartfactory_20250809003500_7b74baa53c2c467c8a4857c5994141f0.jpeg
QCZ2BL2B,2025.8.8,정장재킷,https://cloudfront.laundrygo.com/smartfactory/smartfactory_20250809003500_761945417be3499cacf3101b91351311.jpeg
LUUGZBF5,2025.8.9,정장재킷,https://cloudfront.laundrygo.com/smartfactory/smartfactory_20250810001500_9527491671f341e0a9680a01de486873.jpeg
5FYSJ52V,2025.8.9,정장재킷,https://cloudfront.laundrygo.com/smartfactory/smartfactory_20250810055805_6ddef7c394e44bafab0a1cd8cf998250.jpeg
CF4EXSN3,2025.8.10,정장재킷,https://cloudfront.laundrygo.com/smartfactory/smartfactory_20250811034703_9d1ab65acca2465caaadb8cb6ec18508.jpeg
CF4EXSN3,2025.8.10,정장재킷,https://cloudfront.laundrygo.com/smartfactory/smartfactory_20250811034803_30af5781720b41bfbac6170496b7d839.jpeg
VRSYKL5V,2025.8.11,정장재킷,https://cloudfront.laundrygo.com/smartfactory/smartfactory_20250812035303_315736b4161b4e62a54a1d1a5ed9f285.jpeg
8UU144CX,2025.8.11,정장재킷,https://cloudfront.laundrygo.com/smartfactory/smartfactory_20250812072607_aac3f069c22e482cac194ba5792d1bd9.jpeg
IV9F6UUB,2025.8.13,정장재킷,https://cloudfront.laundrygo.com/smartfactory/smartfactory_20250814014101_2a5c1f2cab2949c586e6ad22869d1f1b.jpeg
5FYSJ52V,2025.8.14,정장재킷,https://cloudfront.laundrygo.com/smartfactory/smartfactory_20250815063106_2bc642b1411a445c8f83d00003f7dc2d.jpeg
J1MCKRAU,2025.8.14,정장재킷,https://cloudfront.laundrygo.com/smartfactory/smartfactory_20250815081208_f6114a310ce64fb5ae6d9a8250856ceb.jpeg
8UU144CX,2025.8.15,정장재킷,https://cloudfront.laundrygo.com/smartfactory/smartfactory_20250816073907_79a109a320144d35a98da4fe6236d6c8.jpeg
8UU144CX,2025.8.17,정장재킷,https://cloudfront.laundrygo.com/smartfactory/smartfactory_20250819180818_a1f23e5f27744629ba5e5681c3e3cf06.jpeg
SHXBN6P7,2025.8.20,정장재킷,https://cloudfront.laundrygo.com/smartfactory/smartfactory_20250821003000_46285e1d19aa41c8b7fc40b7c9e86603.jpeg
5PJTZX7B,2025.8.22,정장재킷,https://cloudfront.laundrygo.com/smartfactory/smartfactory_20250823002700_627b310fee0b45b9bcfb8d1574cecd32.jpeg
J1MCKRAU,2025.8.22,정장재킷,https://cloudfront.laundrygo.com/smartfactory/smartfactory_20250823053305_f97d9c1a1dc748cc95e8e200f145efb2.jpeg
5FYSJ52V,2025.8.23,정장재킷,https://cloudfront.laundrygo.com/smartfactory/smartfactory_20250824064306_9f506c8f2668404b8cb7c2d42ae9d46d.jpeg
BGQD38SR,2025.8.23,정장재킷,https://cloudfront.laundrygo.com/smartfactory/smartfactory_20250824064806_624328c32cda44b2a80f259658d351ea.jpeg
3MZWPFTC,2025.8.23,정장재킷,https://cloudfront.laundrygo.com/smartfactory/smartfactory_20250824050205_534d40cbc412456fa9b50c043dff7128.jpeg
CF4EXSN3,2025.8.24,정장재킷,https://cloudfront.laundrygo.com/smartfactory/smartfactory_20250825071407_202bb68c12434927a4756ccc452a4cda.jpeg
CF4EXSN3,2025.8.24,정장재킷,https://cloudfront.laundrygo.com/smartfactory/smartfactory_20250825071707_7c3c01108ca94aa3a1c5c29b621a4918.jpeg
CF4EXSN3,2025.8.24,정장재킷,https://cloudfront.laundrygo.com/smartfactory/smartfactory_20250825071807_081f74511a6740a2af5d81609299937b.jpeg
CF4EXSN3,2025.8.24,정장재킷,https://cloudfront.laundrygo.com/smartfactory/smartfactory_20250825072007_9636efe0f4af40ec8c6d94fd2a41ee6f.jpeg
8UU144CX,2025.8.24,정장재킷,https://cloudfront.laundrygo.com/smartfactory/smartfactory_20250825092309_4e628a992a0540559e61ff045a483eaa.jpeg
GVWBKFEI,2025.8.24,정장재킷,https://cloudfront.laundrygo.com/smartfactory/smartfactory_20250825094109_c305142f30c84d1f8b616fb936f3992f.jpeg
GVWBKFEI,2025.8.24,정장재킷,https://cloudfront.laundrygo.com/smartfactory/smartfactory_20250825114711_74912c26a0ba410baaf25c69efa06940.jpeg
VRSYKL5V,2025.8.25,정장재킷,https://cloudfront.laundrygo.com/smartfactory/smartfactory_20250826061106_789d2a557ff14ffbbc6cfd27e29dd7cf.jpeg
K4H90WNS,2025.8.25,정장재킷,https://cloudfront.laundrygo.com/smartfactory/smartfactory_20250826052005_7fcfec87dd8d40e6a0f7b74f325f3dc6.jpeg
PP5GIVG3,2025.8.27,정장재킷,https://cloudfront.laundrygo.com/smartfactory/smartfactory_20250828003100_2a36a3d41cac452491eee00d7c5ee81d.jpeg
QCZ2BL2B,2025.8.29,정장재킷,https://cloudfront.laundrygo.com/smartfactory/smartfactory_20250830012901_b92775077ba94863b357dd2013194ca9.jpeg
QCZ2BL2B,2025.8.29,정장재킷,https://cloudfront.laundrygo.com/smartfactory/smartfactory_20250830013001_14f3cfa642b04aed913325d32ed9a7f0.jpeg
5FYSJ52V,2025.8.29,정장재킷,https://cloudfront.laundrygo.com/smartfactory/smartfactory_20250830070507_51bbf193e5714582a3565f6736691345.jpeg
GVWBKFEI,2025.8.29,정장재킷,https://cloudfront.laundrygo.com/smartfactory/smartfactory_20250830034303_635eca81b70240d9b9b12ac83d134b10.jpeg
J1MCKRAU,2025.8.29,정장재킷,https://cloudfront.laundrygo.com/smartfactory/smartfactory_20250830051505_dc73b3ddbdec45d993d33a86bb4b3ff9.jpeg
K4H90WNS,2025.8.30,정장재킷,https://cloudfront.laundrygo.com/smartfactory/smartfactory_20250831001300_0f0e1efa5c8545b78fda431085997b01.jpeg
8UU144CX,2025.8.31,정장재킷,https://cloudfront.laundrygo.com/smartfactory/smartfactory_20250901125612_531fa9f9a0e54f55a955179252ba6530.jpeg
VRSYKL5V,2025.9.1,정장재킷,https://cloudfront.laundrygo.com/smartfactory/smartfactory_20250902023002_fe69091973eb4a6e812b831d2b5a8128.jpeg
CF4EXSN3,2025.9.1,정장재킷,https://cloudfront.laundrygo.com/smartfactory/smartfactory_20250902031103_82b02e935e3f4267adf92d3b90c940ca.jpeg
CF4EXSN3,2025.9.1,정장재킷,https://cloudfront.laundrygo.com/smartfactory/smartfactory_20250902031803_b525af6f0ff843f4a1a0823ba7351f27.jpeg
CF4EXSN3,2025.9.1,정장재킷,https://cloudfront.laundrygo.com/smartfactory/smartfactory_20250902032003_b477029598bb4968b737ef73fc2d1eab.jpeg
BUQT9RB3,2025.9.6,정장재킷,https://cloudfront.laundrygo.com/smartfactory/smartfactory_20250907045204_d6dae305515842f9a095d3b61f54ad58.jpeg
5FYSJ52V,2025.9.6,정장재킷,https://cloudfront.laundrygo.com/smartfactory/smartfactory_20250907054705_1f1175366c8f4827a7df8c624d0e8519.jpeg
J1MCKRAU,2025.9.6,정장재킷,https://cloudfront.laundrygo.com/smartfactory/smartfactory_20250907050905_70aaa4ba78724fb784488bdcd2e1f875.jpeg
BGQD38SR,2025.9.6,정장재킷,https://cloudfront.laundrygo.com/smartfactory/smartfactory_20250907003900_5c29dcd4ca9941e8a45fddbfec2e3058.jpeg
CF4EXSN3,2025.9.7,정장재킷,https://cloudfront.laundrygo.com/smartfactory/smartfactory_20250908055905_6262343a02914a36977d7986d1d9cfd7.jpeg
CF4EXSN3,2025.9.7,정장재킷,https://cloudfront.laundrygo.com/smartfactory/smartfactory_20250908060206_1fd28dab0679460b90f0d51ff8c600e0.jpeg
CF4EXSN3,2025.9.7,정장재킷,https://cloudfront.laundrygo.com/smartfactory/smartfactory_20250908060406_80d75d61b17c45539ed1c3b7dcdbf6e2.jpeg
CF4EXSN3,2025.9.7,정장재킷,https://cloudfront.laundrygo.com/smartfactory/smartfactory_20250908060506_fa02890f42ce4a348ae4bf9fcc0c8366.jpeg
8UU144CX,2025.9.7,정장재킷,https://cloudfront.laundrygo.com/smartfactory/smartfactory_20250908090909_4629fb72fe6947af82b396ff35c2963b.jpeg
8UU144CX,2025.9.7,정장재킷,https://cloudfront.laundrygo.com/smartfactory/smartfactory_20250908090909_6332887f25a54be09725bab41d89ab2b.jpeg
VRSYKL5V,2025.9.8,정장재킷,https://cloudfront.laundrygo.com/smartfactory/smartfactory_20250909014101_909899e47f154f9ea80dc12b018b1919.jpeg
8UU144CX,2025.9.10,정장재킷,https://cloudfront.laundrygo.com/smartfactory/smartfactory_20250911082708_269c3e95585843fbb110a4a8764333a9.jpeg
W4JH9RHN,2025.9.11,정장재킷,https://cloudfront.laundrygo.com/smartfactory/smartfactory_20250912044504_f911da06d2ee487fae294e99e02938c2.jpeg
5PJTZX7B,2025.9.12,정장재킷,https://cloudfront.laundrygo.com/smartfactory/smartfactory_20250913065406_1083c47014654963b5a3e4dde40e47ee.jpeg
5PJTZX7B,2025.9.12,정장재킷,https://cloudfront.laundrygo.com/smartfactory/smartfactory_20250913083208_0512de6d0ddb41a9ba9e7f1179042972.jpeg
5PJTZX7B,2025.9.12,정장재킷,https://cloudfront.laundrygo.com/smartfactory/smartfactory_20250913083208_e2f7e68dbd2e442581e8198c56fd893f.jpeg
5PJTZX7B,2025.9.12,정장재킷,https://cloudfront.laundrygo.com/smartfactory/smartfactory_20250913083208_e905251733c94f5791cebf2966f34e59.jpeg
5PJTZX7B,2025.9.12,정장재킷,https://cloudfront.laundrygo.com/smartfactory/smartfactory_20250913083308_e68c280abf074e87a278699fadb8f0ba.jpeg
5FYSJ52V,2025.9.12,정장재킷,https://cloudfront.laundrygo.com/smartfactory/smartfactory_20250913062506_a415ffc3807641118ef7e8eb44319a23.jpeg
MXBK9AFC,2025.9.13,정장재킷,https://cloudfront.laundrygo.com/smartfactory/smartfactory_20250914005600_fe84a666af27478b8856da0dbda7c696.jpeg
K4H90WNS,2025.9.13,정장재킷,https://cloudfront.laundrygo.com/smartfactory/smartfactory_20250914073407_18627c91f989470bb89560719f44f480.jpeg
J1MCKRAU,2025.9.13,정장재킷,https://cloudfront.laundrygo.com/smartfactory/smartfactory_20250914054305_07f6ce26accb439887f7aec9ddf210c7.jpeg
NJ5SZABP,2025.9.15,정장재킷,https://cloudfront.laundrygo.com/smartfactory/smartfactory_20250916014001_b4980850f6dd4b778ca10736b0c1fbe7.jpeg
8MC89PTD,2025.9.15,정장재킷,https://cloudfront.laundrygo.com/smartfactory/smartfactory_20250916013301_bd6e0c865cf94a7dbc8e8b2c0003c8bd.jpeg
VRSYKL5V,2025.9.15,정장재킷,https://cloudfront.laundrygo.com/smartfactory/smartfactory_20250916065506_8285df24711d4d9fa00dde0acfaffa75.jpeg
8UU144CX,2025.9.15,정장재킷,https://cloudfront.laundrygo.com/smartfactory/smartfactory_20250916032203_4b0e6a69d0eb40fda1c1fbecccbe0b67.jpeg
SHXBN6P7,2025.9.17,정장재킷,https://cloudfront.laundrygo.com/smartfactory/smartfactory_20250918014901_46fd71a6c4324023b95863041fddc59c.jpeg
Y2T4QE83,2025.9.17,정장재킷,https://cloudfront.laundrygo.com/smartfactory/smartfactory_20250918111611_e02274819fc84585b7c95302dc3a3fd5.jpeg
IV9F6UUB,2025.9.18,정장재킷,https://cloudfront.laundrygo.com/smartfactory/smartfactory_20250919015301_5cda4302e4e24c83b02cd77eacdcb536.jpeg
V7HCX6D0,2025.9.19,정장재킷,https://cloudfront.laundrygo.com/smartfactory/smartfactory_20250920015301_0e48917b368344ca93abea7175a72844.jpeg
8UU144CX,2025.9.19,정장재킷,https://cloudfront.laundrygo.com/smartfactory/smartfactory_20250920081008_caca5cf5f40f4467a999b6acb2cfd634.jpeg
8MC89PTD,2025.9.20,정장재킷,https://cloudfront.laundrygo.com/smartfactory/smartfactory_20250921055205_4fae0453a3de45ba917dd85f84e91259.jpeg
QCZ2BL2B,2025.9.20,정장재킷,https://cloudfront.laundrygo.com/smartfactory/smartfactory_20250921010701_105bb6d69bba44f8a7a71b9435994bdc.jpeg
QCZ2BL2B,2025.9.20,정장재킷,https://cloudfront.laundrygo.com/smartfactory/smartfactory_20250921010701_c1113bb1e5944e6da7aa43563457515e.jpeg
5FYSJ52V,2025.9.20,정장재킷,https://cloudfront.laundrygo.com/smartfactory/smartfactory_20250921060106_f59a008f1b5149bfb3501392299451b8.jpeg
JJBXMWPT,2025.9.21,정장재킷,https://cloudfront.laundrygo.com/smartfactory/smartfactory_20250922072307_ad0287ad8b4c4a2db4727df1a95259ba.jpeg
CF4EXSN3,2025.9.21,정장재킷,https://cloudfront.laundrygo.com/smartfactory/smartfactory_20250922035003_a08411793383450e84424b6e07e6c661.jpeg
CF4EXSN3,2025.9.21,정장재킷,https://cloudfront.laundrygo.com/smartfactory/smartfactory_20250922035103_0fc2380655ec4d1e8ac72566cc0a1a9e.jpeg
JY6ZWQZL,2025.9.21,정장재킷,https://cloudfront.laundrygo.com/smartfactory/smartfactory_20250922023702_766a45ecac9943bf996faec736171070.jpeg
MODQ3GT2,2025.9.21,정장재킷,https://cloudfront.laundrygo.com/smartfactory/smartfactory_20250922024602_5b57efc4a4bc41f389e239b8cc097299.jpeg
8UU144CX,2025.9.21,정장재킷,https://cloudfront.laundrygo.com/smartfactory/smartfactory_20250922061506_a6cc6ed3a0564e3fac15e97f5a8fb840.jpeg
VRSYKL5V,2025.9.22,정장재킷,https://cloudfront.laundrygo.com/smartfactory/smartfactory_20250923014901_342c6dca5774432db7cd0aafe81862b9.jpeg
XMLHFOZQ,2025.9.22,정장재킷,https://cloudfront.laundrygo.com/smartfactory/smartfactory_20250923053605_39dd4f4c1ed3483ea08d9ae4e668865b.jpeg
XMLHFOZQ,2025.9.22,정장재킷,https://cloudfront.laundrygo.com/smartfactory/smartfactory_20250923125312_90bbbae5ed47403b88d8c1c06e801757.jpeg
XBOM2WLP,2025.9.23,정장재킷,https://cloudfront.laundrygo.com/smartfactory/smartfactory_20250924053705_d87d025a31c24252b085b6739a56ef02.jpeg
8UU144CX,2025.9.25,정장재킷,https://cloudfront.laundrygo.com/smartfactory/smartfactory_20250926060006_a62a7a8c441c4c5dbc05b1f215ca70bb.jpeg
BUQT9RB3,2025.9.26,정장재킷,https://cloudfront.laundrygo.com/smartfactory/smartfactory_20250927011001_b4e0c4ef374f473488f94003f8da4487.jpeg
BUQT9RB3,2025.9.26,정장재킷,https://cloudfront.laundrygo.com/smartfactory/smartfactory_20250927011001_27e6b4279a8e4e87a4bc5fcb53a3848c.jpeg
5FYSJ52V,2025.9.26,정장재킷,https://cloudfront.laundrygo.com/smartfactory/smartfactory_20250927073207_eee9e096ed6044ed8926cae57102308e.jpeg
845ETACN,2025.9.26,정장재킷,https://cloudfront.laundrygo.com/smartfactory/smartfactory_20250928100710_4c41465f5aa1402b9ffd3a873482006a.jpeg
GSHKANZM,2025.9.27,정장재킷,https://cloudfront.laundrygo.com/smartfactory/smartfactory_20250928010701_1520672821e64bd680fae615fbe3bffe.jpeg
YZZ7MWRL,2025.9.27,정장재킷,https://cloudfront.laundrygo.com/smartfactory/smartfactory_20250928052605_d78e2fabd5a7400e91a33d3d14351765.jpeg
8L4ANES3,2025.9.27,정장재킷,https://cloudfront.laundrygo.com/smartfactory/smartfactory_20250928084908_e0e21bd18e744250a66c0ca3a661a301.jpeg
8MC89PTD,2025.9.27,정장재킷,https://cloudfront.laundrygo.com/smartfactory/smartfactory_20250928075807_4780f802599740af99667f70e412b4b4.jpeg
8UU144CX,2025.9.27,정장재킷,https://cloudfront.laundrygo.com/smartfactory/smartfactory_20250928063306_b427cbfc1eac4a6bb1ea4b5bb96d67f8.jpeg
VRSYKL5V,2025.9.29,정장재킷,https://cloudfront.laundrygo.com/smartfactory/smartfactory_20250930074607_f9d5a09a69304edab8197091c11be7ce.jpeg
V9GQSYD8,2025.9.29,정장재킷,https://cloudfront.laundrygo.com/smartfactory/smartfactory_20250930050205_a94fb2633fd2490cb872f62c7c717a43.jpeg
8UU144CX,2025.9.29,정장재킷,https://cloudfront.laundrygo.com/smartfactory/smartfactory_20250930103410_c7c7331ed7624a0a86b4e2856715fd7e.jpeg
CF4EXSN3,2025.9.30,정장재킷,https://cloudfront.laundrygo.com/smartfactory/smartfactory_20251001002300_0180c7c5ef344521acccfeb1f1284b65.jpeg
CF4EXSN3,2025.9.30,정장재킷,https://cloudfront.laundrygo.com/smartfactory/smartfactory_20251001002300_4eb20025c4e44a49b4068df19df39bd2.jpeg
CF4EXSN3,2025.9.30,정장재킷,https://cloudfront.laundrygo.com/smartfactory/smartfactory_20251001002300_87e040018a284187be0f6a3113f960ee.jpeg
CF4EXSN3,2025.9.30,정장재킷,https://cloudfront.laundrygo.com/smartfactory/smartfactory_20251001002600_594f7f428d1f477e9ba608d109baa1a5.jpeg
J1MCKRAU,2025.9.30,정장재킷,https://cloudfront.laundrygo.com/smartfactory/smartfactory_20251001070307_12671400dbba4a799568ed623c841199.jpeg
6DLQGTBF,2025.10.1,정장재킷,https://cloudfront.laundrygo.com/smartfactory/smartfactory_20251002004000_7f3f241977cf473aac7366727bf26a20.jpeg
5FYSJ52V,2025.10.1,정장재킷,https://cloudfront.laundrygo.com/smartfactory/smartfactory_20251002081108_ba6bc76d4c0943fc8b483a1eb72f9c6d.jpeg
W4JH9RHN,2025.10.2,정장재킷,https://cloudfront.laundrygo.com/smartfactory/smartfactory_20251003052105_8a57153cf32c435d9c01c0c8cffb2076.jpeg
JJBXMWPT,2025.10.3,정장재킷,https://cloudfront.laundrygo.com/smartfactory/smartfactory_20251004052005_b199c9a8c11149869daaf32347927761.jpeg
8MC89PTD,2025.10.3,정장재킷,https://cloudfront.laundrygo.com/smartfactory/smartfactory_20251004021902_81ccf683fe6147deb559e6be42b28c15.jpeg
EL2TR2R9,2025.10.7,정장재킷,https://cloudfront.laundrygo.com/smartfactory/smartfactory_20251008084008_d6aaa3b1d14b418dbd8b6a2f9c01c994.jpeg
VRSYKL5V,2025.10.7,정장재킷,https://cloudfront.laundrygo.com/smartfactory/smartfactory_20251008024502_089e5567dd1c4b6182129aa0c12a3470.jpeg
8UU144CX,2025.10.7,정장재킷,https://cloudfront.laundrygo.com/smartfactory/smartfactory_20251008061306_a6b5e111d0ef418ba5e18d8219b23f39.jpeg
U2DTD8RO,2025.10.7,정장재킷,https://cloudfront.laundrygo.com/smartfactory/smartfactory_20251008141614_4c16d1d449844bb2bdcefa16140755d1.jpeg
9SL1YYE4,2025.10.9,정장재킷,https://cloudfront.laundrygo.com/smartfactory/smartfactory_20251010092609_3e5a228ec2b046349df70b0e6326d414.jpeg
CF4EXSN3,2025.10.10,정장재킷,https://cloudfront.laundrygo.com/smartfactory/smartfactory_20251011071807_566a1282b2254f0eb87d93f48fe48573.jpeg
CF4EXSN3,2025.10.10,정장재킷,https://cloudfront.laundrygo.com/smartfactory/smartfactory_20251011072107_ed7fad5932a8413cbdeac8520661bc99.jpeg
CF4EXSN3,2025.10.10,정장재킷,https://cloudfront.laundrygo.com/smartfactory/smartfactory_20251011072007_e93dcdfb71d6451b87d52de3a0c09984.jpeg
8UU144CX,2025.10.10,정장재킷,https://cloudfront.laundrygo.com/smartfactory/smartfactory_20251011092209_75baf73d8ec3477ea4bad88eaed31f28.jpeg
8UU144CX,2025.10.12,정장재킷,https://cloudfront.laundrygo.com/smartfactory/smartfactory_20251013172117_f1ffb74f33304a9ba9ccaca6992f201c.jpeg
VRSYKL5V,2025.10.13,정장재킷,https://cloudfront.laundrygo.com/smartfactory/smartfactory_20251014024502_8123eb2a568c4d869bc1a6343fd0b2cb.jpeg
VRSYKL5V,2025.10.13,정장재킷,https://cloudfront.laundrygo.com/smartfactory/smartfactory_20251014024602_77262bf72c0049f9804abaa1fcd1994c.jpeg
XBOM2WLP,2025.10.13,정장재킷,https://cloudfront.laundrygo.com/smartfactory/smartfactory_20251014054305_83b31b9a0096462fbaf0f5e64e14ebb5.jpeg
FPP9YBNG,2025.10.14,정장재킷,https://cloudfront.laundrygo.com/smartfactory/smartfactory_20251015085008_4786f8c625ab4d63ad418bcb3b7f2026.jpeg
XBOM2WLP,2025.10.15,정장재킷,https://cloudfront.laundrygo.com/smartfactory/smartfactory_20251016051605_17bdc802cbf34b6ab9c3524733d785ea.jpeg
J1MCKRAU,2025.10.15,정장재킷,https://cloudfront.laundrygo.com/smartfactory/smartfactory_20251016072607_be09cf99afa5420ca7f544d9a538ff74.jpeg
8MC89PTD,2025.10.16,정장재킷,https://cloudfront.laundrygo.com/smartfactory/smartfactory_20251017014701_d94ce1ca5756434fb70dab05aef7ad7b.jpeg
5FYSJ52V,2025.10.17,정장재킷,https://cloudfront.laundrygo.com/smartfactory/smartfactory_20251018073107_0cf957082d1142dd99faedc39bd0bc8d.jpeg
VRSYKL5V,2025.10.20,정장재킷,https://cloudfront.laundrygo.com/smartfactory/smartfactory_20251021024302_0dbd6905adca4d6e98be3c98442435e8.jpeg
8UU144CX,2025.10.20,정장재킷,https://cloudfront.laundrygo.com/smartfactory/smartfactory_20251021075607_154447fb37434613a4d9472e79e46deb.jpeg
UQAF7PCB,2025.10.21,정장재킷,https://cloudfront.laundrygo.com/smartfactory/smartfactory_20251022055805_78e19c56eeb44406a597689f6baef1d6.jpeg
907MFCA9,2025.10.21,정장재킷,https://cloudfront.laundrygo.com/smartfactory/smartfactory_20251022093909_2a29bc15663d405688797cd157cafd5f.jpeg
QCZ2BL2B,2025.10.22,정장재킷,https://cloudfront.laundrygo.com/smartfactory/smartfactory_20251023024702_987f38ac5cb245d5af0e91f6c9267e4b.jpeg
8MC89PTD,2025.10.23,정장재킷,https://cloudfront.laundrygo.com/smartfactory/smartfactory_20251024014601_29d983aff7244b7fa7ad45866c02ffd2.jpeg
8MC89PTD,2025.10.23,정장재킷,https://cloudfront.laundrygo.com/smartfactory/smartfactory_20251024014601_5970c7f734ae4606b4e894a89a7fed48.jpeg
8MC89PTD,2025.10.23,정장재킷,https://cloudfront.laundrygo.com/smartfactory/smartfactory_20251024014701_7676cd733eba4990b309e5b0cd34f8ff.jpeg
GSHKANZM,2025.10.24,정장재킷,https://cloudfront.laundrygo.com/smartfactory/smartfactory_20251025085208_4469cb048f354564a0ba2feb2fad05c5.jpeg
5FYSJ52V,2025.10.24,정장재킷,https://cloudfront.laundrygo.com/smartfactory/smartfactory_20251025025402_15a5009fa0c94453acbe5762c952094f.jpeg
J1MCKRAU,2025.10.24,정장재킷,https://cloudfront.laundrygo.com/smartfactory/smartfactory_20251025050505_82ede1d4c931459b8bdacd9cbbe30a9a.jpeg
AZD3BJMZ,2025.10.25,정장재킷,https://cloudfront.laundrygo.com/smartfactory/smartfactory_20251026071407_2e5245b7c8884f40bdc3b4ba87d5be6a.jpeg
76K6BC89,2025.10.25,정장재킷,https://cloudfront.laundrygo.com/smartfactory/smartfactory_20251026102410_261c69a35c494851ae9a314e0f6672c3.jpeg
6DLQGTBF,2025.10.26,정장재킷,https://cloudfront.laundrygo.com/smartfactory/smartfactory_20251027141814_3fb962d462314f3b9f61da0e4a132fc0.jpeg
CF4EXSN3,2025.10.26,정장재킷,https://cloudfront.laundrygo.com/smartfactory/smartfactory_20251027073807_1c8bc7be02e045d1b0d56d079380f091.jpeg
QCZ2BL2B,2025.10.26,정장재킷,https://cloudfront.laundrygo.com/smartfactory/smartfactory_20251027023702_c09a7f8ad4ca481ea40fda8c849a4b3c.jpeg
8UU144CX,2025.10.26,정장재킷,https://cloudfront.laundrygo.com/smartfactory/smartfactory_20251027090709_27dfd556e11a4e64a2418f2869512da4.jpeg
8UU144CX,2025.10.26,정장재킷,https://cloudfront.laundrygo.com/smartfactory/smartfactory_20251027090809_13845f3cbaf5448fab40edaaa51cf3c4.jpeg
VRSYKL5V,2025.10.27,정장재킷,https://cloudfront.laundrygo.com/smartfactory/smartfactory_20251028025502_ccf496cd13c54a2a911cb978ed984d3c.jpeg
ICNKZ2VE,2025.10.28,정장재킷,https://cloudfront.laundrygo.com/smartfactory/smartfactory_20251029051405_9d8224c2129147d984dfa790f8da42ed.jpeg
ICNKZ2VE,2025.10.28,정장재킷,https://cloudfront.laundrygo.com/smartfactory/smartfactory_20251029051505_eeff9af2ef82473bbdd96dd16c7d36d1.jpeg
K4H90WNS,2025.10.28,정장재킷,https://cloudfront.laundrygo.com/smartfactory/smartfactory_20251029075107_be96798544ea4b6882ed8c0b4d3eee0d.jpeg
8UU144CX,2025.10.29,정장재킷,https://cloudfront.laundrygo.com/smartfactory/smartfactory_20251030083908_6771d4985c4549cc99ae9586fd1c0205.jpeg
9SL1YYE4,2025.10.30,정장재킷,https://cloudfront.laundrygo.com/smartfactory/smartfactory_20251031035103_458c7f0c96c2489197a21c4be3ee75d4.jpeg
T8E6FEJW,2025.10.31,정장재킷,https://cloudfront.laundrygo.com/smartfactory/smartfactory_20251101051205_ed4320595da743baa851561dbb6bfdf6.jpeg
MNYDQ5UU,2025.11.1,정장재킷,https://cloudfront.laundrygo.com/smartfactory/smartfactory_20251102093609_1aaaa006a3c749529978eb5f94a4070a.jpeg
YZZ7MWRL,2025.11.1,정장재킷,https://cloudfront.laundrygo.com/smartfactory/smartfactory_20251102053005_ee8d59aa700c424082279634a88c86c7.jpeg
YZZ7MWRL,2025.11.1,정장재킷,https://cloudfront.laundrygo.com/smartfactory/smartfactory_20251102053605_3cde2ac40f604b808bd079d08e694df7.jpeg
5FYSJ52V,2025.11.1,정장재킷,https://cloudfront.laundrygo.com/smartfactory/smartfactory_20251102074007_0c1401424c33434fbb0edb1358514fe5.jpeg
3L1QU6NP,2025.11.1,정장재킷,https://cloudfront.laundrygo.com/smartfactory/smartfactory_20251102092209_27d9927c3c4e46d999f50ca96de27f3a.jpeg
EYW7JWTJ,2025.8.8,재킷,https://cloudfront.laundrygo.com/smartfactory/smartfactory_20250809083308_dc96a92f27b64372bae3d409ce0b1a1a.jpeg
EYW7JWTJ,2025.8.8,재킷,https://cloudfront.laundrygo.com/smartfactory/smartfactory_20250809083308_0faf6b5c63bb4ce8b98ab75a825ba3ce.jpeg
0QEZ4TF1,2025.8.8,재킷,https://cloudfront.laundrygo.com/smartfactory/smartfactory_20250809013201_ff2e561f6f9a4464beca707f7cc69239.jpeg
3ZJHQZX1,2025.8.8,재킷,https://cloudfront.laundrygo.com/smartfactory/smartfactory_20250809081108_c5d177603d8446b9aa66f1bee7608776.jpeg
IV9F6UUB,2025.8.9,재킷,https://cloudfront.laundrygo.com/smartfactory/smartfactory_20250810022802_08147226e0f0432f95ee33aa38a2e05b.jpeg
86BNR2K3,2025.8.10,재킷,https://cloudfront.laundrygo.com/smartfactory/smartfactory_20250811005700_ae70466092ea4a87920e70f760caaa4e.jpeg
ET8D4PJN,2025.8.10,재킷,https://cloudfront.laundrygo.com/smartfactory/smartfactory_20250811035803_74b3f29871bf48ccb085a1787e4bba95.jpeg
ET8D4PJN,2025.8.10,재킷,https://cloudfront.laundrygo.com/smartfactory/smartfactory_20250811035903_f96c81f5674741caa8f3d836e3853cef.jpeg
ET8D4PJN,2025.8.10,재킷,https://cloudfront.laundrygo.com/smartfactory/smartfactory_20250811040004_be811d4056924f4abc1bdb0f77e899a9.jpeg
ET8D4PJN,2025.8.10,재킷,https://cloudfront.laundrygo.com/smartfactory/smartfactory_20250811040004_9c879b83a5c44341afeacd3664233666.jpeg
JC1PB4D0,2025.8.10,재킷,https://cloudfront.laundrygo.com/smartfactory/smartfactory_20250811035403_13d99e786e27467e8f9a27e2278a5f91.jpeg
6GS9JIYM,2025.8.11,재킷,https://cloudfront.laundrygo.com/smartfactory/smartfactory_20250812161416_ebc08d50faf44c6d91afa0954bee1c1d.jpeg
5PJTZX7B,2025.8.15,재킷,https://cloudfront.laundrygo.com/smartfactory/smartfactory_20250816004600_f660e9486e2348f39db1bdfceb107219.jpeg
JC1PB4D0,2025.8.17,재킷,https://cloudfront.laundrygo.com/smartfactory/smartfactory_20250818095509_26b9bf79a43741eea7f0532b709bac28.jpeg
JJBXMWPT,2025.8.18,재킷,https://cloudfront.laundrygo.com/smartfactory/smartfactory_20250819085908_a673cfff8b5f44a7814e80c13a9c6481.jpeg
3ZJHQZX1,2025.8.18,재킷,https://cloudfront.laundrygo.com/smartfactory/smartfactory_20250819053905_b1396620ba174b44b0b2d724b6bf43d7.jpeg
U2DTD8RO,2025.8.20,재킷,https://cloudfront.laundrygo.com/smartfactory/smartfactory_20250821100610_dc56447290a5485fbcbf99dbc10cec21.jpeg
T8E6FEJW,2025.8.21,재킷,https://cloudfront.laundrygo.com/smartfactory/smartfactory_20250822022602_93580604514e417ea07a9449fd7afb71.jpeg
T8E6FEJW,2025.8.21,재킷,https://cloudfront.laundrygo.com/smartfactory/smartfactory_20250822022802_941c53bfb52945aa93b7b4e1b32ef7c6.jpeg
ET8D4PJN,2025.8.21,재킷,https://cloudfront.laundrygo.com/smartfactory/smartfactory_20250822022502_4fc1ed7953534d49a6df800f50905609.jpeg
6GS9JIYM,2025.8.22,재킷,https://cloudfront.laundrygo.com/smartfactory/smartfactory_20250823180618_b070fc1f928941d9892dca70e616b055.jpeg
EYW7JWTJ,2025.8.23,재킷,https://cloudfront.laundrygo.com/smartfactory/smartfactory_20250824072607_a9e30c672c4d4d3f9b7f03232b4ac528.jpeg
EYW7JWTJ,2025.8.23,재킷,https://cloudfront.laundrygo.com/smartfactory/smartfactory_20250824072607_d200db80a93c4ac785c7311afc41095e.jpeg
UQAF7PCB,2025.8.24,재킷,https://cloudfront.laundrygo.com/smartfactory/smartfactory_20250825053005_5c3a129e3930429ea03485aa8487eb18.jpeg
CF4EXSN3,2025.8.24,재킷,https://cloudfront.laundrygo.com/smartfactory/smartfactory_20250825072007_b16a6808cec940ed918df9986ecc842a.jpeg
VDBOLAFE,2025.8.27,재킷,https://cloudfront.laundrygo.com/smartfactory/smartfactory_20250828172417_81464012c027487a8da93cbe7fb59688.jpeg
VDBOLAFE,2025.8.27,재킷,https://cloudfront.laundrygo.com/smartfactory/smartfactory_20250828172517_b7d89af3e12e48c0906cb1ce52adb944.jpeg
8UU144CX,2025.8.27,재킷,https://cloudfront.laundrygo.com/smartfactory/smartfactory_20250828035103_335b172c78424c69af7be0d635d48612.jpeg
JC1PB4D0,2025.8.27,재킷,https://cloudfront.laundrygo.com/smartfactory/smartfactory_20250828091909_f2886023e29947dcbd4eb41bb928a2e6.jpeg
6FTJ6NJJ,2025.8.29,재킷,https://cloudfront.laundrygo.com/smartfactory/smartfactory_20250830035203_c5ae8926e5cc48bc91408e0a14e1f409.jpeg
AZD3BJMZ,2025.8.30,재킷,https://cloudfront.laundrygo.com/smartfactory/smartfactory_20250831060806_31d57658b78a447594070c7642d38b72.jpeg
T8E6FEJW,2025.8.30,재킷,https://cloudfront.laundrygo.com/smartfactory/smartfactory_20250831033603_d0a62f50fb41489aab33d2e835230914.jpeg
EYW7JWTJ,2025.8.31,재킷,https://cloudfront.laundrygo.com/smartfactory/smartfactory_20250901054705_e942815bfb5447ccb21ad8e03f2df355.jpeg
EYW7JWTJ,2025.8.31,재킷,https://cloudfront.laundrygo.com/smartfactory/smartfactory_20250901054705_fa547e696b8b4687a9cedf13ed25c22c.jpeg
25RM4V07,2025.8.31,재킷,https://cloudfront.laundrygo.com/smartfactory/smartfactory_20250901021702_ec279b42604d4bfe9beb18783e2d2baf.jpeg
U2DTD8RO,2025.8.31,재킷,https://cloudfront.laundrygo.com/smartfactory/smartfactory_20250902101110_5b78225446344293a585f37b1eab6ce1.jpeg
5PJTZX7B,2025.9.1,재킷,https://cloudfront.laundrygo.com/smartfactory/smartfactory_20250902053405_1a84fa63691749e987d2b5d9eec532ce.jpeg
CF4EXSN3,2025.9.1,재킷,https://cloudfront.laundrygo.com/smartfactory/smartfactory_20250902031803_40ad1bf622334cc990e8cf3a2c09df29.jpeg
NJ5SZABP,2025.9.3,재킷,https://cloudfront.laundrygo.com/smartfactory/smartfactory_20250904072007_b2dcf972c9554e65bdcab5be4b1d3ad2.jpeg
8L4ANES3,2025.9.4,재킷,https://cloudfront.laundrygo.com/smartfactory/smartfactory_20250905010701_40b48218c7324d19941cb564049d20a9.jpeg
VDBOLAFE,2025.9.4,재킷,https://cloudfront.laundrygo.com/smartfactory/smartfactory_20250905145514_cc2731320db34a34822a2449fa131f7c.jpeg
ICNKZ2VE,2025.9.6,재킷,https://cloudfront.laundrygo.com/smartfactory/smartfactory_20250907035303_c77ba142b829489ba2c5b16af53b5537.jpeg
ICNKZ2VE,2025.9.6,재킷,https://cloudfront.laundrygo.com/smartfactory/smartfactory_20250907035403_baeeed5002e0413da73a8faa3eac5448.jpeg
ICNKZ2VE,2025.9.6,재킷,https://cloudfront.laundrygo.com/smartfactory/smartfactory_20250907035503_4319a2188dd241ada17a778dd7e31e4e.jpeg
CF4EXSN3,2025.9.7,재킷,https://cloudfront.laundrygo.com/smartfactory/smartfactory_20250908060206_c8545da44e0947459a5e73562d5401ba.jpeg
EYW7JWTJ,2025.9.12,재킷,https://cloudfront.laundrygo.com/smartfactory/smartfactory_20250913054705_e5e0ac772a014b7ba7e32a19a0e60924.jpeg
5PJTZX7B,2025.9.12,재킷,https://cloudfront.laundrygo.com/smartfactory/smartfactory_20250913065306_f27fe6f1eb2f4e5daa24e7694badc864.jpeg
5PJTZX7B,2025.9.12,재킷,https://cloudfront.laundrygo.com/smartfactory/smartfactory_20250913082708_7d4ba43b7979484c84c20530a887d877.jpeg
5PJTZX7B,2025.9.12,재킷,https://cloudfront.laundrygo.com/smartfactory/smartfactory_20250913082708_9a9ec84c9ba84101b8f5fe35ead20660.jpeg
5PJTZX7B,2025.9.12,재킷,https://cloudfront.laundrygo.com/smartfactory/smartfactory_20250913082708_315b2ab7da5644659cf34f5f327cfe2b.jpeg
5PJTZX7B,2025.9.12,재킷,https://cloudfront.laundrygo.com/smartfactory/smartfactory_20250913082808_154140c13b2c4ac387c0864c9388535a.jpeg
VDBOLAFE,2025.9.12,재킷,https://cloudfront.laundrygo.com/smartfactory/smartfactory_20250913144214_6d68f2b362d14e0f91c62c9bbac504d1.jpeg
XBOM2WLP,2025.9.13,재킷,https://cloudfront.laundrygo.com/smartfactory/smartfactory_20250914171617_a5c721bd8d4d45c585b4a111d19f5b26.jpeg
3YGPHYZV,2025.9.14,재킷,https://cloudfront.laundrygo.com/smartfactory/smartfactory_20250915024002_170fe4cbe4a94cd88ca9585a0b4a8544.jpeg
NJ5SZABP,2025.9.15,재킷,https://cloudfront.laundrygo.com/smartfactory/smartfactory_20250916013901_d709ba4bdf7b44a7868c05c2c5b772c0.jpeg
3ZJHQZX1,2025.9.15,재킷,https://cloudfront.laundrygo.com/smartfactory/smartfactory_20250916042904_074048c51e704b05bd998cdf322ac789.jpeg
EYW7JWTJ,2025.9.16,재킷,https://cloudfront.laundrygo.com/smartfactory/smartfactory_20250917115511_ad1cd0984654453080c05fb5cf5a4486.jpeg
EYW7JWTJ,2025.9.16,재킷,https://cloudfront.laundrygo.com/smartfactory/smartfactory_20250917115511_32c1eee9c96f466488320c7469553fb4.jpeg
YZZ7MWRL,2025.9.16,재킷,https://cloudfront.laundrygo.com/smartfactory/smartfactory_20250917004400_82882f7a5b7e47898c2d0bc179a05445.jpeg
GJC2KN3Y,2025.9.17,재킷,https://cloudfront.laundrygo.com/smartfactory/smartfactory_20250918025902_ae83c45b5c5a43d8813b9dfde97feb3b.jpeg
MWZ1GY0S,2025.9.17,재킷,https://cloudfront.laundrygo.com/smartfactory/smartfactory_20250918070207_4757175456e646e7a78ac4b93f0810c6.jpeg
BGQD38SR,2025.9.18,재킷,https://cloudfront.laundrygo.com/smartfactory/smartfactory_20250919000900_5d151fc8754b4c628bab12491c82b232.jpeg
845ETACN,2025.9.19,재킷,https://cloudfront.laundrygo.com/smartfactory/smartfactory_20250920015001_d7445bfeed6a4a659b148273015a66f1.jpeg
8L4ANES3,2025.9.20,재킷,https://cloudfront.laundrygo.com/smartfactory/smartfactory_20250921085708_48e3bc3595314e2ca1e99a06c4ff2b1e.jpeg
CF4EXSN3,2025.9.21,재킷,https://cloudfront.laundrygo.com/smartfactory/smartfactory_20250922035203_1588473a59854f33a51dd3be955c2647.jpeg
XBOM2WLP,2025.9.21,재킷,https://cloudfront.laundrygo.com/smartfactory/smartfactory_20250922083408_01bc1713bf774ff097075de29ecb4240.jpeg
VDBOLAFE,2025.9.22,재킷,https://cloudfront.laundrygo.com/smartfactory/smartfactory_20250924130413_925a156abba7404d9bbbb1ecc0f0bd96.jpeg
GGE6DSVW,2025.9.22,재킷,https://cloudfront.laundrygo.com/smartfactory/smartfactory_20250923000600_b328b8f0c8ac4925a85f62c597e6fa0d.jpeg
EYW7JWTJ,2025.9.23,재킷,https://cloudfront.laundrygo.com/smartfactory/smartfactory_20250926085008_672dc81232474641ac54d12b697cccf0.jpeg
LUUGZBF5,2025.9.24,재킷,https://cloudfront.laundrygo.com/smartfactory/smartfactory_20250925015001_157b3997790c46f3bd8b52920442b7e3.jpeg
RAOZJLUL,2025.9.24,재킷,https://cloudfront.laundrygo.com/smartfactory/smartfactory_20250925034103_b4bbb95d5b3d4d699ec39ca9396cff77.jpeg
RAOZJLUL,2025.9.24,재킷,https://cloudfront.laundrygo.com/smartfactory/smartfactory_20250925034103_fe4c8c22554f46eaac7a724f459ec5fe.jpeg
U2DTD8RO,2025.9.25,재킷,https://cloudfront.laundrygo.com/smartfactory/smartfactory_20250926111411_8bce043c1c3d40978273b89c0a92f269.jpeg
7FNBXTGJ,2025.9.26,재킷,https://cloudfront.laundrygo.com/smartfactory/smartfactory_20250927023002_6551c766691341ccaeadce2e47be3940.jpeg
QV78M8P9,2025.9.26,재킷,https://cloudfront.laundrygo.com/smartfactory/smartfactory_20250927005400_7cad2da554ad43f593672c637a909f3a.jpeg
MWZ1GY0S,2025.9.26,재킷,https://cloudfront.laundrygo.com/smartfactory/smartfactory_20250927074107_8e6b839d0aa1432fafcf0c414070d315.jpeg
3ZJHQZX1,2025.9.26,재킷,https://cloudfront.laundrygo.com/smartfactory/smartfactory_20250927081008_1eff0d40b0ee4625a739526a9b955674.jpeg
3ZJHQZX1,2025.9.26,재킷,https://cloudfront.laundrygo.com/smartfactory/smartfactory_20250927081108_4ac4864bafbd4802991a1f3c7eae4e98.jpeg
3YGPHYZV,2025.9.27,재킷,https://cloudfront.laundrygo.com/smartfactory/smartfactory_20250928070007_e4c4743e0ef34b518d12241cabacfadf.jpeg
8L4ANES3,2025.9.27,재킷,https://cloudfront.laundrygo.com/smartfactory/smartfactory_20250928085208_ceaca942b5264f5c9c9d981854006e6e.jpeg
35IPG2VA,2025.9.27,재킷,https://cloudfront.laundrygo.com/smartfactory/smartfactory_20250928003600_729fd7ced9fe426192497e7ee28b578f.jpeg
35IPG2VA,2025.9.27,재킷,https://cloudfront.laundrygo.com/smartfactory/smartfactory_20250928003800_77aa1c49003a43f987ffb2bf059b2104.jpeg
6GS9JIYM,2025.9.27,재킷,https://cloudfront.laundrygo.com/smartfactory/smartfactory_20250929162116_cd6e2667d0dd409c815000b2f64bf0b4.jpeg
6GS9JIYM,2025.9.27,재킷,https://cloudfront.laundrygo.com/smartfactory/smartfactory_20250929162216_ed02416acad548a4b2835d3447a595c0.jpeg
6GS9JIYM,2025.9.27,재킷,https://cloudfront.laundrygo.com/smartfactory/smartfactory_20250929162316_27589e00426e49ac89998a03efd52497.jpeg
6GS9JIYM,2025.9.27,재킷,https://cloudfront.laundrygo.com/smartfactory/smartfactory_20250929162316_41abcec42a5241289ac32f6afcf82059.jpeg
76K6BC89,2025.9.28,재킷,https://cloudfront.laundrygo.com/smartfactory/smartfactory_20250929045204_6915a0a4f5a14610a82f24b6ed0ae544.jpeg
JC1PB4D0,2025.9.28,재킷,https://cloudfront.laundrygo.com/smartfactory/smartfactory_20250929123412_d53ebaedd3b74040941673ddcf9f8973.jpeg
JC1PB4D0,2025.9.28,재킷,https://cloudfront.laundrygo.com/smartfactory/smartfactory_20250929123812_a30f58c3ddf74fa5bd6568149a98808a.jpeg
907MFCA9,2025.9.29,재킷,https://cloudfront.laundrygo.com/smartfactory/smartfactory_20250930054505_40833b5c838d4332bea7d2473915f8e9.jpeg
VDBOLAFE,2025.9.29,재킷,https://cloudfront.laundrygo.com/smartfactory/smartfactory_20250930095609_e06f03e03a1e429fb04b03168ba77e92.jpeg
U2DTD8RO,2025.9.29,재킷,https://cloudfront.laundrygo.com/smartfactory/smartfactory_20251001135613_ffa4b2ff754945d59c331043c19df880.jpeg
GJC2KN3Y,2025.9.30,재킷,https://cloudfront.laundrygo.com/smartfactory/smartfactory_20251001012801_9aac051cc5154187aeb37a1be7f9779d.jpeg
CF4EXSN3,2025.9.30,재킷,https://cloudfront.laundrygo.com/smartfactory/smartfactory_20251001002500_aecfab003b074e90853ebf90f0ae28a1.jpeg
J8YGVZLD,2025.9.30,재킷,https://cloudfront.laundrygo.com/smartfactory/smartfactory_20251001051505_a410b32912404b79bf683412421e1560.jpeg
EYW7JWTJ,2025.10.1,재킷,https://cloudfront.laundrygo.com/smartfactory/smartfactory_20251002050005_8811ad4a6f694014bc6c6b0bd6a414bf.jpeg
EYW7JWTJ,2025.10.1,재킷,https://cloudfront.laundrygo.com/smartfactory/smartfactory_20251002050005_55b14f384ac1434eb6fb5c6179d72927.jpeg
GVRSSYRJ,2025.10.2,재킷,https://cloudfront.laundrygo.com/smartfactory/smartfactory_20251003021202_0afa032199e44e948f6857715b70796a.jpeg
W4JH9RHN,2025.10.2,재킷,https://cloudfront.laundrygo.com/smartfactory/smartfactory_20251003052305_e7a863ccdc5448c6ae14b00c0a3d103e.jpeg
W4JH9RHN,2025.10.2,재킷,https://cloudfront.laundrygo.com/smartfactory/smartfactory_20251003052305_46ceab2ffe2f4d8ca28f2d755bd6f129.jpeg
W4JH9RHN,2025.10.2,재킷,https://cloudfront.laundrygo.com/smartfactory/smartfactory_20251003052405_29366087f76a4d2287b9635603a937e2.jpeg
W4JH9RHN,2025.10.2,재킷,https://cloudfront.laundrygo.com/smartfactory/smartfactory_20251003052505_44c7addf79b9496a85a1fe51acd0f8e7.jpeg
JJBXMWPT,2025.10.3,재킷,https://cloudfront.laundrygo.com/smartfactory/smartfactory_20251004052205_5804c1dfbf574e0db64fc58ba9ee4ad1.jpeg
V7HCX6D0,2025.10.3,재킷,https://cloudfront.laundrygo.com/smartfactory/smartfactory_20251004012401_99f03afb139345eb99097d001b1a1997.jpeg
V7HCX6D0,2025.10.3,재킷,https://cloudfront.laundrygo.com/smartfactory/smartfactory_20251004012601_95f3f261fff64ef9a9840c8fb4f3486c.jpeg
EL2TR2R9,2025.10.7,재킷,https://cloudfront.laundrygo.com/smartfactory/smartfactory_20251008083908_01cf4e1e5e1649fda8012dd55dcccd60.jpeg
EL2TR2R9,2025.10.7,재킷,https://cloudfront.laundrygo.com/smartfactory/smartfactory_20251008084508_04c2d65266944314b95e5d5aed40ff01.jpeg
EL2TR2R9,2025.10.7,재킷,https://cloudfront.laundrygo.com/smartfactory/smartfactory_20251008103710_ef59238730ac47219a2275d3ec60fe82.jpeg
EL2TR2R9,2025.10.7,재킷,https://cloudfront.laundrygo.com/smartfactory/smartfactory_20251008103710_eb82942e11974e9bade615219193d581.jpeg
EL2TR2R9,2025.10.7,재킷,https://cloudfront.laundrygo.com/smartfactory/smartfactory_20251008103810_66e6bdb081b14f8c88719ad15a3c9222.jpeg
5PJTZX7B,2025.10.7,재킷,https://cloudfront.laundrygo.com/smartfactory/smartfactory_20251008071807_1bb54136dd1a4829a0282ea96953474e.jpeg
5PJTZX7B,2025.10.7,재킷,https://cloudfront.laundrygo.com/smartfactory/smartfactory_20251008090209_e1b8e0bdac12489a9f97ef65ebacc9ef.jpeg
5PJTZX7B,2025.10.7,재킷,https://cloudfront.laundrygo.com/smartfactory/smartfactory_20251008090209_f91bcb9b5f064aeca690e21b52ba7a21.jpeg
2R0JSXFA,2025.10.7,재킷,https://cloudfront.laundrygo.com/smartfactory/smartfactory_20251008090409_ee3d6c5d53684c679e106913b08bda66.jpeg
XBOM2WLP,2025.10.7,재킷,https://cloudfront.laundrygo.com/smartfactory/smartfactory_20251008093209_1f9bcc41d9c242d68de73ef9d6f59870.jpeg
JY6ZWQZL,2025.10.7,재킷,https://cloudfront.laundrygo.com/smartfactory/smartfactory_20251008010401_acb481253af84820aa95373ba5c080fa.jpeg
EYW7JWTJ,2025.10.8,재킷,https://cloudfront.laundrygo.com/smartfactory/smartfactory_20251009081708_40d40c2b630a45e9a46e9508d4ccac30.jpeg
EYW7JWTJ,2025.10.8,재킷,https://cloudfront.laundrygo.com/smartfactory/smartfactory_20251009081808_0364e88c3c204abc959a2e098fdfa85c.jpeg
PP5GIVG3,2025.10.8,재킷,https://cloudfront.laundrygo.com/smartfactory/smartfactory_20251009041704_1a968ebef1954e6cbaec27cf886f9bcd.jpeg
845ETACN,2025.10.8,재킷,https://cloudfront.laundrygo.com/smartfactory/smartfactory_20251010155415_a37c9dd59f774959b9122a44e700ab39.jpeg
3ZJHQZX1,2025.10.8,재킷,https://cloudfront.laundrygo.com/smartfactory/smartfactory_20251009094109_61101235ae8e4a3d82d014c081f5cd68.jpeg
3ZJHQZX1,2025.10.8,재킷,https://cloudfront.laundrygo.com/smartfactory/smartfactory_20251009094609_97f044801e694d8f98b90a7456ea36ea.jpeg
9SL1YYE4,2025.10.9,재킷,https://cloudfront.laundrygo.com/smartfactory/smartfactory_20251010092709_cb37f53f5db2451f9c16dc42cd1ae657.jpeg
IV9F6UUB,2025.10.9,재킷,https://cloudfront.laundrygo.com/smartfactory/smartfactory_20251010054605_b121d1adf9684155933cc146cc41b5b9.jpeg
NJ5SZABP,2025.10.10,재킷,https://cloudfront.laundrygo.com/smartfactory/smartfactory_20251011030503_7362045e46744a749618145b1bd74d9f.jpeg
EL2TR2R9,2025.10.10,재킷,https://cloudfront.laundrygo.com/smartfactory/smartfactory_20251011025802_e430aa39abb44da991e7d2229cc2abd1.jpeg
EL2TR2R9,2025.10.10,재킷,https://cloudfront.laundrygo.com/smartfactory/smartfactory_20251011081908_d82b627482ee4691a46081570d0dcf3f.jpeg
EL2TR2R9,2025.10.10,재킷,https://cloudfront.laundrygo.com/smartfactory/smartfactory_20251011081908_8fdc31735d3d46258c03d2278175daf9.jpeg
AZD3BJMZ,2025.10.10,재킷,https://cloudfront.laundrygo.com/smartfactory/smartfactory_20251011075307_c1a2c05fc54943b39addda75ca345703.jpeg
Q2O88T5H,2025.10.10,재킷,https://cloudfront.laundrygo.com/smartfactory/smartfactory_20251011055805_a5b26e64567d4f30b5d2d27d6a53ac35.jpeg
GVWBKFEI,2025.10.10,재킷,https://cloudfront.laundrygo.com/smartfactory/smartfactory_20251011025302_4e6616b82d46490ba2ee128d26d7baed.jpeg
GSHKANZM,2025.10.11,재킷,https://cloudfront.laundrygo.com/smartfactory/smartfactory_20251012014001_97da907340e24f128f052b505274781b.jpeg
XACKZLB8,2025.10.11,재킷,https://cloudfront.laundrygo.com/smartfactory/smartfactory_20251012072807_b401ecf44ec84f41b0fa5984a6ab93a4.jpeg
76K6BC89,2025.10.12,재킷,https://cloudfront.laundrygo.com/smartfactory/smartfactory_20251013081908_2269c8c8ff0842d7a38955d394260723.jpeg
T8E6FEJW,2025.10.12,재킷,https://cloudfront.laundrygo.com/smartfactory/smartfactory_20251013052005_331f9fa95af044f4a9e6db09e0202d43.jpeg
T8E6FEJW,2025.10.12,재킷,https://cloudfront.laundrygo.com/smartfactory/smartfactory_20251013052205_7da6a7d0dd2045fcbfe92345058d7e27.jpeg
U2DTD8RO,2025.10.12,재킷,https://cloudfront.laundrygo.com/smartfactory/smartfactory_20251014123612_fa83b9597dda406788380859232d8d30.jpeg
EYW7JWTJ,2025.10.13,재킷,https://cloudfront.laundrygo.com/smartfactory/smartfactory_20251014071007_0fc2fe6266a244bb96d838838098e62f.jpeg
EYW7JWTJ,2025.10.13,재킷,https://cloudfront.laundrygo.com/smartfactory/smartfactory_20251014071107_5c2c4490b254432f948fcc216009be92.jpeg
EYW7JWTJ,2025.10.13,재킷,https://cloudfront.laundrygo.com/smartfactory/smartfactory_20251014071107_df63e8349d97470abca0edc6ea17f7f4.jpeg
VRSYKL5V,2025.10.13,재킷,https://cloudfront.laundrygo.com/smartfactory/smartfactory_20251014024602_ea264814c7c54dd2ac64d9044eae29dd.jpeg
V9GQSYD8,2025.10.13,재킷,https://cloudfront.laundrygo.com/smartfactory/smartfactory_20251014001500_e0c8c51b94e746fb974c01e1d54debb4.jpeg
Q2O88T5H,2025.10.13,재킷,https://cloudfront.laundrygo.com/smartfactory/smartfactory_20251014070607_1fc1d3f6f87846a9bb3ad23a24b31bc1.jpeg
J8YGVZLD,2025.10.13,재킷,https://cloudfront.laundrygo.com/smartfactory/smartfactory_20251014071207_b2a35bc7f0504c7d92d13bce3ca2409f.jpeg
FPP9YBNG,2025.10.14,재킷,https://cloudfront.laundrygo.com/smartfactory/smartfactory_20251015085008_ef6669746a114888be3e08e11d89d68f.jpeg
XHH0DT03,2025.10.14,재킷,https://cloudfront.laundrygo.com/smartfactory/smartfactory_20251015055105_ce4fd4dd21314a7681ccec34167db9c5.jpeg
VDBOLAFE,2025.10.14,재킷,https://cloudfront.laundrygo.com/smartfactory/smartfactory_20251015082008_9cb074f2aaf04f008dd11484ae43b700.jpeg
2R0JSXFA,2025.10.15,재킷,https://cloudfront.laundrygo.com/smartfactory/smartfactory_20251016035203_65ad6738ce4e443eb07a16174d7ce677.jpeg
GK9XEPAK,2025.10.15,재킷,https://cloudfront.laundrygo.com/smartfactory/smartfactory_20251016092009_2c8a47da449346b6b09349284bdbfd0c.jpeg
3ZJHQZX1,2025.10.16,재킷,https://cloudfront.laundrygo.com/smartfactory/smartfactory_20251017092409_54da8d51fd4b401096295a1e6a49ce72.jpeg
5PJTZX7B,2025.10.17,재킷,https://cloudfront.laundrygo.com/smartfactory/smartfactory_20251018061506_8ac03f624f4547b2a5380b60f3cc82c4.jpeg
5PJTZX7B,2025.10.17,재킷,https://cloudfront.laundrygo.com/smartfactory/smartfactory_20251018083908_7ce4b1ac7a4e48d3a8b7212d65f4b52f.jpeg
5PJTZX7B,2025.10.17,재킷,https://cloudfront.laundrygo.com/smartfactory/smartfactory_20251018083908_66d9964bfbdf43c3bb14873af9074256.jpeg
5PJTZX7B,2025.10.17,재킷,https://cloudfront.laundrygo.com/smartfactory/smartfactory_20251018061906_3d722220ee1c4e17bf69e95bec4c680d.jpeg
5PJTZX7B,2025.10.17,재킷,https://cloudfront.laundrygo.com/smartfactory/smartfactory_20251018061906_cd536a212ca54f8a93c2dbdd1d220d3f.jpeg
ASJ4Q5WR,2025.10.17,재킷,https://cloudfront.laundrygo.com/smartfactory/smartfactory_20251018065706_1f2a810702ef4748a7b3427c688e0780.jpeg
6FTJ6NJJ,2025.10.17,재킷,https://cloudfront.laundrygo.com/smartfactory/smartfactory_20251020143714_777baa6fce7f45f296ee070efd4d116d.jpeg
6FTJ6NJJ,2025.10.17,재킷,https://cloudfront.laundrygo.com/smartfactory/smartfactory_20251020144214_ed3d3352e5d64eb9bbf3c7df8dbbf1fd.jpeg
6FTJ6NJJ,2025.10.17,재킷,https://cloudfront.laundrygo.com/smartfactory/smartfactory_20251020144214_8018d47622624aaaaebe060d7cf291a6.jpeg
BU5VJDRB,2025.10.17,재킷,https://cloudfront.laundrygo.com/smartfactory/smartfactory_20251018070907_3ad75ad898ac4bd685223a4778ede10e.jpeg
7FNBXTGJ,2025.10.18,재킷,https://cloudfront.laundrygo.com/smartfactory/smartfactory_20251019032503_9d91d19cfc854be2a2cea03fcd2f4b1b.jpeg
CF4EXSN3,2025.10.18,재킷,https://cloudfront.laundrygo.com/smartfactory/smartfactory_20251019001500_cc87331036ad46c8b0cddb8154a5663d.jpeg
45WXISEL,2025.10.18,재킷,https://cloudfront.laundrygo.com/smartfactory/smartfactory_20251020153815_fb961a0ce0674b7a8de8d3eb2fe634b8.jpeg
GGE6DSVW,2025.10.18,재킷,https://cloudfront.laundrygo.com/smartfactory/smartfactory_20251019091809_c939cf2ca24f42458af82da8676ce79f.jpeg
LUUGZBF5,2025.10.19,재킷,https://cloudfront.laundrygo.com/smartfactory/smartfactory_20251022135813_dffe4b9d0f984347a507bb83841d5021.jpeg
GJC2KN3Y,2025.10.19,재킷,https://cloudfront.laundrygo.com/smartfactory/smartfactory_20251020022002_333b1e26012f4b4288e610485db0ddbe.jpeg
JJBXMWPT,2025.10.19,재킷,https://cloudfront.laundrygo.com/smartfactory/smartfactory_20251020082708_c78a5e34d2934061a98dde4c1e253550.jpeg
YTYI58HG,2025.10.19,재킷,https://cloudfront.laundrygo.com/smartfactory/smartfactory_20251020023102_5f4b0349bca945a59e1e6adb0b4e57c5.jpeg
YTYI58HG,2025.10.19,재킷,https://cloudfront.laundrygo.com/smartfactory/smartfactory_20251020023202_fdcf9eab14c44383b85a7d397511d57b.jpeg
U2DTD8RO,2025.10.19,재킷,https://cloudfront.laundrygo.com/smartfactory/smartfactory_20251021132513_ba4b5cdc88794121b5a1666ae6902730.jpeg
XMLHFOZQ,2025.10.19,재킷,https://cloudfront.laundrygo.com/smartfactory/smartfactory_20251020073007_c81ca64d8d2c4a048cec24edf74635c1.jpeg
YZZ7MWRL,2025.10.20,재킷,https://cloudfront.laundrygo.com/smartfactory/smartfactory_20251021024002_6da638ac8b544620abc93d879d74baa0.jpeg
VDBOLAFE,2025.10.21,재킷,https://cloudfront.laundrygo.com/smartfactory/smartfactory_20251024153515_76b823be9ecd4c4890848317d43e7acc.jpeg
VDBOLAFE,2025.10.21,재킷,https://cloudfront.laundrygo.com/smartfactory/smartfactory_20251024153615_4ba20243b0424e2586a1310df7663dcb.jpeg
7FNBXTGJ,2025.10.22,재킷,https://cloudfront.laundrygo.com/smartfactory/smartfactory_20251023062506_ce751523ddf140c0a699aacd86899885.jpeg
7FNBXTGJ,2025.10.22,재킷,https://cloudfront.laundrygo.com/smartfactory/smartfactory_20251023104410_d73b80b51de74950a2db8b1ff4f41a0d.jpeg
7FNBXTGJ,2025.10.22,재킷,https://cloudfront.laundrygo.com/smartfactory/smartfactory_20251023104510_aec8325ab7be42aab54aa68eba7f814c.jpeg
7FNBXTGJ,2025.10.22,재킷,https://cloudfront.laundrygo.com/smartfactory/smartfactory_20251023104510_de36f8a68aef4a59bea8b8573c30f6ef.jpeg
7FNBXTGJ,2025.10.22,재킷,https://cloudfront.laundrygo.com/smartfactory/smartfactory_20251023104510_a02758b160284f0fb9416aad3b90dc3c.jpeg
3YGPHYZV,2025.10.22,재킷,https://cloudfront.laundrygo.com/smartfactory/smartfactory_20251023022102_94f1bfbfcf8e43179dbb059471b78beb.jpeg
SLKT5QUA,2025.10.23,재킷,https://cloudfront.laundrygo.com/smartfactory/smartfactory_20251024032703_2971ef8d69854249b49512490d902ef4.jpeg
Q2O88T5H,2025.10.23,재킷,https://cloudfront.laundrygo.com/smartfactory/smartfactory_20251024065706_4f35ce983bca4387b7510cf5bdc97fac.jpeg
GVWBKFEI,2025.10.23,재킷,https://cloudfront.laundrygo.com/smartfactory/smartfactory_20251024082908_481aaf54ad244cc19938176f1ce8598a.jpeg
GVWBKFEI,2025.10.23,재킷,https://cloudfront.laundrygo.com/smartfactory/smartfactory_20251024082908_7c529622783f44c98a6281eeba374d5e.jpeg
GVWBKFEI,2025.10.23,재킷,https://cloudfront.laundrygo.com/smartfactory/smartfactory_20251024135413_cb76e89296b44f139183421dbe2d4cf3.jpeg
6FTJ6NJJ,2025.10.24,재킷,https://cloudfront.laundrygo.com/smartfactory/smartfactory_20251025084808_6d105853bde74de9a1605220ae18e67d.jpeg
6FTJ6NJJ,2025.10.24,재킷,https://cloudfront.laundrygo.com/smartfactory/smartfactory_20251025084808_b6ee06525dd44d358046276c1c95feac.jpeg
PP5GIVG3,2025.10.24,재킷,https://cloudfront.laundrygo.com/smartfactory/smartfactory_20251025075407_df5375204938437ab5800ddadfeb5d35.jpeg
U2DTD8RO,2025.10.24,재킷,https://cloudfront.laundrygo.com/smartfactory/smartfactory_20251025131813_00a519744abb46059d1e599a33134d9e.jpeg
76K6BC89,2025.10.25,재킷,https://cloudfront.laundrygo.com/smartfactory/smartfactory_20251026102310_69482d08e4f7400a865bf849cbc30abc.jpeg
T8E6FEJW,2025.10.25,재킷,https://cloudfront.laundrygo.com/smartfactory/smartfactory_20251026021202_e7d9a2f22fd34e6d8c5f44ae2471cafe.jpeg
2R0JSXFA,2025.10.25,재킷,https://cloudfront.laundrygo.com/smartfactory/smartfactory_20251026070407_64c2d794cb1f492588fc0614ff6a6f30.jpeg
2R0JSXFA,2025.10.25,재킷,https://cloudfront.laundrygo.com/smartfactory/smartfactory_20251026070607_9728ccd1d6124ddf881a0adbf8b7242d.jpeg
25RM4V07,2025.10.25,재킷,https://cloudfront.laundrygo.com/smartfactory/smartfactory_20251026055505_60373df447774edcb73e56cf0df89395.jpeg
Y1NI9VTI,2025.10.25,재킷,https://cloudfront.laundrygo.com/smartfactory/smartfactory_20251026005200_709538d0103a407485cdcc5b2892029f.jpeg
LUUGZBF5,2025.10.26,재킷,https://cloudfront.laundrygo.com/smartfactory/smartfactory_20251027091409_ba14bb2e0e954d88b91b65d6c22c2ed8.jpeg
AIRH43HN,2025.10.26,재킷,https://cloudfront.laundrygo.com/smartfactory/smartfactory_20251027034403_f76194e9fc80488a9d154e7bce85fbfa.jpeg
6GS9JIYM,2025.10.26,재킷,https://cloudfront.laundrygo.com/smartfactory/smartfactory_20251029095909_8fb3ed1791124bbc9953675d2cfc3dea.jpeg
VRSYKL5V,2025.10.27,재킷,https://cloudfront.laundrygo.com/smartfactory/smartfactory_20251028025602_f7906e83c5b0429db1a10172d6bc9031.jpeg
V9GQSYD8,2025.10.27,재킷,https://cloudfront.laundrygo.com/smartfactory/smartfactory_20251028072907_c9e903d51b314c889700f43f526c91dc.jpeg
Q2O88T5H,2025.10.27,재킷,https://cloudfront.laundrygo.com/smartfactory/smartfactory_20251028083408_3062b95785194c2fbd0eca3277cb88ce.jpeg
Q2O88T5H,2025.10.27,재킷,https://cloudfront.laundrygo.com/smartfactory/smartfactory_20251028083608_44de0648ee854b9594d9ebd89de8a03e.jpeg
Q2O88T5H,2025.10.27,재킷,https://cloudfront.laundrygo.com/smartfactory/smartfactory_20251028083708_9bc27b0f228e49638be42a1f45753430.jpeg
VDBOLAFE,2025.10.27,재킷,https://cloudfront.laundrygo.com/smartfactory/smartfactory_20251028105410_8df5b7785e694dcf9d75b5c15227debf.jpeg
45WXISEL,2025.10.28,재킷,https://cloudfront.laundrygo.com/smartfactory/smartfactory_20251029081208_1171eb1c44454e5798c622b2651a762d.jpeg
SSVQUE6Q,2025.10.28,재킷,https://cloudfront.laundrygo.com/smartfactory/smartfactory_20251029051605_c6438df620804e1485e1422457026510.jpeg
SSVQUE6Q,2025.10.28,재킷,https://cloudfront.laundrygo.com/smartfactory/smartfactory_20251029051805_5b6c10b54a374d0fab4c58dbf6501f78.jpeg
XBOM2WLP,2025.10.28,재킷,https://cloudfront.laundrygo.com/smartfactory/smartfactory_20251029010101_f852ef02468648b28630c89115014e7b.jpeg
VRSYKL5V,2025.10.30,재킷,https://cloudfront.laundrygo.com/smartfactory/smartfactory_20251031010601_7889d8a02ba7498794d111172a1c4822.jpeg
2Y5DSM48,2025.10.30,재킷,https://cloudfront.laundrygo.com/smartfactory/smartfactory_20251031033703_a0d4810d4b134470bbf06475be96246c.jpeg
5PJTZX7B,2025.10.31,재킷,https://cloudfront.laundrygo.com/smartfactory/smartfactory_20251101012901_892fda0138414e359d50edcb81b531c5.jpeg
5PJTZX7B,2025.10.31,재킷,https://cloudfront.laundrygo.com/smartfactory/smartfactory_20251101013001_1f2fcbcbd7d84224a38f63af7367084a.jpeg
ASJ4Q5WR,2025.10.31,재킷,https://cloudfront.laundrygo.com/smartfactory/smartfactory_20251101050305_d829f5d3461a4249bf9b253965073665.jpeg
ASJ4Q5WR,2025.10.31,재킷,https://cloudfront.laundrygo.com/smartfactory/smartfactory_20251101050305_fe5903b427904839815db3adaddd2a58.jpeg
RNBX7YSD,2025.10.31,재킷,https://cloudfront.laundrygo.com/smartfactory/smartfactory_20251101093309_6ade24b15e2a4058a53ab48281f8a2be.jpeg
T8E6FEJW,2025.10.31,재킷,https://cloudfront.laundrygo.com/smartfactory/smartfactory_20251101051105_023b701088c5456c8e1349a1003b39f8.jpeg
T8E6FEJW,2025.10.31,재킷,https://cloudfront.laundrygo.com/smartfactory/smartfactory_20251101051205_390c8621d9cc49998e325ff52806d36a.jpeg
XHH0DT03,2025.10.31,재킷,https://cloudfront.laundrygo.com/smartfactory/smartfactory_20251101053505_762113181fb84de8b1ee6b16df62f92e.jpeg
XBOM2WLP,2025.10.31,재킷,https://cloudfront.laundrygo.com/smartfactory/smartfactory_20251101004700_dfc6b7cfe0244b10921251ab8d6d1dba.jpeg
Y2T4QE83,2025.10.31,재킷,https://cloudfront.laundrygo.com/smartfactory/smartfactory_20251101064506_a7adf902a88f410f96fc97804d4208de.jpeg
MNYDQ5UU,2025.11.1,재킷,https://cloudfront.laundrygo.com/smartfactory/smartfactory_20251102093709_be2a2e391e074d85975c5d88032235c1.jpeg
MNYDQ5UU,2025.11.1,재킷,https://cloudfront.laundrygo.com/smartfactory/smartfactory_20251102131413_17f153f8f0724ab180bb66708bfea5d1.jpeg
MWZ1GY0S,2025.11.1,재킷,https://cloudfront.laundrygo.com/smartfactory/smartfactory_20251102003300_d81c9d904ff74c8eb1e46969c2b30f27.jpeg
W4JH9RHN,2025.11.1,재킷,https://cloudfront.laundrygo.com/smartfactory/smartfactory_20251102094609_3a7b287456d04395b9da7dec198ab910.jpeg
GGE6DSVW,2025.11.1,재킷,https://cloudfront.laundrygo.com/smartfactory/smartfactory_20251102000700_52c296a61184458b95aa7db3e5b52cb3.jpeg
3L1QU6NP,2025.11.1,재킷,https://cloudfront.laundrygo.com/smartfactory/smartfactory_20251102092209_789f492081cf4cbcac33289db4791972.jpeg
JJBXMWPT,2025.8.18,장갑,https://cloudfront.laundrygo.com/smartfactory/smartfactory_20250819085708_938b2856c66e4f0488c1915ef9efab8c.jpeg
XBOM2WLP,2025.10.23,장갑,https://cloudfront.laundrygo.com/smartfactory/smartfactory_20251024081408_cd5641701f91415bb7c05b3cc5f8c469.jpeg
GSHKANZM,2025.8.10,일반이불,https://cloudfront.laundrygo.com/smartfactory/smartfactory_20250811083308_54b7bc05a01447049fc4cbb8c186e76c.jpeg
6GS9JIYM,2025.8.11,일반이불,https://cloudfront.laundrygo.com/smartfactory/smartfactory_20250812182018_2f4616e6ca78422f967241d62bea29b5.jpeg
IV9F6UUB,2025.8.13,일반이불,https://cloudfront.laundrygo.com/smartfactory/smartfactory_20250814023902_4b4ae2f94dd6407086987747f4b38b4f.jpeg
6GS9JIYM,2025.8.22,일반이불,https://cloudfront.laundrygo.com/smartfactory/smartfactory_20250823185218_6cd27b2f666c4439aba7bbd96932f8f1.jpeg
IV9F6UUB,2025.8.23,일반이불,https://cloudfront.laundrygo.com/smartfactory/smartfactory_20250824032703_ca018f6fe42148b68e14ed23d29258ef.jpeg
J8EKVUY9,2025.9.1,일반이불,https://cloudfront.laundrygo.com/smartfactory/smartfactory_20250902055705_6362a05fdde24df8a3e4189dcd5bd96b.jpeg
N2M33487,2025.9.1,일반이불,https://cloudfront.laundrygo.com/smartfactory/smartfactory_20250902012801_4306fe8204d54ca4af529975711ef2d7.jpeg
IV9F6UUB,2025.9.4,일반이불,https://cloudfront.laundrygo.com/smartfactory/smartfactory_20250905035503_d8383301a81f4f5687653bc549e27dab.jpeg
N2M33487,2025.9.8,일반이불,https://cloudfront.laundrygo.com/smartfactory/smartfactory_20250909071107_83b65396dcae4b0ba912cc6054eca0a9.jpeg
6GS9JIYM,2025.9.12,일반이불,https://cloudfront.laundrygo.com/smartfactory/smartfactory_20250913162316_2c37be47b00d42f788c6fb352d5a0a0b.jpeg
GSHKANZM,2025.9.13,일반이불,https://cloudfront.laundrygo.com/smartfactory/smartfactory_20250914063906_5d74ea858a254973bccdeb013ece0250.jpeg
GSHKANZM,2025.9.13,일반이불,https://cloudfront.laundrygo.com/smartfactory/smartfactory_20250914063606_f03d6ede08714484a4994791d726b0c1.jpeg
7FNBXTGJ,2025.9.26,일반이불,https://cloudfront.laundrygo.com/smartfactory/smartfactory_20250927023902_aaba4e1400ae425393aca0c61d673225.jpeg
7FNBXTGJ,2025.9.26,일반이불,https://cloudfront.laundrygo.com/smartfactory/smartfactory_20250927023802_100bea5f7a3b41a4888ed621b789f37b.jpeg
7FNBXTGJ,2025.9.26,일반이불,https://cloudfront.laundrygo.com/smartfactory/smartfactory_20250927023702_72eeb74858a7465f8742a12e536ff589.jpeg
6GS9JIYM,2025.9.27,일반이불,https://cloudfront.laundrygo.com/smartfactory/smartfactory_20250929165116_835f06a2827647f7966e6d4ce5c0f7a1.jpeg
J8YGVZLD,2025.9.30,일반이불,https://cloudfront.laundrygo.com/smartfactory/smartfactory_20251001052505_551a5e78e19546c0b29061e7a846bf48.jpeg
J8EKVUY9,2025.10.1,일반이불,https://cloudfront.laundrygo.com/smartfactory/smartfactory_20251002055205_45f9bd4513404dd7873bdc7c8cf526e6.jpeg
6GS9JIYM,2025.10.1,일반이불,https://cloudfront.laundrygo.com/smartfactory/smartfactory_20251004011001_92ca92c959c342b3ac558c985c6f17e2.jpeg
ICNKZ2VE,2025.10.8,일반이불,https://cloudfront.laundrygo.com/smartfactory/smartfactory_20251009102910_16187bb9a2db4d699ba86442d500bde5.jpeg
IV9F6UUB,2025.10.9,일반이불,https://cloudfront.laundrygo.com/smartfactory/smartfactory_20251010060806_fd4f2ee6eda6420ba168ee36210f6f5b.jpeg
7FNBXTGJ,2025.10.12,일반이불,https://cloudfront.laundrygo.com/smartfactory/smartfactory_20251013072407_3ed15ea0e2e54afd8c5e9b47a02486d0.jpeg
YZZ7MWRL,2025.10.12,일반이불,https://cloudfront.laundrygo.com/smartfactory/smartfactory_20251013052205_b9477e833b7543d48afdc414aac7acde.jpeg
6GS9JIYM,2025.10.12,일반이불,https://cloudfront.laundrygo.com/smartfactory/smartfactory_20251013090109_91e7f93252fe48019ec2f8fea965bbcd.jpeg
X7PTBDGH,2025.10.14,일반이불,https://cloudfront.laundrygo.com/smartfactory/smartfactory_20251017185618_87ad09c225e04f1b961d350c4e568ac0.jpeg
GSHKANZM,2025.10.16,일반이불,https://cloudfront.laundrygo.com/smartfactory/smartfactory_20251017055405_3c75b1eb15bb4bd88e629ed84eb699be.jpeg
IV9F6UUB,2025.10.16,일반이불,https://cloudfront.laundrygo.com/smartfactory/smartfactory_20251017032103_30db8577ae2b45f1a4028d0449bfc467.jpeg
45WXISEL,2025.10.18,일반이불,https://cloudfront.laundrygo.com/smartfactory/smartfactory_20251020153015_988e44fe302545cd9126cd764afe0c98.jpeg
45WXISEL,2025.10.18,일반이불,https://cloudfront.laundrygo.com/smartfactory/smartfactory_20251020152915_3c96408ecfbf4b27aafd5e283730f16b.jpeg
45WXISEL,2025.10.18,일반이불,https://cloudfront.laundrygo.com/smartfactory/smartfactory_20251020152915_85a017da38b046b4a0a059ed2b518848.jpeg
8L4ANES3,2025.10.19,일반이불,https://cloudfront.laundrygo.com/smartfactory/smartfactory_20251020095509_37e706ef539a4602b9dceaa8df1d73aa.jpeg
6GS9JIYM,2025.10.19,일반이불,https://cloudfront.laundrygo.com/smartfactory/smartfactory_20251022155015_adfb88eb293844d28e9b041b47b04ab3.jpeg
6GS9JIYM,2025.10.19,일반이불,https://cloudfront.laundrygo.com/smartfactory/smartfactory_20251022155015_6c57a60339a4443c92e98059d4831539.jpeg
8L4ANES3,2025.10.21,일반이불,https://cloudfront.laundrygo.com/smartfactory/smartfactory_20251024195819_2efa68a586bc41cbbc7cf7291d38e116.jpeg
GSHKANZM,2025.10.24,일반이불,https://cloudfront.laundrygo.com/smartfactory/smartfactory_20251025090009_c7980e883da6476a82489521bc965807.jpeg
GGJYO20G,2025.10.24,일반이불,https://cloudfront.laundrygo.com/smartfactory/smartfactory_20251025083108_e9df5ad8e6494d5293f40ccf6c33c52b.jpeg
6GS9JIYM,2025.10.26,일반이불,https://cloudfront.laundrygo.com/smartfactory/smartfactory_20251029103610_a50a5cec94dd4c6a86d17b5eee0bb42c.jpeg
JC1PB4D0,2025.10.27,일반이불,https://cloudfront.laundrygo.com/smartfactory/smartfactory_20251028110011_f4068a42d068421fa40d6be2f0aa2df3.jpeg
IV9F6UUB,2025.10.28,일반이불,https://cloudfront.laundrygo.com/smartfactory/smartfactory_20251029061906_03b5d68e5ca84686bacd2456502c6f47.jpeg
Q2O88T5H,2025.9.2,인형,https://cloudfront.laundrygo.com/smartfactory/smartfactory_20250903043404_dc59ad5dde79470ba5ff77a79fe42a45.jpeg
0QEZ4TF1,2025.10.13,인형,https://cloudfront.laundrygo.com/smartfactory/smartfactory_20251014085608_cc63b91465684afda984b520d9602ff6.jpeg
0QEZ4TF1,2025.10.13,인형,https://cloudfront.laundrygo.com/smartfactory/smartfactory_20251014085608_5f6fe10e57c142639b8d19bef0dce17a.jpeg
MWZ1GY0S,2025.10.14,인형,https://cloudfront.laundrygo.com/smartfactory/smartfactory_20251015051905_87147d50c10842c799af8b2392beff10.jpeg
907MFCA9,2025.10.21,인형,https://cloudfront.laundrygo.com/smartfactory/smartfactory_20251022093809_d532e87a4cd342da8f5feaaf956310c7.jpeg
EL2TR2R9,2025.8.22,유모차,https://cloudfront.laundrygo.com/smartfactory/smartfactory_20250823101410_2e3ea11376074f7da392f517120e49ef.jpg
J8EKVUY9,2025.9.21,유모차,https://cloudfront.laundrygo.com/smartfactory/smartfactory_20250922070507_fcd1f570d1134f80bd09681d22563ff0.jpg
J8EKVUY9,2025.9.21,유모차,https://cloudfront.laundrygo.com/smartfactory/smartfactory_20250923105610_9306532873954926b91aaf12aa4f6f1e.jpg
RNBX7YSD,2025.8.8,"원피스, 점프수트",https://cloudfront.laundrygo.com/smartfactory/smartfactory_20250809042504_21f259ba49394ed4a0522f6bf5afc720.jpeg
QCZ2BL2B,2025.8.8,"원피스, 점프수트",https://cloudfront.laundrygo.com/smartfactory/smartfactory_20250809003400_ecbbe05cf9df41249250a06eab86a77d.jpeg
V7HCX6D0,2025.8.9,"원피스, 점프수트",https://cloudfront.laundrygo.com/smartfactory/smartfactory_20250810012101_5bb3400d70d947498261d0171bf8c593.jpeg
86BNR2K3,2025.8.10,"원피스, 점프수트",https://cloudfront.laundrygo.com/smartfactory/smartfactory_20250811005700_7450d29c42ff4ad7800862ae6f4e4cfc.jpeg
ET8D4PJN,2025.8.10,"원피스, 점프수트",https://cloudfront.laundrygo.com/smartfactory/smartfactory_20250811040004_bdd55f500e044c9b948bc3ced3035a39.jpeg
J8YGVZLD,2025.8.12,"원피스, 점프수트",https://cloudfront.laundrygo.com/smartfactory/smartfactory_20250813035403_bf8232776b1e4611a23d14020a00fbcf.jpeg
35IPG2VA,2025.8.14,"원피스, 점프수트",https://cloudfront.laundrygo.com/smartfactory/smartfactory_20250815055205_ab42cced53d14af1b7c9f1c9277d7af6.jpeg
RNBX7YSD,2025.8.15,"원피스, 점프수트",https://cloudfront.laundrygo.com/smartfactory/smartfactory_20250816051405_61af0fe888f145bca7557cdef68b3546.jpeg
NJ5SZABP,2025.8.16,"원피스, 점프수트",https://cloudfront.laundrygo.com/smartfactory/smartfactory_20250817032903_290e1efb75db4d2ba06b5738b1faac45.jpeg
T8E6FEJW,2025.8.16,"원피스, 점프수트",https://cloudfront.laundrygo.com/smartfactory/smartfactory_20250817033003_03fc6b2d74774c2eb6282fc1b8efb7b3.jpeg
QCZ2BL2B,2025.8.18,"원피스, 점프수트",https://cloudfront.laundrygo.com/smartfactory/smartfactory_20250819075707_ac342495b82f4da2ae3fc51c5559181a.jpeg
3ZJHQZX1,2025.8.18,"원피스, 점프수트",https://cloudfront.laundrygo.com/smartfactory/smartfactory_20250819053805_77135460c6794fc5b30a645186c5ac56.jpeg
35IPG2VA,2025.8.19,"원피스, 점프수트",https://cloudfront.laundrygo.com/smartfactory/smartfactory_20250820033503_83b8c5eb131442b0b3810315da345678.jpeg
35IPG2VA,2025.8.19,"원피스, 점프수트",https://cloudfront.laundrygo.com/smartfactory/smartfactory_20250820033503_c880026e42c8467586f760b585fed9b2.jpeg
ET8D4PJN,2025.8.21,"원피스, 점프수트",https://cloudfront.laundrygo.com/smartfactory/smartfactory_20250822022302_fc8c515c9aab44339bcd2874f1c69bde.jpeg
ET8D4PJN,2025.8.21,"원피스, 점프수트",https://cloudfront.laundrygo.com/smartfactory/smartfactory_20250822022602_e9da59b0326f4d49a880d0bb62579ecb.jpeg
ET8D4PJN,2025.8.21,"원피스, 점프수트",https://cloudfront.laundrygo.com/smartfactory/smartfactory_20250822022802_7992b371b26c4e39a166c50dd6213798.jpeg
ET8D4PJN,2025.8.21,"원피스, 점프수트",https://cloudfront.laundrygo.com/smartfactory/smartfactory_20250822023002_63be14de8eb948ba94087d2c4c0770bf.jpeg
GVWBKFEI,2025.8.21,"원피스, 점프수트",https://cloudfront.laundrygo.com/smartfactory/smartfactory_20250822100910_582dfcc1351d4cc1bf9fffb228e1b349.jpeg
GVWBKFEI,2025.8.21,"원피스, 점프수트",https://cloudfront.laundrygo.com/smartfactory/smartfactory_20250822100910_f34ce18e9e3f403ca54a8de6bf79885e.jpeg
EL2TR2R9,2025.8.22,"원피스, 점프수트",https://cloudfront.laundrygo.com/smartfactory/smartfactory_20250823052805_7ed78379089e4ba79022583aa25793f2.jpeg
SHXBN6P7,2025.8.23,"원피스, 점프수트",https://cloudfront.laundrygo.com/smartfactory/smartfactory_20250824043704_e3d1b53709ea444bb571403065957909.jpeg
SHXBN6P7,2025.8.23,"원피스, 점프수트",https://cloudfront.laundrygo.com/smartfactory/smartfactory_20250824043804_781ef4b2673d423a9e20dce85a389a6f.jpeg
GJC2KN3Y,2025.8.23,"원피스, 점프수트",https://cloudfront.laundrygo.com/smartfactory/smartfactory_20250824012301_84c37d6da72a411684d7118fa0adc08a.jpeg
GJC2KN3Y,2025.8.23,"원피스, 점프수트",https://cloudfront.laundrygo.com/smartfactory/smartfactory_20250824012301_662b766747594a27ae452d71b36bf423.jpeg
RNBX7YSD,2025.8.23,"원피스, 점프수트",https://cloudfront.laundrygo.com/smartfactory/smartfactory_20250824022302_3369dcf9baaf478590016c32caa6558c.jpeg
QCZ2BL2B,2025.8.24,"원피스, 점프수트",https://cloudfront.laundrygo.com/smartfactory/smartfactory_20250825030003_e8ef1b4913c743339a051a202b9d06d2.jpeg
QCZ2BL2B,2025.8.24,"원피스, 점프수트",https://cloudfront.laundrygo.com/smartfactory/smartfactory_20250825030103_84da3bb304f6424a97f6a5a96e842690.jpeg
IXRRIYAJ,2025.8.26,"원피스, 점프수트",https://cloudfront.laundrygo.com/smartfactory/smartfactory_20250827090309_500bc4c3c1eb4bd281fd3ea2724942e8.jpeg
IXRRIYAJ,2025.8.26,"원피스, 점프수트",https://cloudfront.laundrygo.com/smartfactory/smartfactory_20250827090409_c8e42ac083534259af54b38f1d21aca4.jpeg
GJC2KN3Y,2025.8.28,"원피스, 점프수트",https://cloudfront.laundrygo.com/smartfactory/smartfactory_20250829001900_ffd238a93815402abfca3ddc5157a8e5.jpeg
FPP9YBNG,2025.8.29,"원피스, 점프수트",https://cloudfront.laundrygo.com/smartfactory/smartfactory_20250830085108_d8efb941478044bcb004e05d47bad8a3.jpeg
GVWBKFEI,2025.8.29,"원피스, 점프수트",https://cloudfront.laundrygo.com/smartfactory/smartfactory_20250830034403_879653e6028647f19372cc4276ebaa38.jpeg
GVWBKFEI,2025.8.29,"원피스, 점프수트",https://cloudfront.laundrygo.com/smartfactory/smartfactory_20250830034403_cf89fc7e89f0403ab18965cddfc0704b.jpeg
BGQD38SR,2025.8.30,"원피스, 점프수트",https://cloudfront.laundrygo.com/smartfactory/smartfactory_20250831003200_4cc22cbc7a684b9d830ede75fa76de04.jpeg
86BNR2K3,2025.8.31,"원피스, 점프수트",https://cloudfront.laundrygo.com/smartfactory/smartfactory_20250901002500_cf24584769ec40a685a0b3cced015f4f.jpeg
CF4EXSN3,2025.9.1,"원피스, 점프수트",https://cloudfront.laundrygo.com/smartfactory/smartfactory_20250902031203_f0c01ccd1ade4ddaad43b553907fa5d3.jpeg
3ZJHQZX1,2025.9.1,"원피스, 점프수트",https://cloudfront.laundrygo.com/smartfactory/smartfactory_20250902063406_62fdd80a889347a5ac0961dd71f81fae.jpeg
T8E6FEJW,2025.9.3,"원피스, 점프수트",https://cloudfront.laundrygo.com/smartfactory/smartfactory_20250904021302_d2886aba5d574657a839fe0371341e88.jpeg
T8E6FEJW,2025.9.3,"원피스, 점프수트",https://cloudfront.laundrygo.com/smartfactory/smartfactory_20250904021302_8137f347842b45e38ea3df44631f9dc9.jpeg
T8E6FEJW,2025.9.3,"원피스, 점프수트",https://cloudfront.laundrygo.com/smartfactory/smartfactory_20250904021502_914b55584a414fafb2221e6fd853575c.jpeg
ET8D4PJN,2025.9.3,"원피스, 점프수트",https://cloudfront.laundrygo.com/smartfactory/smartfactory_20250904063506_e0dd1d85703f4b9ea54e1977e20b2af7.jpeg
35IPG2VA,2025.9.4,"원피스, 점프수트",https://cloudfront.laundrygo.com/smartfactory/smartfactory_20250905035903_759c4e187fbe4838973001990d4d624d.jpeg
VDBOLAFE,2025.9.4,"원피스, 점프수트",https://cloudfront.laundrygo.com/smartfactory/smartfactory_20250905145514_a96d684e83b940b8a6568cd7a4c0ae79.jpeg
RNBX7YSD,2025.9.5,"원피스, 점프수트",https://cloudfront.laundrygo.com/smartfactory/smartfactory_20250906032003_1a05408b9d9047ad9fb3bcc236fdaf86.jpeg
2Y5DSM48,2025.9.5,"원피스, 점프수트",https://cloudfront.laundrygo.com/smartfactory/smartfactory_20250906070507_aca767e719f842b69295b1ad02e96aa5.jpeg
QCZ2BL2B,2025.9.5,"원피스, 점프수트",https://cloudfront.laundrygo.com/smartfactory/smartfactory_20250906011901_777282e772e3401cb9ac00789ee410de.jpeg
QCZ2BL2B,2025.9.5,"원피스, 점프수트",https://cloudfront.laundrygo.com/smartfactory/smartfactory_20250906011901_21ed5e411bd445bb9881a14bf456e6a1.jpeg
XMLHFOZQ,2025.9.6,"원피스, 점프수트",https://cloudfront.laundrygo.com/smartfactory/smartfactory_20250907053505_c80f27761d474b20b45073ab6efd21ca.jpeg
GVRSSYRJ,2025.9.10,"원피스, 점프수트",https://cloudfront.laundrygo.com/smartfactory/smartfactory_20250911015401_f25085abe71e4ae0a09505380d8b3eaa.jpeg
6FTJ6NJJ,2025.9.10,"원피스, 점프수트",https://cloudfront.laundrygo.com/smartfactory/smartfactory_20250911051705_16ce5aa84ad84e96b1eafb8b16be4ef2.jpeg
6FTJ6NJJ,2025.9.10,"원피스, 점프수트",https://cloudfront.laundrygo.com/smartfactory/smartfactory_20250911051805_47e01ab1970847a296bf4d7923991131.jpeg
6FTJ6NJJ,2025.9.10,"원피스, 점프수트",https://cloudfront.laundrygo.com/smartfactory/smartfactory_20250911052005_902bed6430824ea39d7b3d765af1e56b.jpeg
PP5GIVG3,2025.9.10,"원피스, 점프수트",https://cloudfront.laundrygo.com/smartfactory/smartfactory_20250911044204_b7d6689053ff40acad4881e7f7ffc9cd.jpeg
ET8D4PJN,2025.9.11,"원피스, 점프수트",https://cloudfront.laundrygo.com/smartfactory/smartfactory_20250912014101_9832eb17313d4bd4802bf3756aee2554.jpeg
VDBOLAFE,2025.9.12,"원피스, 점프수트",https://cloudfront.laundrygo.com/smartfactory/smartfactory_20250913144314_79c0ac25d69b41ce9affdb80070be7f6.jpeg
3YGPHYZV,2025.9.14,"원피스, 점프수트",https://cloudfront.laundrygo.com/smartfactory/smartfactory_20250915024002_e1c5094f88114d7ea4438e49a2569031.jpeg
Q2O88T5H,2025.9.14,"원피스, 점프수트",https://cloudfront.laundrygo.com/smartfactory/smartfactory_20250915050605_c242186a1ba94413ae8f05d6c415d5cb.jpeg
3ZJHQZX1,2025.9.15,"원피스, 점프수트",https://cloudfront.laundrygo.com/smartfactory/smartfactory_20250916043104_16ae2ae4d60742d68d6f6efe01caa345.jpeg
3ZJHQZX1,2025.9.15,"원피스, 점프수트",https://cloudfront.laundrygo.com/smartfactory/smartfactory_20250916043204_097961d88ed548218e7e9b63cbc1ef38.jpeg
QCZ2BL2B,2025.9.16,"원피스, 점프수트",https://cloudfront.laundrygo.com/smartfactory/smartfactory_20250917012501_4324cf1556f044d68958ec62a182db5d.jpeg
QCZ2BL2B,2025.9.20,"원피스, 점프수트",https://cloudfront.laundrygo.com/smartfactory/smartfactory_20250921010901_216001b8a38b4287b9cbcd59af7f21da.jpeg
JY6ZWQZL,2025.9.21,"원피스, 점프수트",https://cloudfront.laundrygo.com/smartfactory/smartfactory_20250922023602_74cfb833b2a54e779618740fd22e8835.jpeg
JY6ZWQZL,2025.9.21,"원피스, 점프수트",https://cloudfront.laundrygo.com/smartfactory/smartfactory_20250922023802_ce8e410d1aa8433bbc01c53024648d5e.jpeg
ET8D4PJN,2025.9.22,"원피스, 점프수트",https://cloudfront.laundrygo.com/smartfactory/smartfactory_20250923083008_68b4648409174e37955f97a4dd7b7b9e.jpeg
VDBOLAFE,2025.9.22,"원피스, 점프수트",https://cloudfront.laundrygo.com/smartfactory/smartfactory_20250924130313_50d517f2ef9e48bf8068fbfffc24c1d5.jpeg
IXRRIYAJ,2025.9.22,"원피스, 점프수트",https://cloudfront.laundrygo.com/smartfactory/smartfactory_20250923081108_43dcbcb8feac4f10bce86f0c7000bb23.jpeg
IXRRIYAJ,2025.9.22,"원피스, 점프수트",https://cloudfront.laundrygo.com/smartfactory/smartfactory_20250923081108_e5428a37ad1a4447b6a1be8937625343.jpeg
7FNBXTGJ,2025.9.26,"원피스, 점프수트",https://cloudfront.laundrygo.com/smartfactory/smartfactory_20250927022902_3147b0e027334d0e8cacc38a66154731.jpeg
7FNBXTGJ,2025.9.26,"원피스, 점프수트",https://cloudfront.laundrygo.com/smartfactory/smartfactory_20250927081208_ba5548c2e9fd4dbc887443a6a4874274.jpeg
7FNBXTGJ,2025.9.26,"원피스, 점프수트",https://cloudfront.laundrygo.com/smartfactory/smartfactory_20250927081208_f772955323714ce78c4c10c13eea0ca0.jpeg
7FNBXTGJ,2025.9.26,"원피스, 점프수트",https://cloudfront.laundrygo.com/smartfactory/smartfactory_20250927081208_d0dbc86c22b04f3c93039be308b9f043.jpeg
7FNBXTGJ,2025.9.26,"원피스, 점프수트",https://cloudfront.laundrygo.com/smartfactory/smartfactory_20250927081208_97d1fff7fa8c428faf586bdf2ff16915.jpeg
7FNBXTGJ,2025.9.26,"원피스, 점프수트",https://cloudfront.laundrygo.com/smartfactory/smartfactory_20250927023002_4c49d4dd9d364025b79f469023273251.jpeg
7FNBXTGJ,2025.9.26,"원피스, 점프수트",https://cloudfront.laundrygo.com/smartfactory/smartfactory_20250927081608_74f758a0f9264c2795469364af4a10a6.jpeg
7FNBXTGJ,2025.9.26,"원피스, 점프수트",https://cloudfront.laundrygo.com/smartfactory/smartfactory_20250927081608_3baf00d6cc1e4025ab6d32c9c6163aa2.jpeg
7FNBXTGJ,2025.9.26,"원피스, 점프수트",https://cloudfront.laundrygo.com/smartfactory/smartfactory_20250927081608_b7eacae61c2e4dada4ab5e01ac4077bb.jpeg
7FNBXTGJ,2025.9.26,"원피스, 점프수트",https://cloudfront.laundrygo.com/smartfactory/smartfactory_20250927081608_58b70a940a3345e9abc9189d056a0be3.jpeg
PP5GIVG3,2025.9.26,"원피스, 점프수트",https://cloudfront.laundrygo.com/smartfactory/smartfactory_20250927024002_6004ed97ffb148c2ba8bd57e4cb0403e.jpeg
HALU889P,2025.9.27,"원피스, 점프수트",https://cloudfront.laundrygo.com/smartfactory/smartfactory_20250928065906_d9fc830dbfea42f0992c474b00f9321d.jpeg
6GS9JIYM,2025.9.27,"원피스, 점프수트",https://cloudfront.laundrygo.com/smartfactory/smartfactory_20250929162216_b146178dfb0e4c40b492a81e96248604.jpeg
JY6ZWQZL,2025.9.28,"원피스, 점프수트",https://cloudfront.laundrygo.com/smartfactory/smartfactory_20250929042404_1cae4ce6ee064bd08f85b08237f533ed.jpeg
VDBOLAFE,2025.9.29,"원피스, 점프수트",https://cloudfront.laundrygo.com/smartfactory/smartfactory_20250930095609_99d0408b7e6f4b4184568a7deed2a3f9.jpeg
GJC2KN3Y,2025.9.30,"원피스, 점프수트",https://cloudfront.laundrygo.com/smartfactory/smartfactory_20251001012701_a28246ca11d7490ca9f818c57af70256.jpeg
GJC2KN3Y,2025.9.30,"원피스, 점프수트",https://cloudfront.laundrygo.com/smartfactory/smartfactory_20251001012801_4e8dbea423e641cf80d8c357303cdbc7.jpeg
CF4EXSN3,2025.9.30,"원피스, 점프수트",https://cloudfront.laundrygo.com/smartfactory/smartfactory_20251001002400_af216074d8ed42129314acd2ce14efff.jpeg
ET8D4PJN,2025.10.1,"원피스, 점프수트",https://cloudfront.laundrygo.com/smartfactory/smartfactory_20251002091309_551bc268fcbe413187e51a5b677e20b3.jpeg
QCZ2BL2B,2025.10.2,"원피스, 점프수트",https://cloudfront.laundrygo.com/smartfactory/smartfactory_20251003021202_ea59901ff35b460d9c379888e18f0f95.jpeg
SHXBN6P7,2025.10.7,"원피스, 점프수트",https://cloudfront.laundrygo.com/smartfactory/smartfactory_20251008011101_067373c7673549c3a993078b899d6f6c.jpeg
SHXBN6P7,2025.10.7,"원피스, 점프수트",https://cloudfront.laundrygo.com/smartfactory/smartfactory_20251008011101_1e892f971cd54c48b10f9680a9cb97fc.jpeg
EL2TR2R9,2025.10.7,"원피스, 점프수트",https://cloudfront.laundrygo.com/smartfactory/smartfactory_20251008084208_85ad5f0fdecd44fdab64da15eefe42c3.jpeg
7HDMDDBX,2025.10.7,"원피스, 점프수트",https://cloudfront.laundrygo.com/smartfactory/smartfactory_20251008062006_162faba15d1540118eb4d9a53db02bb7.jpeg
7HDMDDBX,2025.10.7,"원피스, 점프수트",https://cloudfront.laundrygo.com/smartfactory/smartfactory_20251008062106_f6ad39653def4c2c9b116da9429532c9.jpeg
EYW7JWTJ,2025.10.8,"원피스, 점프수트",https://cloudfront.laundrygo.com/smartfactory/smartfactory_20251009081908_9c2943379e6146e3ae7d34acdffdca90.jpeg
3ZJHQZX1,2025.10.8,"원피스, 점프수트",https://cloudfront.laundrygo.com/smartfactory/smartfactory_20251009094209_74c26263560f4d3ba104bfb73859bcbc.jpeg
3ZJHQZX1,2025.10.8,"원피스, 점프수트",https://cloudfront.laundrygo.com/smartfactory/smartfactory_20251009094209_a0eaa76c61cf49edaee9bbf499268a36.jpeg
3ZJHQZX1,2025.10.8,"원피스, 점프수트",https://cloudfront.laundrygo.com/smartfactory/smartfactory_20251009094809_800a117449864bea918233da98af8671.jpeg
EL2TR2R9,2025.10.10,"원피스, 점프수트",https://cloudfront.laundrygo.com/smartfactory/smartfactory_20251011025902_fac821971e2041c281ee3073a0007dc9.jpeg
FPP9YBNG,2025.10.14,"원피스, 점프수트",https://cloudfront.laundrygo.com/smartfactory/smartfactory_20251015085108_73a52a9237dc4eec87421141b58837b9.jpeg
VDBOLAFE,2025.10.14,"원피스, 점프수트",https://cloudfront.laundrygo.com/smartfactory/smartfactory_20251015082008_fa809c933d4440a7bbbe3023c307ec27.jpeg
7FNBXTGJ,2025.10.18,"원피스, 점프수트",https://cloudfront.laundrygo.com/smartfactory/smartfactory_20251019032603_ab6edc23dc76485f8b61761f7a011d65.jpeg
7FNBXTGJ,2025.10.18,"원피스, 점프수트",https://cloudfront.laundrygo.com/smartfactory/smartfactory_20251019032703_b4f918935b0b453db2a9c4d74a63a55e.jpeg
CF4EXSN3,2025.10.18,"원피스, 점프수트",https://cloudfront.laundrygo.com/smartfactory/smartfactory_20251019001600_b80ee500b696428b8b9b5b1ab4cf45bb.jpeg
CF4EXSN3,2025.10.18,"원피스, 점프수트",https://cloudfront.laundrygo.com/smartfactory/smartfactory_20251019001700_c40d4b46d49f45289f7f03ecbd7a2374.jpeg
BGQD38SR,2025.10.18,"원피스, 점프수트",https://cloudfront.laundrygo.com/smartfactory/smartfactory_20251019081408_f7eaa6dcfe064d88968714000c2812d6.jpeg
BGQD38SR,2025.10.18,"원피스, 점프수트",https://cloudfront.laundrygo.com/smartfactory/smartfactory_20251019081508_a9f670ddb94044e29b18553ee2d8bf9a.jpeg
EL2TR2R9,2025.10.19,"원피스, 점프수트",https://cloudfront.laundrygo.com/smartfactory/smartfactory_20251020011501_058aeed2fc614e0586d5fc85b041caf1.jpeg
GJC2KN3Y,2025.10.19,"원피스, 점프수트",https://cloudfront.laundrygo.com/smartfactory/smartfactory_20251020022002_e31c69410b7a4523ab45dcae729e28b2.jpeg
VDBOLAFE,2025.10.21,"원피스, 점프수트",https://cloudfront.laundrygo.com/smartfactory/smartfactory_20251024153515_feaf014b595449eb90c22850efc62a77.jpeg
BGQD38SR,2025.10.23,"원피스, 점프수트",https://cloudfront.laundrygo.com/smartfactory/smartfactory_20251024063706_2e1407f9777d4f5b831c2398f2e81875.jpeg
LUUGZBF5,2025.10.26,"원피스, 점프수트",https://cloudfront.laundrygo.com/smartfactory/smartfactory_20251027091509_a8f26adf5e364b878a54603df7a2f874.jpeg
ET8D4PJN,2025.10.26,"원피스, 점프수트",https://cloudfront.laundrygo.com/smartfactory/smartfactory_20251027100510_508ce5682cca46bcaad53b122fa58b0a.jpeg
JC1PB4D0,2025.10.27,"원피스, 점프수트",https://cloudfront.laundrygo.com/smartfactory/smartfactory_20251028104210_8eae5e62b6904291b31ca75ec49be1d2.jpeg
JC1PB4D0,2025.10.27,"원피스, 점프수트",https://cloudfront.laundrygo.com/smartfactory/smartfactory_20251028104310_4f08c26caf6c490aa3d6b754b65081d9.jpeg
JC1PB4D0,2025.10.27,"원피스, 점프수트",https://cloudfront.laundrygo.com/smartfactory/smartfactory_20251028104610_a0cb447c4a1d4fa3ae8de65f61c50a17.jpeg
JC1PB4D0,2025.10.27,"원피스, 점프수트",https://cloudfront.laundrygo.com/smartfactory/smartfactory_20251028104610_4cf39eba785f423f85df0a8837367cee.jpeg
JY6ZWQZL,2025.10.29,"원피스, 점프수트",https://cloudfront.laundrygo.com/smartfactory/smartfactory_20251030011301_bf15320160b2431ebd54f91195e6c1c7.jpeg
AZD3BJMZ,2025.10.31,"원피스, 점프수트",https://cloudfront.laundrygo.com/smartfactory/smartfactory_20251101045904_ee756fd7cc1f48c8a84bb0fa055325ae.jpeg
6FTJ6NJJ,2025.11.1,"원피스, 점프수트",https://cloudfront.laundrygo.com/smartfactory/smartfactory_20251102024002_7ea01eafa57a4698b41f98f2830b86a3.jpeg
SSVQUE6Q,2025.11.1,"원피스, 점프수트",https://cloudfront.laundrygo.com/smartfactory/smartfactory_20251102084008_a126babc72e14748a4696de1a6edfd6c.jpeg
V7HCX6D0,2025.8.31,에코백,https://cloudfront.laundrygo.com/smartfactory/smartfactory_20250901054605_57708cd1d42c4071b3891b4d206cac36.jpeg
LUUGZBF5,2025.9.21,에코백,https://cloudfront.laundrygo.com/smartfactory/smartfactory_20250922081708_2416c252193d44399dbe852ec7b7988b.jpeg
V7HCX6D0,2025.10.13,에코백,https://cloudfront.laundrygo.com/smartfactory/smartfactory_20251014063506_f24107b2311b4464b956fc0b9361ac85.jpeg
J8EKVUY9,2025.9.13,양모 이불,https://cloudfront.laundrygo.com/smartfactory/smartfactory_20250914085408_93658d54969340d29e20e8e9300b8ff8.jpeg
Q2O88T5H,2025.8.18,아동 신발,https://cloudfront.laundrygo.com/smartfactory/smartfactory_20250819053405_4d6c3ee0fe2440999dd2ff50585409a2.jpeg
Q2O88T5H,2025.8.18,아동 신발,https://cloudfront.laundrygo.com/smartfactory/smartfactory_20250819053405_de5767230d5b4a388df39ebb0f6cc7a4.jpeg
Q2O88T5H,2025.8.18,아동 신발,https://cloudfront.laundrygo.com/smartfactory/smartfactory_20250819053405_c32beeb0dd5040d79fdf2e763968ffc2.jpeg
Q2O88T5H,2025.8.18,아동 신발,https://cloudfront.laundrygo.com/smartfactory/smartfactory_20250819053405_a0e8e32b97ad46a39593ed8b1681403f.jpeg
Q2O88T5H,2025.8.18,아동 신발,https://cloudfront.laundrygo.com/smartfactory/smartfactory_20250819053505_6163f4b7a7de4fb0bf9ee49f8641fbeb.jpeg
Q2O88T5H,2025.8.18,아동 신발,https://cloudfront.laundrygo.com/smartfactory/smartfactory_20250819053505_64276e8248de4229a7f450906bdd0420.jpeg
LUUGZBF5,2025.8.29,아동 신발,https://cloudfront.laundrygo.com/smartfactory/smartfactory_20250830045104_a9d1c77f60c1494d946b61b637b56b44.jpeg
LUUGZBF5,2025.8.29,아동 신발,https://cloudfront.laundrygo.com/smartfactory/smartfactory_20250830045104_3e9b0acff60748e6b6306febda9a6590.jpeg
LUUGZBF5,2025.8.29,아동 신발,https://cloudfront.laundrygo.com/smartfactory/smartfactory_20250830045104_4e5faad500304796a7e94fe81138dff0.jpeg
LUUGZBF5,2025.8.29,아동 신발,https://cloudfront.laundrygo.com/smartfactory/smartfactory_20250830045104_9a6679e8d8fa4f2695217005fbe3f14a.jpeg
LUUGZBF5,2025.8.29,아동 신발,https://cloudfront.laundrygo.com/smartfactory/smartfactory_20250830045104_e37fe7e9dc964993a56dbf5af338d9a7.jpeg
Q2O88T5H,2025.8.29,아동 신발,https://cloudfront.laundrygo.com/smartfactory/smartfactory_20250830073907_4a0f00a7991d4dc48dc2eff3caa2cd64.jpeg
Q2O88T5H,2025.8.29,아동 신발,https://cloudfront.laundrygo.com/smartfactory/smartfactory_20250830073907_d16d4d84cf0a4733b181f09f2463cc2f.jpeg
Q2O88T5H,2025.8.29,아동 신발,https://cloudfront.laundrygo.com/smartfactory/smartfactory_20250830073907_95f7223c2bf241e59443e00857dabc6b.jpeg
Q2O88T5H,2025.8.29,아동 신발,https://cloudfront.laundrygo.com/smartfactory/smartfactory_20250830073907_ba08ffd199e34d6999f25fc2d55ae592.jpeg
Q2O88T5H,2025.8.29,아동 신발,https://cloudfront.laundrygo.com/smartfactory/smartfactory_20250830073907_d958c94a0bd5490ea8d0a890e2f92227.jpeg
Q2O88T5H,2025.8.29,아동 신발,https://cloudfront.laundrygo.com/smartfactory/smartfactory_20250830073907_bfd20d88f0a14b25bf65351c2600da3f.jpeg
Q2O88T5H,2025.9.10,아동 신발,https://cloudfront.laundrygo.com/smartfactory/smartfactory_20250911050405_d0fa5765151441febe09468fc2862a66.jpeg
Q2O88T5H,2025.9.10,아동 신발,https://cloudfront.laundrygo.com/smartfactory/smartfactory_20250911050405_a859899d0b9940fab099da1c9c031816.jpeg
Q2O88T5H,2025.9.10,아동 신발,https://cloudfront.laundrygo.com/smartfactory/smartfactory_20250911050405_a36db5af6a11470c84e94f0c2001529f.jpeg
Q2O88T5H,2025.9.10,아동 신발,https://cloudfront.laundrygo.com/smartfactory/smartfactory_20250911050405_c0ac53d74e5b4d7c9b70f78e2e0a77f1.jpeg
Q2O88T5H,2025.9.10,아동 신발,https://cloudfront.laundrygo.com/smartfactory/smartfactory_20250911050405_3d6e54ee452c4f26abeb1be90ede3ae0.jpeg
Q2O88T5H,2025.9.25,아동 신발,https://cloudfront.laundrygo.com/smartfactory/smartfactory_20250926051405_3b37a3147aef4ed6bbba63c1351c732b.jpeg
Q2O88T5H,2025.9.25,아동 신발,https://cloudfront.laundrygo.com/smartfactory/smartfactory_20250926051405_ba22af13d9a44dd18b630c70b5bb69d3.jpeg
Q2O88T5H,2025.9.25,아동 신발,https://cloudfront.laundrygo.com/smartfactory/smartfactory_20250926051405_f0c20ec420eb44f1a9542eb4cd8ff9a6.jpeg
Q2O88T5H,2025.9.25,아동 신발,https://cloudfront.laundrygo.com/smartfactory/smartfactory_20250926051405_db2f62e45c934abe9a6a0d311603e536.jpeg
Q2O88T5H,2025.9.25,아동 신발,https://cloudfront.laundrygo.com/smartfactory/smartfactory_20250926051405_2777661dc22f475bacaad41c597b40d0.jpeg
JJBXMWPT,2025.10.10,아동 신발,https://cloudfront.laundrygo.com/smartfactory/smartfactory_20251011080608_8589ce5ee0fa46bd8dce5d9436a70854.jpeg
JJBXMWPT,2025.10.10,아동 신발,https://cloudfront.laundrygo.com/smartfactory/smartfactory_20251011080608_c670f04445484040b6683b6fd0440b86.jpeg
JJBXMWPT,2025.10.10,아동 신발,https://cloudfront.laundrygo.com/smartfactory/smartfactory_20251011080608_c1f6e4b9519f46e3b06557fda48ad55d.jpeg
JJBXMWPT,2025.10.10,아동 신발,https://cloudfront.laundrygo.com/smartfactory/smartfactory_20251011080608_3799c8989600471b8500358444313489.jpeg
JJBXMWPT,2025.10.10,아동 신발,https://cloudfront.laundrygo.com/smartfactory/smartfactory_20251011080608_1ae427758e464e329c51668361888430.jpeg
LUUGZBF5,2025.10.19,아동 신발,https://cloudfront.laundrygo.com/smartfactory/smartfactory_20251022143614_c0ce441dff9f41d99a075bec4acc9cb6.jpeg
LUUGZBF5,2025.10.19,아동 신발,https://cloudfront.laundrygo.com/smartfactory/smartfactory_20251022143714_8c1093e1030c47359efafc282305d2af.jpeg
LUUGZBF5,2025.10.19,아동 신발,https://cloudfront.laundrygo.com/smartfactory/smartfactory_20251022143714_bd530ed8cadc4451ab0aba631f841b30.jpeg
LUUGZBF5,2025.10.19,아동 신발,https://cloudfront.laundrygo.com/smartfactory/smartfactory_20251022143714_b5b9408df648487abe287fee201f8864.jpeg
LUUGZBF5,2025.10.19,아동 신발,https://cloudfront.laundrygo.com/smartfactory/smartfactory_20251022143714_4892be7100614156b3d0d2e018daa806.jpeg
LUUGZBF5,2025.10.19,아동 신발,https://cloudfront.laundrygo.com/smartfactory/smartfactory_20251022143614_97948456ceca46b38961527fa398f2a5.jpeg
LUUGZBF5,2025.10.19,아동 신발,https://cloudfront.laundrygo.com/smartfactory/smartfactory_20251022143614_a966e04b616b453885862b5755f00f17.jpeg
LUUGZBF5,2025.10.19,아동 신발,https://cloudfront.laundrygo.com/smartfactory/smartfactory_20251022143614_ae977c4593ff41c081e7e9010efb483a.jpeg
LUUGZBF5,2025.10.19,아동 신발,https://cloudfront.laundrygo.com/smartfactory/smartfactory_20251022143614_3e0aebe0bc0d444a825492a0305e7d25.jpeg
LUUGZBF5,2025.10.19,아동 신발,https://cloudfront.laundrygo.com/smartfactory/smartfactory_20251022143614_4777ed128c2a4f84bf51c317798c78ef.jpeg
HALU889P,2025.8.8,스커트,https://cloudfront.laundrygo.com/smartfactory/smartfactory_20250809052805_8575bf3b6de143339af5651de075c4f1.jpeg
ASJ4Q5WR,2025.8.8,스커트,https://cloudfront.laundrygo.com/smartfactory/smartfactory_20250809023802_58f78c799b674bc9abdfd0627f1128a7.jpeg
GVRSSYRJ,2025.8.8,스커트,https://cloudfront.laundrygo.com/smartfactory/smartfactory_20250809003900_0566e1a42c884a8a98eb8a315ec82c65.jpeg
GVRSSYRJ,2025.8.8,스커트,https://cloudfront.laundrygo.com/smartfactory/smartfactory_20250809003900_a2ad03b2b356470881a4bb82c3bbf5ba.jpeg
V7HCX6D0,2025.8.9,스커트,https://cloudfront.laundrygo.com/smartfactory/smartfactory_20250810012001_299046831f634130a09f582746b93a70.jpeg
V7HCX6D0,2025.8.9,스커트,https://cloudfront.laundrygo.com/smartfactory/smartfactory_20250810012101_141d68bfb8a24956bf6341491cefa4b6.jpeg
F3FKSYU9,2025.8.10,스커트,https://cloudfront.laundrygo.com/smartfactory/smartfactory_20250811074707_f34947e1bf454fd8a97e6ff896777d59.jpeg
F3FKSYU9,2025.8.10,스커트,https://cloudfront.laundrygo.com/smartfactory/smartfactory_20250811074707_cb540fc1ea3e432d8fe21c861088d818.jpeg
JC1PB4D0,2025.8.10,스커트,https://cloudfront.laundrygo.com/smartfactory/smartfactory_20250811035303_4123f4ff41b448b0ab33e4f70734597e.jpeg
SLKT5QUA,2025.8.12,스커트,https://cloudfront.laundrygo.com/smartfactory/smartfactory_20250813003500_ab7d9c335d2247cdbbae1e7932d8a7dc.jpeg
SLKT5QUA,2025.8.12,스커트,https://cloudfront.laundrygo.com/smartfactory/smartfactory_20250813003500_6274ffe245524af1a7d1e76495a583ff.jpeg
25RM4V07,2025.8.12,스커트,https://cloudfront.laundrygo.com/smartfactory/smartfactory_20250813004500_dcd2dd3190b14e188b5329f66a608296.jpeg
JC1PB4D0,2025.8.12,스커트,https://cloudfront.laundrygo.com/smartfactory/smartfactory_20250813051205_49409dbba32c41678874589b40ee47f0.jpeg
GVRSSYRJ,2025.8.14,스커트,https://cloudfront.laundrygo.com/smartfactory/smartfactory_20250815015901_08dfd49260e5480bb47007f7862e7102.jpeg
GVRSSYRJ,2025.8.14,스커트,https://cloudfront.laundrygo.com/smartfactory/smartfactory_20250815020002_249507d18d2b4faca1e08bac6d59e98a.jpeg
JC1PB4D0,2025.8.14,스커트,https://cloudfront.laundrygo.com/smartfactory/smartfactory_20250815080608_b37101cb97e64b27af34dd000b95099c.jpeg
EL2TR2R9,2025.8.15,스커트,https://cloudfront.laundrygo.com/smartfactory/smartfactory_20250816063606_4c02d5b4892448d2b8c1b35e07b7a97b.jpeg
T8E6FEJW,2025.8.16,스커트,https://cloudfront.laundrygo.com/smartfactory/smartfactory_20250817033303_d94b3cda8a1e4236b87a80fc3f1789a9.jpeg
JC1PB4D0,2025.8.17,스커트,https://cloudfront.laundrygo.com/smartfactory/smartfactory_20250818095709_bb4bb2cfad144098a23ddd713132caf5.jpeg
QCZ2BL2B,2025.8.18,스커트,https://cloudfront.laundrygo.com/smartfactory/smartfactory_20250819075707_89c93594567d41748d45ab0da6dbb6a8.jpeg
T8E6FEJW,2025.8.21,스커트,https://cloudfront.laundrygo.com/smartfactory/smartfactory_20250822022902_940c65f9a939463c959a7795bfdda81b.jpeg
ICNKZ2VE,2025.8.21,스커트,https://cloudfront.laundrygo.com/smartfactory/smartfactory_20250822062706_6f0c2cbe89f54595ad4b0d3443710c55.jpeg
ASJ4Q5WR,2025.8.22,스커트,https://cloudfront.laundrygo.com/smartfactory/smartfactory_20250823034203_2d9dd9c361984fd79cc3bafcf1ae300a.jpeg
35IPG2VA,2025.8.22,스커트,https://cloudfront.laundrygo.com/smartfactory/smartfactory_20250823000800_23d047746d7d42a09158576b725593dc.jpeg
GJC2KN3Y,2025.8.23,스커트,https://cloudfront.laundrygo.com/smartfactory/smartfactory_20250824012301_1aceb1d5ccc249de8d95a48c5e1ec1a2.jpeg
V7HCX6D0,2025.8.23,스커트,https://cloudfront.laundrygo.com/smartfactory/smartfactory_20250824010101_7db776273b954b94a174af16f8400748.jpeg
V7HCX6D0,2025.8.23,스커트,https://cloudfront.laundrygo.com/smartfactory/smartfactory_20250824010701_45fa46bf9a6a4c52837e7fe0a791807a.jpeg
6FTJ6NJJ,2025.8.25,스커트,https://cloudfront.laundrygo.com/smartfactory/smartfactory_20250826045704_4ce62ffeed2c4173ae9062a4b5013ed8.jpeg
HALU889P,2025.8.26,스커트,https://cloudfront.laundrygo.com/smartfactory/smartfactory_20250827035703_0deafa2ad41a44a983ba608a2b1eba24.jpeg
SLKT5QUA,2025.8.27,스커트,https://cloudfront.laundrygo.com/smartfactory/smartfactory_20250829131613_52f12f62f12745d298c794d972696488.jpeg
GJC2KN3Y,2025.8.28,스커트,https://cloudfront.laundrygo.com/smartfactory/smartfactory_20250829002000_eadced65ef214219ba064466b4e86bef.jpeg
Q2O88T5H,2025.8.29,스커트,https://cloudfront.laundrygo.com/smartfactory/smartfactory_20250830070507_c5614571bd3b464ba45d469bc20c9af1.jpeg
ASJ4Q5WR,2025.8.31,스커트,https://cloudfront.laundrygo.com/smartfactory/smartfactory_20250901042604_1aeb8035f4e54f7d8956ac10a895ab0b.jpeg
35IPG2VA,2025.9.1,스커트,https://cloudfront.laundrygo.com/smartfactory/smartfactory_20250902001700_50198308e7d14d819210f4b25e04d32d.jpeg
7FNBXTGJ,2025.9.2,스커트,https://cloudfront.laundrygo.com/smartfactory/smartfactory_20250903074407_f542604eacfb4314acdd20f72b7e8166.jpeg
7FNBXTGJ,2025.9.2,스커트,https://cloudfront.laundrygo.com/smartfactory/smartfactory_20250903074407_a56e5bc4dd114ac18a06c4637101e30e.jpeg
T8E6FEJW,2025.9.3,스커트,https://cloudfront.laundrygo.com/smartfactory/smartfactory_20250904021202_6c271a4aff6a424ab15698592de54d67.jpeg
QCZ2BL2B,2025.9.5,스커트,https://cloudfront.laundrygo.com/smartfactory/smartfactory_20250906012101_df254bc7d24d4faab05e847ae74bf5e4.jpeg
QCZ2BL2B,2025.9.5,스커트,https://cloudfront.laundrygo.com/smartfactory/smartfactory_20250906012101_8c073bb9d8a448ce8dc9d86562c4cbd0.jpeg
F3FKSYU9,2025.9.6,스커트,https://cloudfront.laundrygo.com/smartfactory/smartfactory_20250907051405_a11c910f87f0404681f1c1263d102ac3.jpeg
ICNKZ2VE,2025.9.6,스커트,https://cloudfront.laundrygo.com/smartfactory/smartfactory_20250907035503_53d6bd412e884c589f66c02748c7e687.jpeg
6GS9JIYM,2025.9.6,스커트,https://cloudfront.laundrygo.com/smartfactory/smartfactory_20250907170617_bd995b1cdab5415e88647c829216d326.jpeg
FPP9YBNG,2025.9.7,스커트,https://cloudfront.laundrygo.com/smartfactory/smartfactory_20250908060906_8397f5ddacea4ca8a9c90dd5bf0d2d3d.jpeg
CF4EXSN3,2025.9.7,스커트,https://cloudfront.laundrygo.com/smartfactory/smartfactory_20250908060006_ef6d59b6c25145118c138c09bbb42923.jpeg
T8E6FEJW,2025.9.8,스커트,https://cloudfront.laundrygo.com/smartfactory/smartfactory_20250909030303_1a629e5e0e5b46739610dbd0ab77d126.jpeg
6FTJ6NJJ,2025.9.10,스커트,https://cloudfront.laundrygo.com/smartfactory/smartfactory_20250911051505_dda94e7a887444f088a23ce8eb5e3ca7.jpeg
6FTJ6NJJ,2025.9.10,스커트,https://cloudfront.laundrygo.com/smartfactory/smartfactory_20250911051705_09c5d58b80b6471ca25fd8d6a9667a62.jpeg
6FTJ6NJJ,2025.9.10,스커트,https://cloudfront.laundrygo.com/smartfactory/smartfactory_20250911052005_5f519ad9db004424bfae76e3b650f27b.jpeg
GJC2KN3Y,2025.9.12,스커트,https://cloudfront.laundrygo.com/smartfactory/smartfactory_20250913012301_3f59fb8e0ebb480aa23336cad92120c2.jpeg
ASJ4Q5WR,2025.9.12,스커트,https://cloudfront.laundrygo.com/smartfactory/smartfactory_20250913014201_83e30d78d38f49c69b29f2b85a5a27b4.jpeg
F3FKSYU9,2025.9.13,스커트,https://cloudfront.laundrygo.com/smartfactory/smartfactory_20250914071207_bd38ff2f14df46f6bbcf1a483762335f.jpeg
T8E6FEJW,2025.9.14,스커트,https://cloudfront.laundrygo.com/smartfactory/smartfactory_20250915005200_6d99b7896c2b42f086210b7db5ea2489.jpeg
T8E6FEJW,2025.9.14,스커트,https://cloudfront.laundrygo.com/smartfactory/smartfactory_20250915005200_ab71349c5b20404cb62ae8c8b0d4a3de.jpeg
JY6ZWQZL,2025.9.15,스커트,https://cloudfront.laundrygo.com/smartfactory/smartfactory_20250916014201_087b089ae7bf40b38604818a8040b4f6.jpeg
J8YGVZLD,2025.9.17,스커트,https://cloudfront.laundrygo.com/smartfactory/smartfactory_20250918033103_acba1480438e4176bea23d0f3568c005.jpeg
T8E6FEJW,2025.9.21,스커트,https://cloudfront.laundrygo.com/smartfactory/smartfactory_20250922031003_f372709687624fb390a16caaebf09195.jpeg
JY6ZWQZL,2025.9.21,스커트,https://cloudfront.laundrygo.com/smartfactory/smartfactory_20250922023702_0ab15d1c45394ff7a2c8e2aee7a34fbc.jpeg
JC1PB4D0,2025.9.21,스커트,https://cloudfront.laundrygo.com/smartfactory/smartfactory_20250922102910_6d53577208814179be4a9fb704eb8d58.jpeg
VDBOLAFE,2025.9.22,스커트,https://cloudfront.laundrygo.com/smartfactory/smartfactory_20250924130413_8e3ff6a14bf14ec2a453d221f8c7e2c0.jpeg
J8YGVZLD,2025.9.23,스커트,https://cloudfront.laundrygo.com/smartfactory/smartfactory_20250924022702_65be0aac248e4dfbbfed484420ea58a0.jpeg
GJC2KN3Y,2025.9.25,스커트,https://cloudfront.laundrygo.com/smartfactory/smartfactory_20250926004200_d7b07695e9c34b07ae44dee0774ef102.jpeg
35IPG2VA,2025.9.27,스커트,https://cloudfront.laundrygo.com/smartfactory/smartfactory_20250928003600_290198a4b3eb4813ba7860f26ec4e632.jpeg
JY6ZWQZL,2025.9.28,스커트,https://cloudfront.laundrygo.com/smartfactory/smartfactory_20250929042604_17689154ff8146c797693fc0a0be6d19.jpeg
T8E6FEJW,2025.9.29,스커트,https://cloudfront.laundrygo.com/smartfactory/smartfactory_20250930032703_ecf6b961672e4a0d8040930c6b31a82c.jpeg
45WXISEL,2025.9.29,스커트,https://cloudfront.laundrygo.com/smartfactory/smartfactory_20250930091009_b1a30bd254aa41e59492fb99fcef976b.jpeg
GJC2KN3Y,2025.9.30,스커트,https://cloudfront.laundrygo.com/smartfactory/smartfactory_20251001012701_03d4521075f04ad6902aa344b745b52e.jpeg
R8NS2DAM,2025.10.9,스커트,https://cloudfront.laundrygo.com/smartfactory/smartfactory_20251010135613_aec3f9b713844d0e88e6af1d6b81a722.jpeg
Q2O88T5H,2025.10.10,스커트,https://cloudfront.laundrygo.com/smartfactory/smartfactory_20251011055805_00836d21b38242168d049c2c97a73db5.jpeg
Q2O88T5H,2025.10.10,스커트,https://cloudfront.laundrygo.com/smartfactory/smartfactory_20251011055805_85ef961dba584615b1628bc31cfe41e8.jpeg
GJC2KN3Y,2025.10.11,스커트,https://cloudfront.laundrygo.com/smartfactory/smartfactory_20251012014601_9e648d01ea5843ee94c9ed3dcf3af70b.jpeg
T8E6FEJW,2025.10.12,스커트,https://cloudfront.laundrygo.com/smartfactory/smartfactory_20251013052205_3d8fd4cc01d54104bcb3adab447f431c.jpeg
FPP9YBNG,2025.10.14,스커트,https://cloudfront.laundrygo.com/smartfactory/smartfactory_20251015084808_dfcc9e1766f348f49d69c693eab3c0a3.jpeg
6FTJ6NJJ,2025.10.17,스커트,https://cloudfront.laundrygo.com/smartfactory/smartfactory_20251020143714_1070619d62eb4436bdfd693a2421b0b1.jpeg
6FTJ6NJJ,2025.10.17,스커트,https://cloudfront.laundrygo.com/smartfactory/smartfactory_20251020144214_4c7d2e0eecac4afeb439e84a5e285c97.jpeg
7FNBXTGJ,2025.10.18,스커트,https://cloudfront.laundrygo.com/smartfactory/smartfactory_20251019032403_876210692b214cfb97bae78da63a0c2d.jpeg
7FNBXTGJ,2025.10.18,스커트,https://cloudfront.laundrygo.com/smartfactory/smartfactory_20251019082108_c7b9f7f2b0164c50b99cbe7902264f90.jpeg
7FNBXTGJ,2025.10.18,스커트,https://cloudfront.laundrygo.com/smartfactory/smartfactory_20251019082208_43ffb0ed7107402d9a6364b705365d94.jpeg
7FNBXTGJ,2025.10.18,스커트,https://cloudfront.laundrygo.com/smartfactory/smartfactory_20251019082208_c39f2526965b4e04a2a4809b74b315ca.jpeg
7FNBXTGJ,2025.10.18,스커트,https://cloudfront.laundrygo.com/smartfactory/smartfactory_20251019082208_1bd7c73f22254b1c91b1d12f0fbc3455.jpeg
F3FKSYU9,2025.10.18,스커트,https://cloudfront.laundrygo.com/smartfactory/smartfactory_20251019073907_f37f7db47d0c4857af411e73645cc978.jpeg
HALU889P,2025.10.19,스커트,https://cloudfront.laundrygo.com/smartfactory/smartfactory_20251020013701_faea38a12068410d9b67dc1456a09650.jpeg
T8E6FEJW,2025.10.19,스커트,https://cloudfront.laundrygo.com/smartfactory/smartfactory_20251020022502_8e96c229533047ccb70ac76a66e5de4c.jpeg
JC1PB4D0,2025.10.19,스커트,https://cloudfront.laundrygo.com/smartfactory/smartfactory_20251020110611_a7191ae2628648d98c354ee7a4cef5e3.jpeg
U2DTD8RO,2025.10.19,스커트,https://cloudfront.laundrygo.com/smartfactory/smartfactory_20251021132013_89288e827c324f4fae8528c3efde3d64.jpeg
RAOZJLUL,2025.10.19,스커트,https://cloudfront.laundrygo.com/smartfactory/smartfactory_20251020031803_9f24930d4da84afb88b7f6699f745a77.jpeg
QCZ2BL2B,2025.10.22,스커트,https://cloudfront.laundrygo.com/smartfactory/smartfactory_20251023024602_29ed178d051047ba92c61a0f30cc8ca1.jpeg
6FTJ6NJJ,2025.10.24,스커트,https://cloudfront.laundrygo.com/smartfactory/smartfactory_20251025084908_393a462972c04c04856a0ddedc184e66.jpeg
PP5GIVG3,2025.10.24,스커트,https://cloudfront.laundrygo.com/smartfactory/smartfactory_20251025075507_13c9895c9a794c7da28c081c45bdd725.jpeg
3ZJHQZX1,2025.10.24,스커트,https://cloudfront.laundrygo.com/smartfactory/smartfactory_20251025092509_86cfab6c2dae4390bc3a38b36631ed3c.jpeg
T8E6FEJW,2025.10.25,스커트,https://cloudfront.laundrygo.com/smartfactory/smartfactory_20251026021202_7792356ff96b43a984563e5522ebe454.jpeg
T8E6FEJW,2025.10.25,스커트,https://cloudfront.laundrygo.com/smartfactory/smartfactory_20251026021202_0b3f81aa47c749bb885aecb6fc8a3521.jpeg
JC1PB4D0,2025.10.27,스커트,https://cloudfront.laundrygo.com/smartfactory/smartfactory_20251028104910_0e4a037003cd4a15a756d47329c602bc.jpeg
HALU889P,2025.10.29,스커트,https://cloudfront.laundrygo.com/smartfactory/smartfactory_20251030064306_40e4a93f3f1f480aa0dc9425eaff092a.jpeg
T8E6FEJW,2025.10.31,스커트,https://cloudfront.laundrygo.com/smartfactory/smartfactory_20251101051405_8acac9114db249c486024c1f475217bd.jpeg
EYW7JWTJ,2025.8.8,블라우스,https://cloudfront.laundrygo.com/smartfactory/smartfactory_20250809083208_48b994b30ec842cf9273d9ae6d81b2be.jpeg
RNBX7YSD,2025.8.8,블라우스,https://cloudfront.laundrygo.com/smartfactory/smartfactory_20250809042604_7dfe69929e014167a673f4c7896e6ea8.jpeg
JC1PB4D0,2025.8.8,블라우스,https://cloudfront.laundrygo.com/smartfactory/smartfactory_20250809082108_73a237e6b7db4f6f87b144d8901f6ee6.jpeg
JC1PB4D0,2025.8.8,블라우스,https://cloudfront.laundrygo.com/smartfactory/smartfactory_20250809082308_37a61eb1970c472b9c066ecdb98b7b04.jpeg
JC1PB4D0,2025.8.8,블라우스,https://cloudfront.laundrygo.com/smartfactory/smartfactory_20250809082508_ee409a9eb19f465fb5027488aba4a0f3.jpeg
0QEZ4TF1,2025.8.8,블라우스,https://cloudfront.laundrygo.com/smartfactory/smartfactory_20250809013301_fbc92ec498ff4aeab0f9cbfc59051ea8.jpeg
3ZJHQZX1,2025.8.8,블라우스,https://cloudfront.laundrygo.com/smartfactory/smartfactory_20250809081308_513dc84ca7c24730b9b4b22fd04f766e.jpeg
3ZJHQZX1,2025.8.8,블라우스,https://cloudfront.laundrygo.com/smartfactory/smartfactory_20250809093109_b14a19fd2cb14242b443b1ca47437017.jpeg
LUUGZBF5,2025.8.9,블라우스,https://cloudfront.laundrygo.com/smartfactory/smartfactory_20250810001600_10ecf7288d4c41b1b2a816dd510c4d3e.jpeg
LUUGZBF5,2025.8.9,블라우스,https://cloudfront.laundrygo.com/smartfactory/smartfactory_20250810001800_ccd30a9b0f924e83be8ae31ba4a249a8.jpeg
LUUGZBF5,2025.8.9,블라우스,https://cloudfront.laundrygo.com/smartfactory/smartfactory_20250810001800_60d1e3b864d74d559199316907737bf4.jpeg
3YGPHYZV,2025.8.11,블라우스,https://cloudfront.laundrygo.com/smartfactory/smartfactory_20250812021602_7f67bd635bf1424dbdacac426d7e2630.jpeg
6GS9JIYM,2025.8.11,블라우스,https://cloudfront.laundrygo.com/smartfactory/smartfactory_20250812161516_252822b2f28d4e93972c8a5e6ee7c221.jpeg
SLKT5QUA,2025.8.12,블라우스,https://cloudfront.laundrygo.com/smartfactory/smartfactory_20250813003700_4620205ab1284d98898dc8d0eecc1d78.jpeg
Q2O88T5H,2025.8.12,블라우스,https://cloudfront.laundrygo.com/smartfactory/smartfactory_20250813070207_1ae911d7fef94b27b291ed6c38d19935.jpeg
25RM4V07,2025.8.12,블라우스,https://cloudfront.laundrygo.com/smartfactory/smartfactory_20250813004500_3a50c92d8e7b433592df800de55440b3.jpeg
JC1PB4D0,2025.8.12,블라우스,https://cloudfront.laundrygo.com/smartfactory/smartfactory_20250813050805_8091e309dfab48a0b4704e906188e045.jpeg
JC1PB4D0,2025.8.12,블라우스,https://cloudfront.laundrygo.com/smartfactory/smartfactory_20250813050905_b19f9051dbfd47cbb21e166d3c7356cf.jpeg
JC1PB4D0,2025.8.12,블라우스,https://cloudfront.laundrygo.com/smartfactory/smartfactory_20250813051005_0e9667daacea4bc28b1a49feeb9f9245.jpeg
JC1PB4D0,2025.8.12,블라우스,https://cloudfront.laundrygo.com/smartfactory/smartfactory_20250813051105_650e21bdfb1943a890fee70d0dbcd900.jpeg
MODQ3GT2,2025.8.15,블라우스,https://cloudfront.laundrygo.com/smartfactory/smartfactory_20250816044604_0589de0cdcaf489299db7709c7969028.jpeg
3ZJHQZX1,2025.8.15,블라우스,https://cloudfront.laundrygo.com/smartfactory/smartfactory_20250816045604_88ba423df279456bbc73c74d605ab22e.jpeg
NJ5SZABP,2025.8.16,블라우스,https://cloudfront.laundrygo.com/smartfactory/smartfactory_20250817033103_ac542dec17c34b8692a868cb375aa558.jpeg
JC1PB4D0,2025.8.17,블라우스,https://cloudfront.laundrygo.com/smartfactory/smartfactory_20250818095809_ef9f0527ff234239a211b49f136ebbc2.jpeg
HALU889P,2025.8.19,블라우스,https://cloudfront.laundrygo.com/smartfactory/smartfactory_20250820014701_d97ee65837084d72a56a19a2231a5e68.jpeg
HALU889P,2025.8.19,블라우스,https://cloudfront.laundrygo.com/smartfactory/smartfactory_20250820015701_d30fe86bc4ec4eed93e7f8ce7a64a8b0.jpeg
45WXISEL,2025.8.19,블라우스,https://cloudfront.laundrygo.com/smartfactory/smartfactory_20250820064506_52243e9309b9438d9429e8ff83b15d38.jpeg
LUUGZBF5,2025.8.20,블라우스,https://cloudfront.laundrygo.com/smartfactory/smartfactory_20250821010401_13723fbf521f478ab3a5fb26d2acde43.jpeg
LUUGZBF5,2025.8.20,블라우스,https://cloudfront.laundrygo.com/smartfactory/smartfactory_20250821010601_5f775f76507a47a7830aa72bf37333e8.jpeg
JJBXMWPT,2025.8.21,블라우스,https://cloudfront.laundrygo.com/smartfactory/smartfactory_20250822032103_934e3e3db2fb46f1836bf64ca4b5f36d.jpeg
T8E6FEJW,2025.8.21,블라우스,https://cloudfront.laundrygo.com/smartfactory/smartfactory_20250822023002_bbd14fd4e08b409bbf954d44734081c9.jpeg
SSVQUE6Q,2025.8.22,블라우스,https://cloudfront.laundrygo.com/smartfactory/smartfactory_20250823082008_5c44377484654c46ab74fd095a09e9e7.jpeg
EYW7JWTJ,2025.8.23,블라우스,https://cloudfront.laundrygo.com/smartfactory/smartfactory_20250824072607_9d58956795ac45beb3cd7645a7e0b44d.jpeg
GJC2KN3Y,2025.8.23,블라우스,https://cloudfront.laundrygo.com/smartfactory/smartfactory_20250824012301_53cc12746e23474fa9aead8936f9a7df.jpeg
3YGPHYZV,2025.8.23,블라우스,https://cloudfront.laundrygo.com/smartfactory/smartfactory_20250824073307_6ec974f2669b4446acb0be0cafa91544.jpeg
3YGPHYZV,2025.8.23,블라우스,https://cloudfront.laundrygo.com/smartfactory/smartfactory_20250824073407_c1a1ee7712274a9a9cef464b13a21694.jpeg
RNBX7YSD,2025.8.23,블라우스,https://cloudfront.laundrygo.com/smartfactory/smartfactory_20250824022302_f34af0ad85f4462da74615de0ad347a7.jpeg
UQAF7PCB,2025.8.24,블라우스,https://cloudfront.laundrygo.com/smartfactory/smartfactory_20250825053105_64605a8addd644f5b436266263f6f9cc.jpeg
CF4EXSN3,2025.8.24,블라우스,https://cloudfront.laundrygo.com/smartfactory/smartfactory_20250825071607_666a17edcbcd4af795541b6eff465fd6.jpeg
CF4EXSN3,2025.8.24,블라우스,https://cloudfront.laundrygo.com/smartfactory/smartfactory_20250825071707_a92572bfa6724d88b53ae74339ce3bc6.jpeg
86BNR2K3,2025.8.25,블라우스,https://cloudfront.laundrygo.com/smartfactory/smartfactory_20250826043804_251fe0175fb4491fb46f922ca07ab0d4.jpeg
ICNKZ2VE,2025.8.25,블라우스,https://cloudfront.laundrygo.com/smartfactory/smartfactory_20250826053105_3d2e002e059940e3b90283ab1447a7a4.jpeg
2Y5DSM48,2025.8.26,블라우스,https://cloudfront.laundrygo.com/smartfactory/smartfactory_20250827032903_8a18491266f7465fb351f4b6c4b854b6.jpeg
45WXISEL,2025.8.26,블라우스,https://cloudfront.laundrygo.com/smartfactory/smartfactory_20250827093109_fe53b38d2ac740218f60e4e1bad9e647.jpeg
GJC2KN3Y,2025.8.28,블라우스,https://cloudfront.laundrygo.com/smartfactory/smartfactory_20250829001900_a2480aa8030f42eb9086627897f7683c.jpeg
JJBXMWPT,2025.8.28,블라우스,https://cloudfront.laundrygo.com/smartfactory/smartfactory_20250829043504_84e201c483724aedba94e8475bc8c547.jpeg
LUUGZBF5,2025.8.29,블라우스,https://cloudfront.laundrygo.com/smartfactory/smartfactory_20250830002600_58678a17bc70492d81afdc3fe1b45ba4.jpeg
LUUGZBF5,2025.8.29,블라우스,https://cloudfront.laundrygo.com/smartfactory/smartfactory_20250830002600_9faaccfec2694a33928a9bc344c04b21.jpeg
FPP9YBNG,2025.8.29,블라우스,https://cloudfront.laundrygo.com/smartfactory/smartfactory_20250830085008_680d5e4c89e54232a6c66b9a88dc3976.jpeg
RNBX7YSD,2025.8.30,블라우스,https://cloudfront.laundrygo.com/smartfactory/smartfactory_20250831055005_f24e0b973f2049c892a7df9436dac2c4.jpeg
RNBX7YSD,2025.8.30,블라우스,https://cloudfront.laundrygo.com/smartfactory/smartfactory_20250831055105_c81afbaedfda4619bef0f39619004bcd.jpeg
RNBX7YSD,2025.8.30,블라우스,https://cloudfront.laundrygo.com/smartfactory/smartfactory_20250831055105_41dbc16a71904deba4b9e7b6bb64c6b2.jpeg
35IPG2VA,2025.8.30,블라우스,https://cloudfront.laundrygo.com/smartfactory/smartfactory_20250831083208_683a50f579604ed68d67c0dcce8dc496.jpeg
BGQD38SR,2025.8.30,블라우스,https://cloudfront.laundrygo.com/smartfactory/smartfactory_20250831003200_a37e8435b5734374a1d32445bcf1dc19.jpeg
ASJ4Q5WR,2025.8.31,블라우스,https://cloudfront.laundrygo.com/smartfactory/smartfactory_20250901042604_08382d0fa2ad401491efbfa38cd6f9d5.jpeg
45WXISEL,2025.8.31,블라우스,https://cloudfront.laundrygo.com/smartfactory/smartfactory_20250901085408_dc98c1c41bfa490a9fcd8d98b43a47e1.jpeg
3ZJHQZX1,2025.9.1,블라우스,https://cloudfront.laundrygo.com/smartfactory/smartfactory_20250902063306_4f862f9a6fd649abbf56c6e7f90d74e9.jpeg
3ZJHQZX1,2025.9.1,블라우스,https://cloudfront.laundrygo.com/smartfactory/smartfactory_20250902063306_99fee50abe974b9c9649c16476c47803.jpeg
3YGPHYZV,2025.9.2,블라우스,https://cloudfront.laundrygo.com/smartfactory/smartfactory_20250903033703_0a22a3ded19f4d16adbc558b0d30909a.jpeg
3YGPHYZV,2025.9.2,블라우스,https://cloudfront.laundrygo.com/smartfactory/smartfactory_20250903033803_9eb35f3feff1492a9c79293c9c73639b.jpeg
3YGPHYZV,2025.9.2,블라우스,https://cloudfront.laundrygo.com/smartfactory/smartfactory_20250903033803_b13449342d394464a41ae0afa302eca6.jpeg
SSVQUE6Q,2025.9.2,블라우스,https://cloudfront.laundrygo.com/smartfactory/smartfactory_20250903045404_735fc0e5bc2740f581e1b05ae1e04961.jpeg
MODQ3GT2,2025.9.2,블라우스,https://cloudfront.laundrygo.com/smartfactory/smartfactory_20250903015901_2d35a452904245c3b792983ee56c8678.jpeg
HALU889P,2025.9.3,블라우스,https://cloudfront.laundrygo.com/smartfactory/smartfactory_20250904033403_ee6821b654414b1db82fbe1e7d6e1c03.jpeg
25RM4V07,2025.9.4,블라우스,https://cloudfront.laundrygo.com/smartfactory/smartfactory_20250905034403_cb6b7416314e4edda26a916c9f9c206f.jpeg
BGQD38SR,2025.9.4,블라우스,https://cloudfront.laundrygo.com/smartfactory/smartfactory_20250905005800_c8ba7ee85c69420380844761610ae7f8.jpeg
RNBX7YSD,2025.9.5,블라우스,https://cloudfront.laundrygo.com/smartfactory/smartfactory_20250906032103_11b83954dfc74644b396eeaa4fd0d502.jpeg
PP5GIVG3,2025.9.5,블라우스,https://cloudfront.laundrygo.com/smartfactory/smartfactory_20250906060206_199279242b0f471db4ba1ca11913bb83.jpeg
6GS9JIYM,2025.9.6,블라우스,https://cloudfront.laundrygo.com/smartfactory/smartfactory_20250907170517_cf4c44109acf43958fd969507d994a99.jpeg
LUUGZBF5,2025.9.7,블라우스,https://cloudfront.laundrygo.com/smartfactory/smartfactory_20250908064806_c0bfd2c600714e4b84963237547dacd9.jpeg
LUUGZBF5,2025.9.7,블라우스,https://cloudfront.laundrygo.com/smartfactory/smartfactory_20250908064906_11d34c829ff8444b8823b1b2d2e4b384.jpeg
FPP9YBNG,2025.9.7,블라우스,https://cloudfront.laundrygo.com/smartfactory/smartfactory_20250908060606_5b0c4ba4117a41248f61ea935c2aae72.jpeg
X7PTBDGH,2025.9.7,블라우스,https://cloudfront.laundrygo.com/smartfactory/smartfactory_20250908014901_c84e94ca356e421b9bc0114f0f936fab.jpeg
0QEZ4TF1,2025.9.8,블라우스,https://cloudfront.laundrygo.com/smartfactory/smartfactory_20250909005800_a4f244e982bf4d5f94d001560a4c1cee.jpeg
SSVQUE6Q,2025.9.9,블라우스,https://cloudfront.laundrygo.com/smartfactory/smartfactory_20250910051605_f09a5774f1034d40a1b67ca7abf27f9b.jpeg
6FTJ6NJJ,2025.9.10,블라우스,https://cloudfront.laundrygo.com/smartfactory/smartfactory_20250911051905_62e27f6ada4a47a1b5196bf57e2ad624.jpeg
6FTJ6NJJ,2025.9.10,블라우스,https://cloudfront.laundrygo.com/smartfactory/smartfactory_20250911052205_22501d10b4d2450cb5b6d8e358669f57.jpeg
EYW7JWTJ,2025.9.12,블라우스,https://cloudfront.laundrygo.com/smartfactory/smartfactory_20250913054605_19d4bb4209034eecac3424ad574ce28a.jpeg
6GS9JIYM,2025.9.12,블라우스,https://cloudfront.laundrygo.com/smartfactory/smartfactory_20250913140714_c40025444cb24fe0a8fb3e0dd84134d5.jpeg
LUUGZBF5,2025.9.13,블라우스,https://cloudfront.laundrygo.com/smartfactory/smartfactory_20250914070007_28143bac9a214a189f3ea1807118f644.jpeg
LUUGZBF5,2025.9.13,블라우스,https://cloudfront.laundrygo.com/smartfactory/smartfactory_20250914070007_c760c08bbaf24c2eb3ca18a309fbb24b.jpeg
86BNR2K3,2025.9.13,블라우스,https://cloudfront.laundrygo.com/smartfactory/smartfactory_20250914005600_c1f0fd4dfa294f3ab7346fd7499b05d9.jpeg
RNBX7YSD,2025.9.14,블라우스,https://cloudfront.laundrygo.com/smartfactory/smartfactory_20250915070307_dc48ef65357440f3926ed23a848c669f.jpeg
RNBX7YSD,2025.9.14,블라우스,https://cloudfront.laundrygo.com/smartfactory/smartfactory_20250915070307_ac644ba0a4dc45a1b9afb7fd599efda8.jpeg
RNBX7YSD,2025.9.14,블라우스,https://cloudfront.laundrygo.com/smartfactory/smartfactory_20250915070407_8df8020d28fa4d2e8b21997ab2b212e7.jpeg
RNBX7YSD,2025.9.14,블라우스,https://cloudfront.laundrygo.com/smartfactory/smartfactory_20250915070407_9ca98cd92d824e91bd563fbded230648.jpeg
Q2O88T5H,2025.9.14,블라우스,https://cloudfront.laundrygo.com/smartfactory/smartfactory_20250915050705_d8d15cd023844e438a78fec70d7fa04f.jpeg
Q2O88T5H,2025.9.14,블라우스,https://cloudfront.laundrygo.com/smartfactory/smartfactory_20250915050705_ef38387c0bd046bb8729a4907c9bbb7c.jpeg
X7PTBDGH,2025.9.15,블라우스,https://cloudfront.laundrygo.com/smartfactory/smartfactory_20250917082508_867f71d885c34c9f930594e2bd57f39f.jpeg
JY6ZWQZL,2025.9.15,블라우스,https://cloudfront.laundrygo.com/smartfactory/smartfactory_20250916014101_207b6fdf424e460492f450270c35d795.jpeg
25RM4V07,2025.9.15,블라우스,https://cloudfront.laundrygo.com/smartfactory/smartfactory_20250916035003_2da78a86b9c640e7b4b2bcd1cf507152.jpeg
2Y5DSM48,2025.9.16,블라우스,https://cloudfront.laundrygo.com/smartfactory/smartfactory_20250917012501_33ea5d590422442ea48336fcb4b5a9af.jpeg
86BNR2K3,2025.9.16,블라우스,https://cloudfront.laundrygo.com/smartfactory/smartfactory_20250917003700_f139136743cb4f85bc5d1e794337f3a9.jpeg
QCZ2BL2B,2025.9.16,블라우스,https://cloudfront.laundrygo.com/smartfactory/smartfactory_20250917012401_59df7c10e5264c898f41ac96547e9a9c.jpeg
0QEZ4TF1,2025.9.16,블라우스,https://cloudfront.laundrygo.com/smartfactory/smartfactory_20250917022602_16b691773c5041398f8acd5b8e5755f8.jpeg
45WXISEL,2025.9.17,블라우스,https://cloudfront.laundrygo.com/smartfactory/smartfactory_20250918082808_1d246fbcd71844df962e0aebe51c41d5.jpeg
RNBX7YSD,2025.9.20,블라우스,https://cloudfront.laundrygo.com/smartfactory/smartfactory_20250921081808_23f94172674843fca8e558a1ae4ed3b2.jpeg
RNBX7YSD,2025.9.20,블라우스,https://cloudfront.laundrygo.com/smartfactory/smartfactory_20250921081908_cb647346399e41e6804f7fd243d1987c.jpeg
RNBX7YSD,2025.9.20,블라우스,https://cloudfront.laundrygo.com/smartfactory/smartfactory_20250921082008_ae24c485a6d04a49b0e1fdf2f0b4b889.jpeg
LUUGZBF5,2025.9.21,블라우스,https://cloudfront.laundrygo.com/smartfactory/smartfactory_20250922081908_b1cd5ce841584abe9a4eda48e56e38b3.jpeg
JC1PB4D0,2025.9.21,블라우스,https://cloudfront.laundrygo.com/smartfactory/smartfactory_20250922102710_0c692a38bb8e426288abdef2fb506c97.jpeg
6GS9JIYM,2025.9.21,블라우스,https://cloudfront.laundrygo.com/smartfactory/smartfactory_20250923133613_5815a2c0ea654ff8b16068e49814395e.jpeg
SSVQUE6Q,2025.9.22,블라우스,https://cloudfront.laundrygo.com/smartfactory/smartfactory_20250923064806_afcc478b57ac4a0e8b4e63df03f9267a.jpeg
ET8D4PJN,2025.9.22,블라우스,https://cloudfront.laundrygo.com/smartfactory/smartfactory_20250923082808_c843dd6b2d7e401298f817b1e25f135b.jpeg
ICNKZ2VE,2025.9.23,블라우스,https://cloudfront.laundrygo.com/smartfactory/smartfactory_20250924053105_09561b9aa4714bebb35b68f4d6393792.jpeg
ICNKZ2VE,2025.9.23,블라우스,https://cloudfront.laundrygo.com/smartfactory/smartfactory_20250924053205_fd897485d3fc4ec180eda3d96d4597c4.jpeg
J8YGVZLD,2025.9.23,블라우스,https://cloudfront.laundrygo.com/smartfactory/smartfactory_20250924022702_a9434bc5cf5a411c89addda184d4e873.jpeg
LUUGZBF5,2025.9.24,블라우스,https://cloudfront.laundrygo.com/smartfactory/smartfactory_20250925015001_a72675092dc44235ae6df9ce8e4490fb.jpeg
45WXISEL,2025.9.24,블라우스,https://cloudfront.laundrygo.com/smartfactory/smartfactory_20250925085708_73bcc66f4e3a4af0a52a67d74f66eb64.jpeg
RAOZJLUL,2025.9.24,블라우스,https://cloudfront.laundrygo.com/smartfactory/smartfactory_20250925034003_deba1d461d0545adb467c98569ee82bd.jpeg
U2DTD8RO,2025.9.25,블라우스,https://cloudfront.laundrygo.com/smartfactory/smartfactory_20250926111511_7c48408e0025484f8d7eeb76c4cc4757.jpeg
HALU889P,2025.9.27,블라우스,https://cloudfront.laundrygo.com/smartfactory/smartfactory_20250928065906_352e81389a8e4aa4b11a99750a34b5a6.jpeg
3YGPHYZV,2025.9.27,블라우스,https://cloudfront.laundrygo.com/smartfactory/smartfactory_20250928070107_d6c7077f966c43e6bec0476af0213eb2.jpeg
RNBX7YSD,2025.9.27,블라우스,https://cloudfront.laundrygo.com/smartfactory/smartfactory_20250928031903_8d50aab45e154bc182fcf9ad6df50026.jpeg
RNBX7YSD,2025.9.27,블라우스,https://cloudfront.laundrygo.com/smartfactory/smartfactory_20250928031903_5c4aed85f8ff4e53a0ae79fdb3f0480c.jpeg
6GS9JIYM,2025.9.27,블라우스,https://cloudfront.laundrygo.com/smartfactory/smartfactory_20250929162116_1904b77b92c14fa59bd8e63d9913e10c.jpeg
86BNR2K3,2025.9.29,블라우스,https://cloudfront.laundrygo.com/smartfactory/smartfactory_20250930054205_1fb0f3c9df4141b495c9a87b2cf334b9.jpeg
SSVQUE6Q,2025.9.29,블라우스,https://cloudfront.laundrygo.com/smartfactory/smartfactory_20250930072907_b19c768dda0e459195085e0c60d2df48.jpeg
LUUGZBF5,2025.10.1,블라우스,https://cloudfront.laundrygo.com/smartfactory/smartfactory_20251003092809_c5bfb045aff54ae2bb095279afa4ebef.jpeg
LUUGZBF5,2025.10.1,블라우스,https://cloudfront.laundrygo.com/smartfactory/smartfactory_20251003092909_3afa5d87ac3a4e909f0eb4c857d706fe.jpeg
LUUGZBF5,2025.10.1,블라우스,https://cloudfront.laundrygo.com/smartfactory/smartfactory_20251003093009_ff655234080646a9976c95e9d4362734.jpeg
JC1PB4D0,2025.10.1,블라우스,https://cloudfront.laundrygo.com/smartfactory/smartfactory_20251002090409_4e41cf0df87f4c6d9dd99c59b5f80425.jpeg
JC1PB4D0,2025.10.1,블라우스,https://cloudfront.laundrygo.com/smartfactory/smartfactory_20251002090609_532a6a9829594a1c89c9ec267360f9d3.jpeg
45WXISEL,2025.10.3,블라우스,https://cloudfront.laundrygo.com/smartfactory/smartfactory_20251004031203_be4cacc0a1974ff982d9991a90f301a7.jpeg
GJC2KN3Y,2025.10.7,블라우스,https://cloudfront.laundrygo.com/smartfactory/smartfactory_20251008052305_3f9254ed3a01416890c0198817f5387d.jpeg
T8E6FEJW,2025.10.7,블라우스,https://cloudfront.laundrygo.com/smartfactory/smartfactory_20251008011601_b3534b4aff0e4b9e9dc7061b3b75ab0c.jpeg
86BNR2K3,2025.10.7,블라우스,https://cloudfront.laundrygo.com/smartfactory/smartfactory_20251008175717_7722c69b726440f7ad8772e726f89e73.jpeg
SSVQUE6Q,2025.10.7,블라우스,https://cloudfront.laundrygo.com/smartfactory/smartfactory_20251008114111_96f1252ead574e9eaeb38fd95e5afe6a.jpeg
25RM4V07,2025.10.7,블라우스,https://cloudfront.laundrygo.com/smartfactory/smartfactory_20251008095209_00c7a6eea15a4cb5866ae32b8504205a.jpeg
EYW7JWTJ,2025.10.8,블라우스,https://cloudfront.laundrygo.com/smartfactory/smartfactory_20251009081808_19f4d4516aef4ab2b0d3de892190bf05.jpeg
45WXISEL,2025.10.10,블라우스,https://cloudfront.laundrygo.com/smartfactory/smartfactory_20251011132813_dd77846b30044448b859739af04707da.jpeg
GJC2KN3Y,2025.10.11,블라우스,https://cloudfront.laundrygo.com/smartfactory/smartfactory_20251012014601_5962f8c5f8f343a8899e95ece744a262.jpeg
T8E6FEJW,2025.10.12,블라우스,https://cloudfront.laundrygo.com/smartfactory/smartfactory_20251013052105_b47af52a00dc43e4a819c7cf19877ff1.jpeg
86BNR2K3,2025.10.12,블라우스,https://cloudfront.laundrygo.com/smartfactory/smartfactory_20251013023602_9638f27ebdb94381b719c796ea8b6fea.jpeg
6GS9JIYM,2025.10.12,블라우스,https://cloudfront.laundrygo.com/smartfactory/smartfactory_20251013082508_eb0435a65dba49cb98d64737d03c0f2d.jpeg
6GS9JIYM,2025.10.12,블라우스,https://cloudfront.laundrygo.com/smartfactory/smartfactory_20251013082608_b93a87afd70e452485f7a87212f7dd6d.jpeg
HALU889P,2025.10.14,블라우스,https://cloudfront.laundrygo.com/smartfactory/smartfactory_20251015052105_8b944880db5d4471b186546bc9a09586.jpeg
2Y5DSM48,2025.10.16,블라우스,https://cloudfront.laundrygo.com/smartfactory/smartfactory_20251017051605_730289cfb7384c25986a1036c5cfa9b4.jpeg
3ZJHQZX1,2025.10.16,블라우스,https://cloudfront.laundrygo.com/smartfactory/smartfactory_20251017092409_f00340d8784a4b14ae9d1e69dca92fef.jpeg
RNBX7YSD,2025.10.17,블라우스,https://cloudfront.laundrygo.com/smartfactory/smartfactory_20251018025102_b607f2b6a76146d89387e523b34d0f87.jpeg
25RM4V07,2025.10.17,블라우스,https://cloudfront.laundrygo.com/smartfactory/smartfactory_20251018041804_9dd677b8717f4827b5b3f1003d72d218.jpeg
25RM4V07,2025.10.17,블라우스,https://cloudfront.laundrygo.com/smartfactory/smartfactory_20251018041904_31de60cc7f2a4afa829173f6b3bf4c68.jpeg
T8E6FEJW,2025.10.19,블라우스,https://cloudfront.laundrygo.com/smartfactory/smartfactory_20251020022702_6ff8a0e9982b44de81a52cc5b5cb2885.jpeg
U2DTD8RO,2025.10.19,블라우스,https://cloudfront.laundrygo.com/smartfactory/smartfactory_20251021132313_5ed2e8a69a294f8488218aab50aeb493.jpeg
2Y5DSM48,2025.10.21,블라우스,https://cloudfront.laundrygo.com/smartfactory/smartfactory_20251022031503_4bebb3ffa9d845609fbb0f304c9da2f5.jpeg
2Y5DSM48,2025.10.23,블라우스,https://cloudfront.laundrygo.com/smartfactory/smartfactory_20251024071907_02e091b8886d48a780c4bbda0a00bd78.jpeg
25RM4V07,2025.10.23,블라우스,https://cloudfront.laundrygo.com/smartfactory/smartfactory_20251024030203_b807b4bcfdbe4020b8dea08d95bfe359.jpeg
SHXBN6P7,2025.10.24,블라우스,https://cloudfront.laundrygo.com/smartfactory/smartfactory_20251025080008_972dd61706724ab99a6e0e78b8c1ecf0.jpeg
6FTJ6NJJ,2025.10.24,블라우스,https://cloudfront.laundrygo.com/smartfactory/smartfactory_20251025084508_1d31095748844987bc8d33a362896dec.jpeg
6FTJ6NJJ,2025.10.24,블라우스,https://cloudfront.laundrygo.com/smartfactory/smartfactory_20251025084908_dc6d6316ad574ab4ae21729d27d737fd.jpeg
6FTJ6NJJ,2025.10.24,블라우스,https://cloudfront.laundrygo.com/smartfactory/smartfactory_20251025085008_290a751873104ec5b461a1e508d61a8e.jpeg
RNBX7YSD,2025.10.24,블라우스,https://cloudfront.laundrygo.com/smartfactory/smartfactory_20251025041804_5d5ec5310aed4fd4bb871e8efc459e34.jpeg
X7PTBDGH,2025.10.25,블라우스,https://cloudfront.laundrygo.com/smartfactory/smartfactory_20251027163616_325629b0abd047279d6f6ba4cf386436.jpeg
X7PTBDGH,2025.10.25,블라우스,https://cloudfront.laundrygo.com/smartfactory/smartfactory_20251027163916_89475a3777cc412799239c00f1f59b4c.jpeg
LUUGZBF5,2025.10.26,블라우스,https://cloudfront.laundrygo.com/smartfactory/smartfactory_20251027091609_297fc0b4cf1a42caa92d95e04b626086.jpeg
JC1PB4D0,2025.10.27,블라우스,https://cloudfront.laundrygo.com/smartfactory/smartfactory_20251028104110_ce0abeb012774f31b5f5ae42ef20b841.jpeg
JC1PB4D0,2025.10.27,블라우스,https://cloudfront.laundrygo.com/smartfactory/smartfactory_20251028104710_093dbdb614b14affaed983e24e752b2b.jpeg
ICNKZ2VE,2025.10.28,블라우스,https://cloudfront.laundrygo.com/smartfactory/smartfactory_20251029051605_de56b3ff45354c81a6829cd9d36ec53a.jpeg
AZD3BJMZ,2025.10.31,블라우스,https://cloudfront.laundrygo.com/smartfactory/smartfactory_20251101050105_08178a662e5c4e7788ab9f54844f161a.jpeg
GJC2KN3Y,2025.11.1,블라우스,https://cloudfront.laundrygo.com/smartfactory/smartfactory_20251102041604_348abbc595fb4511bdbe083a4e674ced.jpeg
0QEZ4TF1,2025.8.14,베개커버,https://cloudfront.laundrygo.com/smartfactory/smartfactory_20250815064506_85e4d3005c014c6cb38192cc5dfd9022.jpeg
N2M33487,2025.9.1,베개커버,https://cloudfront.laundrygo.com/smartfactory/smartfactory_20250902011501_e178d06b63b64d2680524142d347142e.jpeg
N2M33487,2025.9.1,베개커버,https://cloudfront.laundrygo.com/smartfactory/smartfactory_20250902011501_7c306f97b31f44209c5696efe61b6651.jpeg
0QEZ4TF1,2025.9.14,베개커버,https://cloudfront.laundrygo.com/smartfactory/smartfactory_20250915061106_fc073a98580445b1ab0dec318347f7e6.jpeg
J8YGVZLD,2025.9.30,베개커버,https://cloudfront.laundrygo.com/smartfactory/smartfactory_20251001052605_998c43f74c0e4329a961a7ffb550c0a1.jpeg
J8YGVZLD,2025.9.30,베개커버,https://cloudfront.laundrygo.com/smartfactory/smartfactory_20251001052605_264d3c354c9847f386accfa754a0321e.jpeg
R8NS2DAM,2025.10.2,베개커버,https://cloudfront.laundrygo.com/smartfactory/smartfactory_20251003052905_f57a777672a74acb8a8e5fe06e89ffff.jpeg
R8NS2DAM,2025.10.2,베개커버,https://cloudfront.laundrygo.com/smartfactory/smartfactory_20251003052905_a194ab4de79b4173b0e94fef17a39b89.jpeg
R8NS2DAM,2025.10.2,베개커버,https://cloudfront.laundrygo.com/smartfactory/smartfactory_20251003052905_44632003033740309824ff64795608d6.jpeg
7FNBXTGJ,2025.10.3,베개솜,https://cloudfront.laundrygo.com/smartfactory/smartfactory_20251004125512_53ffb15b04cd4c03bacfbb4b97e36796.jpeg
35IPG2VA,2025.10.1,발매트,https://cloudfront.laundrygo.com/smartfactory/smartfactory_20251002013701_69dafa1069ed4de58e4cd9c8753662e7.jpeg
Q2O88T5H,2025.10.27,발매트,https://cloudfront.laundrygo.com/smartfactory/smartfactory_20251028084408_8eb1a7cb5a084581bec76300cc9c084f.jpeg
HALU889P,2025.8.8,바지,https://cloudfront.laundrygo.com/smartfactory/smartfactory_20250809052705_5b936c1589ee41c1832b094f8d418da4.jpeg
ASJ4Q5WR,2025.8.8,바지,https://cloudfront.laundrygo.com/smartfactory/smartfactory_20250809023802_ed7df8b56a87428cae65233390cf235e.jpeg
ASJ4Q5WR,2025.8.8,바지,https://cloudfront.laundrygo.com/smartfactory/smartfactory_20250809023902_741b03caeb924c20a05b2339a28c09fb.jpeg
RNBX7YSD,2025.8.8,바지,https://cloudfront.laundrygo.com/smartfactory/smartfactory_20250809042504_fb61dd4ed0924f97a6eec4add11f0abf.jpeg
2R0JSXFA,2025.8.8,바지,https://cloudfront.laundrygo.com/smartfactory/smartfactory_20250809071707_9da53bbae21446a384fae8c7e69deffe.jpeg
2R0JSXFA,2025.8.8,바지,https://cloudfront.laundrygo.com/smartfactory/smartfactory_20250809071707_dddce661786141399cf7891c7ffe6e5a.jpeg
2R0JSXFA,2025.8.8,바지,https://cloudfront.laundrygo.com/smartfactory/smartfactory_20250809071807_11259aebc97746c5a4c4addb6bbc9fec.jpeg
QCZ2BL2B,2025.8.8,바지,https://cloudfront.laundrygo.com/smartfactory/smartfactory_20250809003500_8429146a01944052bff61dede6775807.jpeg
QCZ2BL2B,2025.8.8,바지,https://cloudfront.laundrygo.com/smartfactory/smartfactory_20250809003600_f3c6664593954165a7d531a496d79aed.jpeg
XBOM2WLP,2025.8.8,바지,https://cloudfront.laundrygo.com/smartfactory/smartfactory_20250809035103_1d21de98f1ee4b40a2ff36dd98745297.jpeg
XBOM2WLP,2025.8.8,바지,https://cloudfront.laundrygo.com/smartfactory/smartfactory_20250809035103_f7f37cdfa2db400c9816857bea949645.jpeg
XBOM2WLP,2025.8.8,바지,https://cloudfront.laundrygo.com/smartfactory/smartfactory_20250809035203_fcf46c5eb25b4e93a72db1689b6abbf0.jpeg
JY6ZWQZL,2025.8.8,바지,https://cloudfront.laundrygo.com/smartfactory/smartfactory_20250809085908_0a6b857591b84279ac9ee313340e35a8.jpeg
Y2T4QE83,2025.8.8,바지,https://cloudfront.laundrygo.com/smartfactory/smartfactory_20250809061806_45b75d1d88b140a591a957a00f255d3e.jpeg
Y2T4QE83,2025.8.8,바지,https://cloudfront.laundrygo.com/smartfactory/smartfactory_20250809061806_0461c6aec22b48949b196f00dd42fb80.jpeg
Y2T4QE83,2025.8.8,바지,https://cloudfront.laundrygo.com/smartfactory/smartfactory_20250809061906_2dde0f67f81e48a9a3af0ae008f70025.jpeg
MODQ3GT2,2025.8.8,바지,https://cloudfront.laundrygo.com/smartfactory/smartfactory_20250809024402_2dde4215d86c4e1db52fa912dbec4bc1.jpeg
JC1PB4D0,2025.8.8,바지,https://cloudfront.laundrygo.com/smartfactory/smartfactory_20250809082208_470d78a48eea464da50def8b976f7d7f.jpeg
JC1PB4D0,2025.8.8,바지,https://cloudfront.laundrygo.com/smartfactory/smartfactory_20250809082208_5a2477b73d0e43afbb7f2bd1571b5bbc.jpeg
JC1PB4D0,2025.8.8,바지,https://cloudfront.laundrygo.com/smartfactory/smartfactory_20250809082408_2022483ad03c428185a12fe39e6fd3aa.jpeg
JC1PB4D0,2025.8.8,바지,https://cloudfront.laundrygo.com/smartfactory/smartfactory_20250809082508_8a95d35cf3034711af40d4c7641df9ca.jpeg
U2DTD8RO,2025.8.8,바지,https://cloudfront.laundrygo.com/smartfactory/smartfactory_20250809101010_88c895a17ef048de9ea37fb7003083ed.jpeg
0QEZ4TF1,2025.8.8,바지,https://cloudfront.laundrygo.com/smartfactory/smartfactory_20250809013101_33dbf780ff824062b1a2d74318b1f467.jpeg
0QEZ4TF1,2025.8.8,바지,https://cloudfront.laundrygo.com/smartfactory/smartfactory_20250809013101_6fc806565be145128bfb2028a6902652.jpeg
0QEZ4TF1,2025.8.8,바지,https://cloudfront.laundrygo.com/smartfactory/smartfactory_20250809013101_e7c049704bf545b395a298b0338535fe.jpeg
R5LA935F,2025.8.8,바지,https://cloudfront.laundrygo.com/smartfactory/smartfactory_20250810071507_3115b1b38a9f405aaa5fc8fd49502432.jpeg
3ZJHQZX1,2025.8.8,바지,https://cloudfront.laundrygo.com/smartfactory/smartfactory_20250809081208_06c348e3aa2742f5891f9945c6c6f4e1.jpeg
3ZJHQZX1,2025.8.8,바지,https://cloudfront.laundrygo.com/smartfactory/smartfactory_20250809081308_4aaffb34c9f74427a8f2bef41ab6226d.jpeg
3ZJHQZX1,2025.8.8,바지,https://cloudfront.laundrygo.com/smartfactory/smartfactory_20250809081408_59340c455d0f412faf772bc86048f540.jpeg
LUUGZBF5,2025.8.9,바지,https://cloudfront.laundrygo.com/smartfactory/smartfactory_20250810001400_3fe5cfc79e2444549ad278624cdb0798.jpeg
LUUGZBF5,2025.8.9,바지,https://cloudfront.laundrygo.com/smartfactory/smartfactory_20250810001400_2034d66c35e747e08461a41be345026d.jpeg
LUUGZBF5,2025.8.9,바지,https://cloudfront.laundrygo.com/smartfactory/smartfactory_20250810001600_f20d163dbfd94493806403a1ce959ad8.jpeg
EL2TR2R9,2025.8.9,바지,https://cloudfront.laundrygo.com/smartfactory/smartfactory_20250810081708_638705f47dd141ebbdf75e5162e96bd2.jpeg
EL2TR2R9,2025.8.9,바지,https://cloudfront.laundrygo.com/smartfactory/smartfactory_20250810081808_6a07702b325243bdb0d32422fe9100e7.jpeg
EL2TR2R9,2025.8.9,바지,https://cloudfront.laundrygo.com/smartfactory/smartfactory_20250810081808_d1d5cb37487f407184ff496eb917c2b2.jpeg
EL2TR2R9,2025.8.9,바지,https://cloudfront.laundrygo.com/smartfactory/smartfactory_20250810081908_b7a624b878c44eb68b6711f64b01bde4.jpeg
EL2TR2R9,2025.8.9,바지,https://cloudfront.laundrygo.com/smartfactory/smartfactory_20250810085408_69cb127afe22418eb01cb192d9f08982.jpeg
EL2TR2R9,2025.8.9,바지,https://cloudfront.laundrygo.com/smartfactory/smartfactory_20250810085408_9fdcf0845b9149d8b31ae8573c282b73.jpeg
EL2TR2R9,2025.8.9,바지,https://cloudfront.laundrygo.com/smartfactory/smartfactory_20250810085408_3d9f70e0771c439c8e6db29488714151.jpeg
EL2TR2R9,2025.8.9,바지,https://cloudfront.laundrygo.com/smartfactory/smartfactory_20250810085408_c4456537701245fa9a84bac7a5f2caf8.jpeg
YZZ7MWRL,2025.8.9,바지,https://cloudfront.laundrygo.com/smartfactory/smartfactory_20250810055705_5df430e504554979a045959385ccdbff.jpeg
YZZ7MWRL,2025.8.9,바지,https://cloudfront.laundrygo.com/smartfactory/smartfactory_20250810055705_b452fbf4f6804dba86a5ffa2532d217d.jpeg
YZZ7MWRL,2025.8.9,바지,https://cloudfront.laundrygo.com/smartfactory/smartfactory_20250810055705_d12c5a013dfd496d9eb1da95c89ae635.jpeg
YZZ7MWRL,2025.8.9,바지,https://cloudfront.laundrygo.com/smartfactory/smartfactory_20250810055805_2ee32e88f639466295878256e43ca488.jpeg
YZZ7MWRL,2025.8.9,바지,https://cloudfront.laundrygo.com/smartfactory/smartfactory_20250810055805_aa40bfe32c59418c8dbd5aadd68740fe.jpeg
YZZ7MWRL,2025.8.9,바지,https://cloudfront.laundrygo.com/smartfactory/smartfactory_20250810055805_74ac4cd7f96b488e95102bdba607fdac.jpeg
IV9F6UUB,2025.8.9,바지,https://cloudfront.laundrygo.com/smartfactory/smartfactory_20250810022802_a767b4a8835c4d01a18215d56ae13159.jpeg
IV9F6UUB,2025.8.9,바지,https://cloudfront.laundrygo.com/smartfactory/smartfactory_20250810022802_037725cb0453466481267ee1e85c1e87.jpeg
OJ7AR6QZ,2025.8.9,바지,https://cloudfront.laundrygo.com/smartfactory/smartfactory_20250810013801_1e21e913e23549419c3c3293c9a1867c.jpeg
V7HCX6D0,2025.8.9,바지,https://cloudfront.laundrygo.com/smartfactory/smartfactory_20250810011601_6c4d034f34504e9b8832657f70475562.jpeg
V7HCX6D0,2025.8.9,바지,https://cloudfront.laundrygo.com/smartfactory/smartfactory_20250810011801_adf25cfdace447d8a5b46fdcd2f13428.jpeg
V7HCX6D0,2025.8.9,바지,https://cloudfront.laundrygo.com/smartfactory/smartfactory_20250810012101_3d7fe9f41a794a528861d17384e19d24.jpeg
5FYSJ52V,2025.8.9,바지,https://cloudfront.laundrygo.com/smartfactory/smartfactory_20250810055805_9f7dc557538741f8a005b2630a27c5d3.jpeg
W4JH9RHN,2025.8.9,바지,https://cloudfront.laundrygo.com/smartfactory/smartfactory_20250810002000_f0a297743ef24109b023f7bd2fd62ff8.jpeg
W4JH9RHN,2025.8.9,바지,https://cloudfront.laundrygo.com/smartfactory/smartfactory_20250810002000_d32542437893419a947ae26b2705ae64.jpeg
W4JH9RHN,2025.8.9,바지,https://cloudfront.laundrygo.com/smartfactory/smartfactory_20250810002000_9bfcd3b3e8db4a8cb61235650aea0261.jpeg
W4JH9RHN,2025.8.9,바지,https://cloudfront.laundrygo.com/smartfactory/smartfactory_20250810002000_5cc667b9143746389a6a373ba6e9deef.jpeg
GSHKANZM,2025.8.10,바지,https://cloudfront.laundrygo.com/smartfactory/smartfactory_20250811065706_1d624b89becd4362a9d1e85184a55f0c.jpeg
GSHKANZM,2025.8.10,바지,https://cloudfront.laundrygo.com/smartfactory/smartfactory_20250811065706_7c4272bf79994a81a422d09877524b99.jpeg
NJ5SZABP,2025.8.10,바지,https://cloudfront.laundrygo.com/smartfactory/smartfactory_20250811001700_83bc4301d03a40e18f23aa03fe0218ed.jpeg
86BNR2K3,2025.8.10,바지,https://cloudfront.laundrygo.com/smartfactory/smartfactory_20250811005700_ca94655245ed4400bca93e00f76e2a44.jpeg
CF4EXSN3,2025.8.10,바지,https://cloudfront.laundrygo.com/smartfactory/smartfactory_20250811034703_cd90b50ea60d4a9aa69ddf82bd148fc1.jpeg
CF4EXSN3,2025.8.10,바지,https://cloudfront.laundrygo.com/smartfactory/smartfactory_20250811034803_97519eaa70ba4954970ce6d4f6e54a43.jpeg
SSVQUE6Q,2025.8.10,바지,https://cloudfront.laundrygo.com/smartfactory/smartfactory_20250811045404_a302514c793142e4b33d0849e88baa6f.jpeg
SSVQUE6Q,2025.8.10,바지,https://cloudfront.laundrygo.com/smartfactory/smartfactory_20250811045604_c0d0e5c3aa264c07aa14c9c45a478f69.jpeg
SSVQUE6Q,2025.8.10,바지,https://cloudfront.laundrygo.com/smartfactory/smartfactory_20250811045704_5df9aa2952a4446da45980c0eccdb279.jpeg
SSVQUE6Q,2025.8.10,바지,https://cloudfront.laundrygo.com/smartfactory/smartfactory_20250811045804_54ce474d82a9495596c54c4b4f2ed2ae.jpeg
BU5VJDRB,2025.8.10,바지,https://cloudfront.laundrygo.com/smartfactory/smartfactory_20250811071007_e3fe930871134d80b93903faf513b9f9.jpeg
ET8D4PJN,2025.8.10,바지,https://cloudfront.laundrygo.com/smartfactory/smartfactory_20250811035903_54d956f9ebdd45aea7c7188184b1aabc.jpeg
JC1PB4D0,2025.8.10,바지,https://cloudfront.laundrygo.com/smartfactory/smartfactory_20250811035103_d7e8314b03084c7887812ae89efa98fc.jpeg
JC1PB4D0,2025.8.10,바지,https://cloudfront.laundrygo.com/smartfactory/smartfactory_20250811035203_4f5274308ddc429ca5386ee43d349691.jpeg
JC1PB4D0,2025.8.10,바지,https://cloudfront.laundrygo.com/smartfactory/smartfactory_20250811035303_a3697fa7d93f4a66a07b1c44a1dd0afe.jpeg
EYW7JWTJ,2025.8.11,바지,https://cloudfront.laundrygo.com/smartfactory/smartfactory_20250812163016_9ccb5b1663d842d0a65833e46f9c0871.jpeg
EYW7JWTJ,2025.8.11,바지,https://cloudfront.laundrygo.com/smartfactory/smartfactory_20250812163016_56c0c1562fc24915b2092d5b27799866.jpeg
EYW7JWTJ,2025.8.11,바지,https://cloudfront.laundrygo.com/smartfactory/smartfactory_20250812163116_f436c3eafabb44b983e7a9e31281bf7f.jpeg
EYW7JWTJ,2025.8.11,바지,https://cloudfront.laundrygo.com/smartfactory/smartfactory_20250812163116_350b21a1bc434734963ffa5eb3c6bf3e.jpeg
VRSYKL5V,2025.8.11,바지,https://cloudfront.laundrygo.com/smartfactory/smartfactory_20250812035403_a65b1eabde98425596a7551f555e9e63.jpeg
VRSYKL5V,2025.8.11,바지,https://cloudfront.laundrygo.com/smartfactory/smartfactory_20250812035603_d7e83266018748dcbca0e59fc63a71dc.jpeg
2Y5DSM48,2025.8.11,바지,https://cloudfront.laundrygo.com/smartfactory/smartfactory_20250812000700_dd6d581acf6f4331812a05ec6fb63229.jpeg
T8E6FEJW,2025.8.11,바지,https://cloudfront.laundrygo.com/smartfactory/smartfactory_20250812053205_5683c99f1dd34942a0fcc3bdb2488534.jpeg
T8E6FEJW,2025.8.11,바지,https://cloudfront.laundrygo.com/smartfactory/smartfactory_20250812053305_72fa01c86f3a4d9e92206b9835ffba3e.jpeg
T8E6FEJW,2025.8.11,바지,https://cloudfront.laundrygo.com/smartfactory/smartfactory_20250812053405_698382846e8545dda35e5a42dabe8a74.jpeg
T8E6FEJW,2025.8.11,바지,https://cloudfront.laundrygo.com/smartfactory/smartfactory_20250812053505_eee9e296c5894e418a0b493c5f24e3a4.jpeg
T8E6FEJW,2025.8.11,바지,https://cloudfront.laundrygo.com/smartfactory/smartfactory_20250812053505_5654df4d3b5e44979f39150efcb40864.jpeg
T8E6FEJW,2025.8.11,바지,https://cloudfront.laundrygo.com/smartfactory/smartfactory_20250812053605_721304b6ffe7447aa1f7b553a686a159.jpeg
9SL1YYE4,2025.8.11,바지,https://cloudfront.laundrygo.com/smartfactory/smartfactory_20250812052105_44c1e3d8c31240e7b95121c6b6a935d3.jpeg
9SL1YYE4,2025.8.11,바지,https://cloudfront.laundrygo.com/smartfactory/smartfactory_20250812052205_d9381283709540e6b570fe0e8ba392dd.jpeg
907MFCA9,2025.8.11,바지,https://cloudfront.laundrygo.com/smartfactory/smartfactory_20250812091409_0612afdb3c724ef98e69fb6961104ed9.jpeg
907MFCA9,2025.8.11,바지,https://cloudfront.laundrygo.com/smartfactory/smartfactory_20250812091409_aa9dcdb456734857abe39ae920a7972f.jpeg
X7PTBDGH,2025.8.11,바지,https://cloudfront.laundrygo.com/smartfactory/smartfactory_20250812084708_2acb7c06e0774691a28a7a310a55a73a.jpeg
IXRRIYAJ,2025.8.11,바지,https://cloudfront.laundrygo.com/smartfactory/smartfactory_20250812100810_95190c7d350b4f959f40adef7e783d2f.jpeg
IXRRIYAJ,2025.8.11,바지,https://cloudfront.laundrygo.com/smartfactory/smartfactory_20250812100910_d3bccb6d82c74b9e8f9b0fef59793495.jpeg
IXRRIYAJ,2025.8.11,바지,https://cloudfront.laundrygo.com/smartfactory/smartfactory_20250812101010_7858561b225545f3bdf3741552fca6b4.jpeg
IXRRIYAJ,2025.8.11,바지,https://cloudfront.laundrygo.com/smartfactory/smartfactory_20250812101510_a9d186fd826e42fea163af51364effa1.jpeg
IXRRIYAJ,2025.8.11,바지,https://cloudfront.laundrygo.com/smartfactory/smartfactory_20250812101710_d3abcd3b09ed4688976b5131fe197f28.jpeg
IXRRIYAJ,2025.8.11,바지,https://cloudfront.laundrygo.com/smartfactory/smartfactory_20250812101810_bcfc3873515f4e16ac2618bbe2f728e0.jpeg
6GS9JIYM,2025.8.11,바지,https://cloudfront.laundrygo.com/smartfactory/smartfactory_20250812161316_3ccbc9fc9ee94bb29f8a6ecce215c3a1.jpeg
6GS9JIYM,2025.8.11,바지,https://cloudfront.laundrygo.com/smartfactory/smartfactory_20250812161316_ecc0319b53fb4f188978f7661d0253a0.jpeg
6GS9JIYM,2025.8.11,바지,https://cloudfront.laundrygo.com/smartfactory/smartfactory_20250812161416_2d4b561f6d24401e89e490702e4a577f.jpeg
MXBK9AFC,2025.8.12,바지,https://cloudfront.laundrygo.com/smartfactory/smartfactory_20250813011401_7c3a36fb994243df87e7fe2691d04263.jpeg
QV78M8P9,2025.8.12,바지,https://cloudfront.laundrygo.com/smartfactory/smartfactory_20250813014801_383ded4c793247bba6ecf8e18b1d0f65.jpeg
72EDSUXD,2025.8.12,바지,https://cloudfront.laundrygo.com/smartfactory/smartfactory_20250813062406_417b54e44ae443c292740e52cc0f5e8a.jpeg
Q2O88T5H,2025.8.12,바지,https://cloudfront.laundrygo.com/smartfactory/smartfactory_20250813070207_c0d6bae96b454def991d930ac55163d0.jpeg
25RM4V07,2025.8.12,바지,https://cloudfront.laundrygo.com/smartfactory/smartfactory_20250813004400_5a0925f63d204796bcca6a348475405c.jpeg
W4JH9RHN,2025.8.12,바지,https://cloudfront.laundrygo.com/smartfactory/smartfactory_20250813053605_dc939cadeeee4451ac1292f60778e8d4.jpeg
W4JH9RHN,2025.8.12,바지,https://cloudfront.laundrygo.com/smartfactory/smartfactory_20250813053605_5a5b53db5a9740d19eb554d29d8a87f9.jpeg
JC1PB4D0,2025.8.12,바지,https://cloudfront.laundrygo.com/smartfactory/smartfactory_20250813050605_5b445e4b00124259944ece8ad9641727.jpeg
JC1PB4D0,2025.8.12,바지,https://cloudfront.laundrygo.com/smartfactory/smartfactory_20250813050705_3b21822edcf642a1b0888bbca0ea8227.jpeg
JC1PB4D0,2025.8.12,바지,https://cloudfront.laundrygo.com/smartfactory/smartfactory_20250813050705_2b85f3c59bf54f79a462506755290c33.jpeg
JC1PB4D0,2025.8.12,바지,https://cloudfront.laundrygo.com/smartfactory/smartfactory_20250813051005_467cfffc3d964e33b1b867a0e0dc9d41.jpeg
JC1PB4D0,2025.8.12,바지,https://cloudfront.laundrygo.com/smartfactory/smartfactory_20250813051005_0f9a1a1f7c6e4fb8a3db95ffb126fc6b.jpeg
JC1PB4D0,2025.8.12,바지,https://cloudfront.laundrygo.com/smartfactory/smartfactory_20250813051105_ebb56a18a17241f79f9a698ec2b4be7f.jpeg
JC1PB4D0,2025.8.12,바지,https://cloudfront.laundrygo.com/smartfactory/smartfactory_20250813051205_d23aecca4bd84cd8b85164d7f4c2daea.jpeg
J8YGVZLD,2025.8.12,바지,https://cloudfront.laundrygo.com/smartfactory/smartfactory_20250813035303_b341efe15c2f4aafb51155a80b8dbde1.jpeg
BGQD38SR,2025.8.12,바지,https://cloudfront.laundrygo.com/smartfactory/smartfactory_20250813060306_43ee860ebbdf4a61a5cd0641a4e65ad0.jpeg
J8EKVUY9,2025.8.13,바지,https://cloudfront.laundrygo.com/smartfactory/smartfactory_20250814002800_6dda9a884fdf48f6bb2b3070883009de.jpeg
J8EKVUY9,2025.8.13,바지,https://cloudfront.laundrygo.com/smartfactory/smartfactory_20250814002800_078592adf84d46bd84933dbfaa261099.jpeg
V9GQSYD8,2025.8.13,바지,https://cloudfront.laundrygo.com/smartfactory/smartfactory_20250814034903_ffc07db8d3f24cefa5ae4c04b083d87e.jpeg
ICNKZ2VE,2025.8.13,바지,https://cloudfront.laundrygo.com/smartfactory/smartfactory_20250814063406_f23c5da5818d437dbbf05c4c64391679.jpeg
IV9F6UUB,2025.8.13,바지,https://cloudfront.laundrygo.com/smartfactory/smartfactory_20250814014101_b7a6f7ddf8fa4a4aaee555b5abbf2566.jpeg
K4H90WNS,2025.8.13,바지,https://cloudfront.laundrygo.com/smartfactory/smartfactory_20250814032703_43f4d5d9c7e3416580be57790fa44652.jpeg
K4H90WNS,2025.8.13,바지,https://cloudfront.laundrygo.com/smartfactory/smartfactory_20250814033003_2e1213c722424bc6bf020d250a3e5105.jpeg
K4H90WNS,2025.8.13,바지,https://cloudfront.laundrygo.com/smartfactory/smartfactory_20250814033003_fe0ba20672a540f6be89df60b0516415.jpeg
K4H90WNS,2025.8.13,바지,https://cloudfront.laundrygo.com/smartfactory/smartfactory_20250814033003_be9780e903e34e7c8a07267705e97d17.jpeg
XBOM2WLP,2025.8.13,바지,https://cloudfront.laundrygo.com/smartfactory/smartfactory_20250814052905_9202155f8be74d68bfa87558c9c58272.jpeg
XBOM2WLP,2025.8.13,바지,https://cloudfront.laundrygo.com/smartfactory/smartfactory_20250814053005_3ecdf190d33f42dc9e80b274c1e47901.jpeg
GVRSSYRJ,2025.8.14,바지,https://cloudfront.laundrygo.com/smartfactory/smartfactory_20250815020002_e21c58e00c3a44f9a94670a38ae140d3.jpeg
907MFCA9,2025.8.14,바지,https://cloudfront.laundrygo.com/smartfactory/smartfactory_20250815095409_8d6fea7976584acfad8c7a54fcdde2ad.jpeg
907MFCA9,2025.8.14,바지,https://cloudfront.laundrygo.com/smartfactory/smartfactory_20250815095709_9e61198c6a4946b4a52f8a9593fa3f0a.jpeg
2R0JSXFA,2025.8.14,바지,https://cloudfront.laundrygo.com/smartfactory/smartfactory_20250815083408_05733e18ded147a5931f4d4f36cce730.jpeg
2R0JSXFA,2025.8.14,바지,https://cloudfront.laundrygo.com/smartfactory/smartfactory_20250815083508_759eb716575848e592720f884b070c7b.jpeg
45WXISEL,2025.8.14,바지,https://cloudfront.laundrygo.com/smartfactory/smartfactory_20250815083008_3b390da1be6e4b0f8b507d94eaaaaa9f.jpeg
45WXISEL,2025.8.14,바지,https://cloudfront.laundrygo.com/smartfactory/smartfactory_20250815083108_771e7759f20f4422b64fabf2d16eaba8.jpeg
Y2T4QE83,2025.8.14,바지,https://cloudfront.laundrygo.com/smartfactory/smartfactory_20250815102510_77de43651fcf42838f9bb2a8c0e515ed.jpeg
5FYSJ52V,2025.8.14,바지,https://cloudfront.laundrygo.com/smartfactory/smartfactory_20250815063106_05c1f92394cd4a0695f11b3aa289a001.jpeg
JC1PB4D0,2025.8.14,바지,https://cloudfront.laundrygo.com/smartfactory/smartfactory_20250815080608_63c853206cc4458194c70211eeed6e32.jpeg
JC1PB4D0,2025.8.14,바지,https://cloudfront.laundrygo.com/smartfactory/smartfactory_20250815080708_6f0366efbfe541b1b2b4761869da19c2.jpeg
JC1PB4D0,2025.8.14,바지,https://cloudfront.laundrygo.com/smartfactory/smartfactory_20250815080808_c8f8416edc8a49129aaec4714952c99e.jpeg
JC1PB4D0,2025.8.14,바지,https://cloudfront.laundrygo.com/smartfactory/smartfactory_20250815080808_20fefd42749340ecbd675ade82c847f6.jpeg
0QEZ4TF1,2025.8.14,바지,https://cloudfront.laundrygo.com/smartfactory/smartfactory_20250815062106_6108acbad219420b812fd178a315de60.jpeg
J1MCKRAU,2025.8.14,바지,https://cloudfront.laundrygo.com/smartfactory/smartfactory_20250815081208_f9e36d1e866c40029abb09bd6608fe40.jpeg
R5LA935F,2025.8.14,바지,https://cloudfront.laundrygo.com/smartfactory/smartfactory_20250816003100_d70f627a121b4c28a918a7bfe07ab475.jpeg
BUQT9RB3,2025.8.15,바지,https://cloudfront.laundrygo.com/smartfactory/smartfactory_20250816145814_406d55408910455499edae73b3f86ddd.jpeg
BUQT9RB3,2025.8.15,바지,https://cloudfront.laundrygo.com/smartfactory/smartfactory_20250816145814_adfc4ceeb7894c1cb82892401045583c.jpeg
EL2TR2R9,2025.8.15,바지,https://cloudfront.laundrygo.com/smartfactory/smartfactory_20250816063906_318a4497f796414bacd3c67b4cdda5aa.jpeg
EL2TR2R9,2025.8.15,바지,https://cloudfront.laundrygo.com/smartfactory/smartfactory_20250816064006_1d8f5b055e4044009c08c77a30cce5e0.jpeg
EL2TR2R9,2025.8.15,바지,https://cloudfront.laundrygo.com/smartfactory/smartfactory_20250816064406_af7a8160bb624756bf1dc330b8ba9f3d.jpeg
EL2TR2R9,2025.8.15,바지,https://cloudfront.laundrygo.com/smartfactory/smartfactory_20250816080008_328c92be1f4f4480bb39652a7ba9aab5.jpeg
EL2TR2R9,2025.8.15,바지,https://cloudfront.laundrygo.com/smartfactory/smartfactory_20250816080008_5a8d49809d694360a7a0f3b40650db3a.jpeg
EL2TR2R9,2025.8.15,바지,https://cloudfront.laundrygo.com/smartfactory/smartfactory_20250816080008_56186e82e2634a94b7df1532407070b8.jpeg
EL2TR2R9,2025.8.15,바지,https://cloudfront.laundrygo.com/smartfactory/smartfactory_20250816080008_67f29eee148a4dc5983ec6728017cc31.jpeg
EL2TR2R9,2025.8.15,바지,https://cloudfront.laundrygo.com/smartfactory/smartfactory_20250816064706_6bcbb92ad1444de89414bf147045cc45.jpeg
5PJTZX7B,2025.8.15,바지,https://cloudfront.laundrygo.com/smartfactory/smartfactory_20250816004500_6d602a2f289a45bb9daf0c316e338ad3.jpeg
5PJTZX7B,2025.8.15,바지,https://cloudfront.laundrygo.com/smartfactory/smartfactory_20250816004500_d0f59210a33f42959e7f0df35190a22c.jpeg
5PJTZX7B,2025.8.15,바지,https://cloudfront.laundrygo.com/smartfactory/smartfactory_20250816004800_e896f8d2dbb34ca789f75720996030f8.jpeg
5PJTZX7B,2025.8.15,바지,https://cloudfront.laundrygo.com/smartfactory/smartfactory_20250816004800_e05d65e870184e0b9ffe9340fcbf39d4.jpeg
5PJTZX7B,2025.8.15,바지,https://cloudfront.laundrygo.com/smartfactory/smartfactory_20250816004800_a9efa930c91147e39ef99cefe3edb50d.jpeg
ASJ4Q5WR,2025.8.15,바지,https://cloudfront.laundrygo.com/smartfactory/smartfactory_20250816080008_1c041d62ee824137882f6adeaa9d58dd.jpeg
ASJ4Q5WR,2025.8.15,바지,https://cloudfront.laundrygo.com/smartfactory/smartfactory_20250816080008_7023ca9cf0964a72815516ba27ba88a2.jpeg
ASJ4Q5WR,2025.8.15,바지,https://cloudfront.laundrygo.com/smartfactory/smartfactory_20250816080008_012ecfb6f92c467dab0338950aae45fe.jpeg
8MC89PTD,2025.8.15,바지,https://cloudfront.laundrygo.com/smartfactory/smartfactory_20250816005800_305050f7478147ce8573a6c16651634c.jpeg
8MC89PTD,2025.8.15,바지,https://cloudfront.laundrygo.com/smartfactory/smartfactory_20250816005800_babda9ba10ea44d59029eab0fd18fc0a.jpeg
8MC89PTD,2025.8.15,바지,https://cloudfront.laundrygo.com/smartfactory/smartfactory_20250816005800_19eb85c854ff413a88d8471cdcf3ff68.jpeg
8MC89PTD,2025.8.15,바지,https://cloudfront.laundrygo.com/smartfactory/smartfactory_20250816005900_38a7c525552c4edab4f3625c61a1ea01.jpeg
8MC89PTD,2025.8.15,바지,https://cloudfront.laundrygo.com/smartfactory/smartfactory_20250816005900_31e760427b7344b9880849cc54b57d11.jpeg
8MC89PTD,2025.8.15,바지,https://cloudfront.laundrygo.com/smartfactory/smartfactory_20250816005900_3cff4e118d9c4ef883cba0df824d73fa.jpeg
9SL1YYE4,2025.8.15,바지,https://cloudfront.laundrygo.com/smartfactory/smartfactory_20250816052405_db30327f532344e0a5050fbfb0036f44.jpeg
72EDSUXD,2025.8.15,바지,https://cloudfront.laundrygo.com/smartfactory/smartfactory_20250816072407_c5256f6547b64a4e9f626cfebb44742e.jpeg
72EDSUXD,2025.8.15,바지,https://cloudfront.laundrygo.com/smartfactory/smartfactory_20250816072507_039f71d211ee49d3ae650eef58c04d30.jpeg
MWZ1GY0S,2025.8.15,바지,https://cloudfront.laundrygo.com/smartfactory/smartfactory_20250816004300_7bbebe70d4574da6bbf955ed61d5960a.jpeg
GGE6DSVW,2025.8.15,바지,https://cloudfront.laundrygo.com/smartfactory/smartfactory_20250816002800_1dbb20f4c42e4f3ea2f839548be9c6ae.jpeg
GGE6DSVW,2025.8.15,바지,https://cloudfront.laundrygo.com/smartfactory/smartfactory_20250816002900_eb7387276e484b0da0196dcf4b1a3f9b.jpeg
GGE6DSVW,2025.8.15,바지,https://cloudfront.laundrygo.com/smartfactory/smartfactory_20250816002900_165e3296a605445c807fb31a5e6862c8.jpeg
XMLHFOZQ,2025.8.15,바지,https://cloudfront.laundrygo.com/smartfactory/smartfactory_20250816044804_18362dc3a4d94581b86b672ea3199f5f.jpeg
XMLHFOZQ,2025.8.15,바지,https://cloudfront.laundrygo.com/smartfactory/smartfactory_20250816044904_ccece03a24244199ad061b009c82e966.jpeg
3ZJHQZX1,2025.8.15,바지,https://cloudfront.laundrygo.com/smartfactory/smartfactory_20250816045504_62657df194a9473e8e595245ab8ac6d5.jpeg
3ZJHQZX1,2025.8.15,바지,https://cloudfront.laundrygo.com/smartfactory/smartfactory_20250816045604_092c216849a54effa9e54407c4f6f6a4.jpeg
3ZJHQZX1,2025.8.15,바지,https://cloudfront.laundrygo.com/smartfactory/smartfactory_20250816045704_d8dc4c848866474391405d82671cb5d4.jpeg
NJ5SZABP,2025.8.16,바지,https://cloudfront.laundrygo.com/smartfactory/smartfactory_20250817033003_7d9d3026c3954d07af04e1d3a66ec332.jpeg
YZZ7MWRL,2025.8.16,바지,https://cloudfront.laundrygo.com/smartfactory/smartfactory_20250817012601_76873f08c46e47dc870ef26e89fb7aca.jpeg
YZZ7MWRL,2025.8.16,바지,https://cloudfront.laundrygo.com/smartfactory/smartfactory_20250817012601_84f9fd0bbaa643f4b64e06f6fe1704c3.jpeg
YZZ7MWRL,2025.8.16,바지,https://cloudfront.laundrygo.com/smartfactory/smartfactory_20250817012701_d24c918f1f3e4a9e8c44d8a2d61e57e0.jpeg
YZZ7MWRL,2025.8.16,바지,https://cloudfront.laundrygo.com/smartfactory/smartfactory_20250817012701_f28a19972f5e47c3b0a02c1883a65bd9.jpeg
GJC2KN3Y,2025.8.16,바지,https://cloudfront.laundrygo.com/smartfactory/smartfactory_20250817021402_74cc60789bac4a3aa188b7ea55341ffa.jpeg
GJC2KN3Y,2025.8.16,바지,https://cloudfront.laundrygo.com/smartfactory/smartfactory_20250817021402_cd20b856ed3b46409c4e04404f9e2307.jpeg
7HDMDDBX,2025.8.16,바지,https://cloudfront.laundrygo.com/smartfactory/smartfactory_20250817022302_a7a1bd03bd564e7a8e3a041f1eaf3a03.jpeg
T8E6FEJW,2025.8.16,바지,https://cloudfront.laundrygo.com/smartfactory/smartfactory_20250817033103_1727fb0f37d34acf93bba439a02c8264.jpeg
T8E6FEJW,2025.8.16,바지,https://cloudfront.laundrygo.com/smartfactory/smartfactory_20250817033103_55dd2a87260040ab9819314a88a40fba.jpeg
T8E6FEJW,2025.8.16,바지,https://cloudfront.laundrygo.com/smartfactory/smartfactory_20250817033303_3f6a23f61ab64001b352808554b5e42d.jpeg
OJ7AR6QZ,2025.8.16,바지,https://cloudfront.laundrygo.com/smartfactory/smartfactory_20250817083708_553c0d67730749f283fdbb2c90078cde.jpeg
BU5VJDRB,2025.8.16,바지,https://cloudfront.laundrygo.com/smartfactory/smartfactory_20250817030603_c96a9a8c687c472bab844a8cdb912651.jpeg
XBOM2WLP,2025.8.16,바지,https://cloudfront.laundrygo.com/smartfactory/smartfactory_20250817050005_492019bbf0d049ed990aa687ceff0169.jpeg
FHKESRS8,2025.8.16,바지,https://cloudfront.laundrygo.com/smartfactory/smartfactory_20250817022602_0c1934d6317a4009886211dbc55d2496.jpeg
GSHKANZM,2025.8.17,바지,https://cloudfront.laundrygo.com/smartfactory/smartfactory_20250818031803_c715dcb4aeac464d8036a709c9ab9e71.jpeg
GSHKANZM,2025.8.17,바지,https://cloudfront.laundrygo.com/smartfactory/smartfactory_20250818031803_c543256c67924659a31096276d691131.jpeg
SSVQUE6Q,2025.8.17,바지,https://cloudfront.laundrygo.com/smartfactory/smartfactory_20250818084608_31b0cb1614bb451c867399699896991d.jpeg
SSVQUE6Q,2025.8.17,바지,https://cloudfront.laundrygo.com/smartfactory/smartfactory_20250818084908_f1698cf7e00c4638b2502166f0b52d2f.jpeg
MWZ1GY0S,2025.8.17,바지,https://cloudfront.laundrygo.com/smartfactory/smartfactory_20250818005400_acef898ce625416b9e4a51df19e6865a.jpeg
JC1PB4D0,2025.8.17,바지,https://cloudfront.laundrygo.com/smartfactory/smartfactory_20250818095409_400eb90e53724b2c8e39599586601dab.jpeg
JC1PB4D0,2025.8.17,바지,https://cloudfront.laundrygo.com/smartfactory/smartfactory_20250818095509_34d7094d823c427f80dc2ff2c2c2f1bd.jpeg
JC1PB4D0,2025.8.17,바지,https://cloudfront.laundrygo.com/smartfactory/smartfactory_20250818095909_f94e84d6dc2f4808b173ba7544ca0798.jpeg
JC1PB4D0,2025.8.17,바지,https://cloudfront.laundrygo.com/smartfactory/smartfactory_20250818100010_431eeabfc4784d29880d307a757e528b.jpeg
7FNBXTGJ,2025.8.18,바지,https://cloudfront.laundrygo.com/smartfactory/smartfactory_20250819075507_85cb310e1a9c4fba917ecacf8206d0b1.jpeg
7FNBXTGJ,2025.8.18,바지,https://cloudfront.laundrygo.com/smartfactory/smartfactory_20250819075807_6a3aef2ba60645edbb4ef737f10de1f0.jpeg
7FNBXTGJ,2025.8.18,바지,https://cloudfront.laundrygo.com/smartfactory/smartfactory_20250819075807_a04d849a96fb44389aab357edc74bcd4.jpeg
6DLQGTBF,2025.8.18,바지,https://cloudfront.laundrygo.com/smartfactory/smartfactory_20250819035803_40765871eec246d996b61d93f0de0a95.jpeg
907MFCA9,2025.8.18,바지,https://cloudfront.laundrygo.com/smartfactory/smartfactory_20250819084408_26699f230ddd4a728f03402b0804c7f8.jpeg
3ZJHQZX1,2025.8.18,바지,https://cloudfront.laundrygo.com/smartfactory/smartfactory_20250819053905_8e0b232d0f6e4c068a3d4255a4cf90a7.jpeg
BUQT9RB3,2025.8.19,바지,https://cloudfront.laundrygo.com/smartfactory/smartfactory_20250820044404_47808107f1d64f7bb48ef56ca262d914.jpeg
HALU889P,2025.8.19,바지,https://cloudfront.laundrygo.com/smartfactory/smartfactory_20250820014601_c4089dd8239c4ebeb54d2b5a60352012.jpeg
HALU889P,2025.8.19,바지,https://cloudfront.laundrygo.com/smartfactory/smartfactory_20250820014701_28342f5fa2504895a3ad0915a203e9b9.jpeg
HALU889P,2025.8.19,바지,https://cloudfront.laundrygo.com/smartfactory/smartfactory_20250820014801_84b4d9887e844dc099e43781902620db.jpeg
HALU889P,2025.8.19,바지,https://cloudfront.laundrygo.com/smartfactory/smartfactory_20250820015701_9e03490035a6459595c58a38413336ea.jpeg
GJC2KN3Y,2025.8.19,바지,https://cloudfront.laundrygo.com/smartfactory/smartfactory_20250820000800_4925427af37d45d4bc9000e76ef50a49.jpeg
GJC2KN3Y,2025.8.19,바지,https://cloudfront.laundrygo.com/smartfactory/smartfactory_20250820000900_14e1a17461334e2c9dbd66702933d5e9.jpeg
VRSYKL5V,2025.8.19,바지,https://cloudfront.laundrygo.com/smartfactory/smartfactory_20250820064906_35fd0a30666c4b5da2131ef53da2f83b.jpeg
XHH0DT03,2025.8.19,바지,https://cloudfront.laundrygo.com/smartfactory/smartfactory_20250820033903_e341e8a3236645e4be55a5eac8b2664e.jpeg
45WXISEL,2025.8.19,바지,https://cloudfront.laundrygo.com/smartfactory/smartfactory_20250820064806_fedb1ed910684bd1833629feacece82f.jpeg
XBOM2WLP,2025.8.19,바지,https://cloudfront.laundrygo.com/smartfactory/smartfactory_20250820064906_e0609ab31388442397f4c288327da4ef.jpeg
XBOM2WLP,2025.8.19,바지,https://cloudfront.laundrygo.com/smartfactory/smartfactory_20250820064906_6682acef19f6485ba2bfc6b5a0e6ec9a.jpeg
W4JH9RHN,2025.8.19,바지,https://cloudfront.laundrygo.com/smartfactory/smartfactory_20250820051905_b3436c9ac1c84042aedf062d57c5f889.jpeg
W4JH9RHN,2025.8.19,바지,https://cloudfront.laundrygo.com/smartfactory/smartfactory_20250820052005_53abc3d6835b498880b8e40375e85e57.jpeg
W4JH9RHN,2025.8.19,바지,https://cloudfront.laundrygo.com/smartfactory/smartfactory_20250820052005_67689e1054b8447d933f3bfaa5a5268e.jpeg
SHXBN6P7,2025.8.20,바지,https://cloudfront.laundrygo.com/smartfactory/smartfactory_20250821003000_48a4211e1f9047cab89907cdbb936b50.jpeg
LUUGZBF5,2025.8.20,바지,https://cloudfront.laundrygo.com/smartfactory/smartfactory_20250821010501_12a17403b1ea48a6903b69f98e668ee6.jpeg
LUUGZBF5,2025.8.20,바지,https://cloudfront.laundrygo.com/smartfactory/smartfactory_20250821010701_6c80e98a608b41fd93e94086c18f20cf.jpeg
MXBK9AFC,2025.8.20,바지,https://cloudfront.laundrygo.com/smartfactory/smartfactory_20250821064706_9cc0fe3ce05745a0a19ef0831617132b.jpeg
86BNR2K3,2025.8.20,바지,https://cloudfront.laundrygo.com/smartfactory/smartfactory_20250821070007_1cb91e21e4df408c914a55d92b8d9a2e.jpeg
K4H90WNS,2025.8.20,바지,https://cloudfront.laundrygo.com/smartfactory/smartfactory_20250821060506_9893783c8f204855ae57bc444019443a.jpeg
K4H90WNS,2025.8.20,바지,https://cloudfront.laundrygo.com/smartfactory/smartfactory_20250821060606_4d8ad9a98e264e78abb63c25a6fa7631.jpeg
K4H90WNS,2025.8.20,바지,https://cloudfront.laundrygo.com/smartfactory/smartfactory_20250821060606_f0d09ff425c14491a17a860db19fe2ff.jpeg
K4H90WNS,2025.8.20,바지,https://cloudfront.laundrygo.com/smartfactory/smartfactory_20250821060606_369c38b533cf40e289e45c20a8bb4e2b.jpeg
K4H90WNS,2025.8.20,바지,https://cloudfront.laundrygo.com/smartfactory/smartfactory_20250821060706_8285dd9988d6457c9a697096702f5f15.jpeg
BU5VJDRB,2025.8.20,바지,https://cloudfront.laundrygo.com/smartfactory/smartfactory_20250821074507_120c5e6485bc4caa928852a2e0a441db.jpeg
T8E6FEJW,2025.8.21,바지,https://cloudfront.laundrygo.com/smartfactory/smartfactory_20250822022602_b7ae8e8ed62e412f8569d318027a0ec3.jpeg
T8E6FEJW,2025.8.21,바지,https://cloudfront.laundrygo.com/smartfactory/smartfactory_20250822022602_7512dbbd92c04435baae486a2008b374.jpeg
T8E6FEJW,2025.8.21,바지,https://cloudfront.laundrygo.com/smartfactory/smartfactory_20250822022702_d2fdd16d4edd4112be95b5126a31eaa5.jpeg
T8E6FEJW,2025.8.21,바지,https://cloudfront.laundrygo.com/smartfactory/smartfactory_20250822022702_411bd25b2b0447c3b7a743df619e5ce0.jpeg
T8E6FEJW,2025.8.21,바지,https://cloudfront.laundrygo.com/smartfactory/smartfactory_20250822022702_40bac73b4682495caeca50cd520ca892.jpeg
XHH0DT03,2025.8.21,바지,https://cloudfront.laundrygo.com/smartfactory/smartfactory_20250822045704_d0630fd71ece48639dbfb821f50eca7b.jpeg
XHH0DT03,2025.8.21,바지,https://cloudfront.laundrygo.com/smartfactory/smartfactory_20250822045804_e748125487db4046b11e0235e7073889.jpeg
72EDSUXD,2025.8.21,바지,https://cloudfront.laundrygo.com/smartfactory/smartfactory_20250822034503_25f76ae0413a4574afe26cd46e4fc8ad.jpeg
72EDSUXD,2025.8.21,바지,https://cloudfront.laundrygo.com/smartfactory/smartfactory_20250822034503_49e0d221a18f4cbbb12ab0ece9ad3db0.jpeg
907MFCA9,2025.8.21,바지,https://cloudfront.laundrygo.com/smartfactory/smartfactory_20250822082408_93568c4e40d44dc599cd727bfb6e02ac.jpeg
907MFCA9,2025.8.21,바지,https://cloudfront.laundrygo.com/smartfactory/smartfactory_20250822082508_4f0bdedde1fc429cb96bdc52bbe16844.jpeg
ET8D4PJN,2025.8.21,바지,https://cloudfront.laundrygo.com/smartfactory/smartfactory_20250822022102_91f589a3065e496aa754cb83e100bd44.jpeg
ET8D4PJN,2025.8.21,바지,https://cloudfront.laundrygo.com/smartfactory/smartfactory_20250822022702_7c32acd28d2646f3bf2fef0a78be3501.jpeg
Y2T4QE83,2025.8.21,바지,https://cloudfront.laundrygo.com/smartfactory/smartfactory_20250822113811_94e3205b157b42408fd399d33909f94c.jpeg
Y2T4QE83,2025.8.21,바지,https://cloudfront.laundrygo.com/smartfactory/smartfactory_20250822113811_6e2395fbc3ed4e499707830750de3b99.jpeg
Y2T4QE83,2025.8.21,바지,https://cloudfront.laundrygo.com/smartfactory/smartfactory_20250822113911_19e33b8c5c8a459ab0ec3a338ade35da.jpeg
JC1PB4D0,2025.8.21,바지,https://cloudfront.laundrygo.com/smartfactory/smartfactory_20250822100810_5cf58eacd37246ef94babc52718f3c2c.jpeg
JC1PB4D0,2025.8.21,바지,https://cloudfront.laundrygo.com/smartfactory/smartfactory_20250822100910_a035b75f0bb54ed892d523aa6b0d9a28.jpeg
JC1PB4D0,2025.8.21,바지,https://cloudfront.laundrygo.com/smartfactory/smartfactory_20250822101010_1063953be0264b128259e6f1b59a9474.jpeg
JC1PB4D0,2025.8.21,바지,https://cloudfront.laundrygo.com/smartfactory/smartfactory_20250822101010_0e67076d91d74e8d8b3865ebf0e24ef0.jpeg
GVWBKFEI,2025.8.21,바지,https://cloudfront.laundrygo.com/smartfactory/smartfactory_20250822100710_01e1f97e5c6c435e8f801ef6bf6bbdb4.jpeg
GVWBKFEI,2025.8.21,바지,https://cloudfront.laundrygo.com/smartfactory/smartfactory_20250822100710_583c11a4033a4a39bd64744dc055ca5a.jpeg
R5LA935F,2025.8.21,바지,https://cloudfront.laundrygo.com/smartfactory/smartfactory_20250823012201_6123cff9380647699dc814c340f98538.jpeg
GSHKANZM,2025.8.22,바지,https://cloudfront.laundrygo.com/smartfactory/smartfactory_20250823014201_31d9a560cb6644e48658a02ee4cdb1eb.jpeg
EL2TR2R9,2025.8.22,바지,https://cloudfront.laundrygo.com/smartfactory/smartfactory_20250823052705_ce4f5513bb8a41678d6765164898ab0c.jpeg
5PJTZX7B,2025.8.22,바지,https://cloudfront.laundrygo.com/smartfactory/smartfactory_20250823002600_b03e2a7089a246a99d522ba6ac063086.jpeg
5PJTZX7B,2025.8.22,바지,https://cloudfront.laundrygo.com/smartfactory/smartfactory_20250823002600_4eab663e4c6f4686921dbc544da959a3.jpeg
ASJ4Q5WR,2025.8.22,바지,https://cloudfront.laundrygo.com/smartfactory/smartfactory_20250823034203_43951c5388cc4007a7662f5aee4fdabf.jpeg
ASJ4Q5WR,2025.8.22,바지,https://cloudfront.laundrygo.com/smartfactory/smartfactory_20250823034203_ccb8162e07c4417a938a091312360908.jpeg
6FTJ6NJJ,2025.8.22,바지,https://cloudfront.laundrygo.com/smartfactory/smartfactory_20250823051305_d17b669074074fddb9a956c1135d448d.jpeg
6FTJ6NJJ,2025.8.22,바지,https://cloudfront.laundrygo.com/smartfactory/smartfactory_20250823051405_06e1bb87480e4c8bb1439c46671b08fe.jpeg
FPP9YBNG,2025.8.22,바지,https://cloudfront.laundrygo.com/smartfactory/smartfactory_20250823014601_f7e5990d6e6a4c07b73e17f1e1faf5c5.jpeg
9SL1YYE4,2025.8.22,바지,https://cloudfront.laundrygo.com/smartfactory/smartfactory_20250823054805_46ef95b6ca77470db5b6a860c46111f2.jpeg
35IPG2VA,2025.8.22,바지,https://cloudfront.laundrygo.com/smartfactory/smartfactory_20250823000700_9dc1425598ad4b27a4b4ae0117256e49.jpeg
SSVQUE6Q,2025.8.22,바지,https://cloudfront.laundrygo.com/smartfactory/smartfactory_20250823081808_307b1c3eb7674ee9a74d5e9b7f63f2ea.jpeg
MODQ3GT2,2025.8.22,바지,https://cloudfront.laundrygo.com/smartfactory/smartfactory_20250823014301_0221b4fce0fa4a4d829bc0459b391b21.jpeg
MODQ3GT2,2025.8.22,바지,https://cloudfront.laundrygo.com/smartfactory/smartfactory_20250823014301_90ccaff8b271454d9c13c671681ecd98.jpeg
MODQ3GT2,2025.8.22,바지,https://cloudfront.laundrygo.com/smartfactory/smartfactory_20250823014401_0f811356cfe442339031f03a84b19759.jpeg
6GS9JIYM,2025.8.22,바지,https://cloudfront.laundrygo.com/smartfactory/smartfactory_20250823180618_f34f5c52fd6647b5943d3c4f1aa309ea.jpeg
J1MCKRAU,2025.8.22,바지,https://cloudfront.laundrygo.com/smartfactory/smartfactory_20250823053005_e7c23484dffc491cacff60e8d256ac0c.jpeg
J1MCKRAU,2025.8.22,바지,https://cloudfront.laundrygo.com/smartfactory/smartfactory_20250823053005_91e39503fa414ae880a03ff5864226cd.jpeg
845ETACN,2025.8.22,바지,https://cloudfront.laundrygo.com/smartfactory/smartfactory_20250823074907_ab1f964ba06b4d41bf92013323e0a0b0.jpeg
3ZJHQZX1,2025.8.22,바지,https://cloudfront.laundrygo.com/smartfactory/smartfactory_20250823050405_56b8345d16fd46448c85d0dbaaaba779.jpeg
3ZJHQZX1,2025.8.22,바지,https://cloudfront.laundrygo.com/smartfactory/smartfactory_20250823050505_d917ffcb8e874c42b3e674604053abcd.jpeg
SHXBN6P7,2025.8.23,바지,https://cloudfront.laundrygo.com/smartfactory/smartfactory_20250824043704_62cf3274ec344dbb9c20055770bb6e65.jpeg
BUQT9RB3,2025.8.23,바지,https://cloudfront.laundrygo.com/smartfactory/smartfactory_20250825103810_ed720a8956cf4b12a9926e9f5ecc0307.jpeg
YZZ7MWRL,2025.8.23,바지,https://cloudfront.laundrygo.com/smartfactory/smartfactory_20250824085708_b0837e3408704280859f43430fd8516d.jpeg
YZZ7MWRL,2025.8.23,바지,https://cloudfront.laundrygo.com/smartfactory/smartfactory_20250824085708_5f398d8b7fe34285b92f3d9bbe835a83.jpeg
MVTHZ2WK,2025.8.23,바지,https://cloudfront.laundrygo.com/smartfactory/smartfactory_20250824003400_99fe8b1745514cabba90a9677af4c347.jpeg
8MC89PTD,2025.8.23,바지,https://cloudfront.laundrygo.com/smartfactory/smartfactory_20250824012101_478fec06d33c42a59e959a5a4c7d29f2.jpeg
8MC89PTD,2025.8.23,바지,https://cloudfront.laundrygo.com/smartfactory/smartfactory_20250824012101_073cc668b708478ca85a952c9ad061d1.jpeg
8MC89PTD,2025.8.23,바지,https://cloudfront.laundrygo.com/smartfactory/smartfactory_20250824012101_59a5a3036641413f864362f3394c3b54.jpeg
8MC89PTD,2025.8.23,바지,https://cloudfront.laundrygo.com/smartfactory/smartfactory_20250824012101_766b221d90f04b99a25838795026ffd5.jpeg
8MC89PTD,2025.8.23,바지,https://cloudfront.laundrygo.com/smartfactory/smartfactory_20250824012201_57e4b41d49034df39fbd03bcc011bc51.jpeg
8MC89PTD,2025.8.23,바지,https://cloudfront.laundrygo.com/smartfactory/smartfactory_20250824012201_2c82921018c14de495e9192086768dd0.jpeg
76K6BC89,2025.8.23,바지,https://cloudfront.laundrygo.com/smartfactory/smartfactory_20250824015801_8ff4c6e843b741aeb6ced1f51fc3af09.jpeg
XBOM2WLP,2025.8.23,바지,https://cloudfront.laundrygo.com/smartfactory/smartfactory_20250824054705_399e1536f35a4366a6171d58214b545b.jpeg
XBOM2WLP,2025.8.23,바지,https://cloudfront.laundrygo.com/smartfactory/smartfactory_20250824054705_e50d6396ddfc49ca875c67842faddd44.jpeg
JY6ZWQZL,2025.8.23,바지,https://cloudfront.laundrygo.com/smartfactory/smartfactory_20250824012501_06074c6a267e4cf9b2ef530da945aa04.jpeg
V7HCX6D0,2025.8.23,바지,https://cloudfront.laundrygo.com/smartfactory/smartfactory_20250824010701_38494187e2df4730a238cd6cd1b59af3.jpeg
5FYSJ52V,2025.8.23,바지,https://cloudfront.laundrygo.com/smartfactory/smartfactory_20250824064206_4c1bb607010845d594711a7cf656cfd2.jpeg
BGQD38SR,2025.8.23,바지,https://cloudfront.laundrygo.com/smartfactory/smartfactory_20250824064806_ec5171ea221246e893038a8b91875bcb.jpeg
3MZWPFTC,2025.8.23,바지,https://cloudfront.laundrygo.com/smartfactory/smartfactory_20250824050105_1933ab0a9ad4467ca44bae4898e12d25.jpeg
XMLHFOZQ,2025.8.23,바지,https://cloudfront.laundrygo.com/smartfactory/smartfactory_20250824082208_d89eb7a54533421091d4234463366ade.jpeg
XMLHFOZQ,2025.8.23,바지,https://cloudfront.laundrygo.com/smartfactory/smartfactory_20250824082308_54e1f14815f048418f0dfcdcafa81b00.jpeg
XMLHFOZQ,2025.8.23,바지,https://cloudfront.laundrygo.com/smartfactory/smartfactory_20250824082308_d0f257a77c4f412683da36ec37b576b9.jpeg
XMLHFOZQ,2025.8.23,바지,https://cloudfront.laundrygo.com/smartfactory/smartfactory_20250824082408_b23e5c39ddb14436940c77f8cb8a25f0.jpeg
OP8M1AA3,2025.8.23,바지,https://cloudfront.laundrygo.com/smartfactory/smartfactory_20250824040104_84b8a26d97964ab48a12cba448d1c1d5.jpeg
OP8M1AA3,2025.8.23,바지,https://cloudfront.laundrygo.com/smartfactory/smartfactory_20250824040104_b16193e320594ac0920accfabe27d650.jpeg
UQAF7PCB,2025.8.24,바지,https://cloudfront.laundrygo.com/smartfactory/smartfactory_20250825052605_e06b5d1e8a53404a95be15340bdfad89.jpeg
UQAF7PCB,2025.8.24,바지,https://cloudfront.laundrygo.com/smartfactory/smartfactory_20250825052705_30c06d726ef843c3b2e90d9ad8721949.jpeg
UQAF7PCB,2025.8.24,바지,https://cloudfront.laundrygo.com/smartfactory/smartfactory_20250825053005_95b9fd46a81a4bc89dab909369c9658a.jpeg
UQAF7PCB,2025.8.24,바지,https://cloudfront.laundrygo.com/smartfactory/smartfactory_20250825053005_af14ef7773444b4da33fbc6b8787a580.jpeg
CF4EXSN3,2025.8.24,바지,https://cloudfront.laundrygo.com/smartfactory/smartfactory_20250825071407_1aab9064b84a44cabffebc4d75cb27bb.jpeg
CF4EXSN3,2025.8.24,바지,https://cloudfront.laundrygo.com/smartfactory/smartfactory_20250825071507_b44c6a06107d4f59afd6af4e647c1a04.jpeg
CF4EXSN3,2025.8.24,바지,https://cloudfront.laundrygo.com/smartfactory/smartfactory_20250825071607_44ca7af8d6844d938f7f5b567742771b.jpeg
CF4EXSN3,2025.8.24,바지,https://cloudfront.laundrygo.com/smartfactory/smartfactory_20250825071807_8de9abb4c7104e0e90f065909c8fecad.jpeg
CF4EXSN3,2025.8.24,바지,https://cloudfront.laundrygo.com/smartfactory/smartfactory_20250825071907_c64d7335b0d04c9f91d1034228eedad5.jpeg
CF4EXSN3,2025.8.24,바지,https://cloudfront.laundrygo.com/smartfactory/smartfactory_20250825071907_6c0b5144458c4389a7a6561195cb27ff.jpeg
CF4EXSN3,2025.8.24,바지,https://cloudfront.laundrygo.com/smartfactory/smartfactory_20250825072007_96d717e32bd744e09c8bc3110f03e1a1.jpeg
QCZ2BL2B,2025.8.24,바지,https://cloudfront.laundrygo.com/smartfactory/smartfactory_20250825030103_c99eda65a1c04e92bacc7525d8bb1e4b.jpeg
QCZ2BL2B,2025.8.24,바지,https://cloudfront.laundrygo.com/smartfactory/smartfactory_20250825030203_be04b5872e904ee9a8d9d2d12d20bb6d.jpeg
JC1PB4D0,2025.8.24,바지,https://cloudfront.laundrygo.com/smartfactory/smartfactory_20250825102810_c25438a2c23441738bdbe6fd8b060741.jpeg
JC1PB4D0,2025.8.24,바지,https://cloudfront.laundrygo.com/smartfactory/smartfactory_20250825102810_06785a126e93418db6b8541bc35ebf8b.jpeg
GVWBKFEI,2025.8.24,바지,https://cloudfront.laundrygo.com/smartfactory/smartfactory_20250825094109_34ac6f6f26fa4ef28a20ca244d90e887.jpeg
GVWBKFEI,2025.8.24,바지,https://cloudfront.laundrygo.com/smartfactory/smartfactory_20250825114311_af6c0a344b3d4a4f8671cc93aace3c6a.jpeg
6FTJ6NJJ,2025.8.25,바지,https://cloudfront.laundrygo.com/smartfactory/smartfactory_20250826045504_53af9b0ae7854f09bcb35f06e377753f.jpeg
VRSYKL5V,2025.8.25,바지,https://cloudfront.laundrygo.com/smartfactory/smartfactory_20250826061006_49015b91aa1d4b6f89e0bd883444195e.jpeg
86BNR2K3,2025.8.25,바지,https://cloudfront.laundrygo.com/smartfactory/smartfactory_20250826043704_92c6ee915150411bad8ac7d8820cdd4e.jpeg
9SL1YYE4,2025.8.25,바지,https://cloudfront.laundrygo.com/smartfactory/smartfactory_20250826055505_70e5797892814aa79876eaf2b274c8ab.jpeg
K4H90WNS,2025.8.25,바지,https://cloudfront.laundrygo.com/smartfactory/smartfactory_20250826052005_62b0d5a028d449cd92fcee60179b2700.jpeg
K4H90WNS,2025.8.25,바지,https://cloudfront.laundrygo.com/smartfactory/smartfactory_20250826052105_84f62ce7aaeb4f389d4e8c121745e0ee.jpeg
K4H90WNS,2025.8.25,바지,https://cloudfront.laundrygo.com/smartfactory/smartfactory_20250826052205_3e016c3dea0f4fefba6fbd581882d6e2.jpeg
25RM4V07,2025.8.25,바지,https://cloudfront.laundrygo.com/smartfactory/smartfactory_20250826011901_db2e5c7e112044bca769ccbee8d36e01.jpeg
R5LA935F,2025.8.25,바지,https://cloudfront.laundrygo.com/smartfactory/smartfactory_20250827004200_596b8393dc0f4197b0e9b7c3e8eea5ae.jpeg
XMLHFOZQ,2025.8.25,바지,https://cloudfront.laundrygo.com/smartfactory/smartfactory_20250826071507_d13dc2f298bf4cfaa00941fdd7d5d0e0.jpeg
HALU889P,2025.8.26,바지,https://cloudfront.laundrygo.com/smartfactory/smartfactory_20250827035603_c0ac320407ce4f478d768d8b662077ec.jpeg
HALU889P,2025.8.26,바지,https://cloudfront.laundrygo.com/smartfactory/smartfactory_20250827035703_959c8f3c8ca7469e9add3cffec1499e8.jpeg
8L4ANES3,2025.8.26,바지,https://cloudfront.laundrygo.com/smartfactory/smartfactory_20250827065606_1ae46e82a1f34c06b2c5993d54590865.jpeg
8L4ANES3,2025.8.26,바지,https://cloudfront.laundrygo.com/smartfactory/smartfactory_20250827065706_e52b5e6e7bb24667bed128bb25984de3.jpeg
8L4ANES3,2025.8.26,바지,https://cloudfront.laundrygo.com/smartfactory/smartfactory_20250827065706_fe31acc4ef1c4b0c82e1d962ce90f827.jpeg
7HDMDDBX,2025.8.26,바지,https://cloudfront.laundrygo.com/smartfactory/smartfactory_20250827034803_af884f0cc63640aaa6d49d970c98ca3a.jpeg
2Y5DSM48,2025.8.26,바지,https://cloudfront.laundrygo.com/smartfactory/smartfactory_20250827032703_7628414d9d8546ecbe218fa053890be5.jpeg
OJ7AR6QZ,2025.8.26,바지,https://cloudfront.laundrygo.com/smartfactory/smartfactory_20250827110111_8b301fb6f5b74bd29ee765bebe88ee8d.jpeg
OJ7AR6QZ,2025.8.26,바지,https://cloudfront.laundrygo.com/smartfactory/smartfactory_20250827110111_8fffb3dffafa4cefabf7205d4495eaff.jpeg
45WXISEL,2025.8.26,바지,https://cloudfront.laundrygo.com/smartfactory/smartfactory_20250827092909_90f06dc693db484a89ea99389ee8bf51.jpeg
BU5VJDRB,2025.8.26,바지,https://cloudfront.laundrygo.com/smartfactory/smartfactory_20250827044304_2ebd178631054edabc5d3c03f514ad1b.jpeg
IXRRIYAJ,2025.8.26,바지,https://cloudfront.laundrygo.com/smartfactory/smartfactory_20250827090009_d4e1409a3daf4c4dae3587e9e0c27e07.jpeg
IXRRIYAJ,2025.8.26,바지,https://cloudfront.laundrygo.com/smartfactory/smartfactory_20250827090209_688fd6fd03c441f390722a3caf2714ba.jpeg
IXRRIYAJ,2025.8.26,바지,https://cloudfront.laundrygo.com/smartfactory/smartfactory_20250827090509_d3355c0811814510ba30572620e36446.jpeg
IXRRIYAJ,2025.8.26,바지,https://cloudfront.laundrygo.com/smartfactory/smartfactory_20250827090809_e752d79be06947e69ac6c313589bc885.jpeg
IXRRIYAJ,2025.8.26,바지,https://cloudfront.laundrygo.com/smartfactory/smartfactory_20250827090809_5580e78749ca488285ece3359d5c0d00.jpeg
IXRRIYAJ,2025.8.26,바지,https://cloudfront.laundrygo.com/smartfactory/smartfactory_20250827090909_8718f7139bd1496dba6e55a11cfaddb1.jpeg
GGE6DSVW,2025.8.26,바지,https://cloudfront.laundrygo.com/smartfactory/smartfactory_20250827021302_6199854b938043d1b728f7a2fc46c96e.jpeg
QV78M8P9,2025.8.27,바지,https://cloudfront.laundrygo.com/smartfactory/smartfactory_20250828022802_a610183b242a489a9779a0f4e9b2e35c.jpeg
QV78M8P9,2025.8.27,바지,https://cloudfront.laundrygo.com/smartfactory/smartfactory_20250828022902_d235247dcce24b839489fb1b1fa5fbf8.jpeg
FPP9YBNG,2025.8.27,바지,https://cloudfront.laundrygo.com/smartfactory/smartfactory_20250828011501_5220b53ca4fa4f47a8b5f1c19f538333.jpeg
72EDSUXD,2025.8.27,바지,https://cloudfront.laundrygo.com/smartfactory/smartfactory_20250828073407_286abea6f2c944a39880ac32787fa435.jpeg
72EDSUXD,2025.8.27,바지,https://cloudfront.laundrygo.com/smartfactory/smartfactory_20250828073507_1ae0f8600d6b4ec0813d25fd178bdbca.jpeg
907MFCA9,2025.8.27,바지,https://cloudfront.laundrygo.com/smartfactory/smartfactory_20250828091409_92b312d363534a17ad16867057df8f1b.jpeg
907MFCA9,2025.8.27,바지,https://cloudfront.laundrygo.com/smartfactory/smartfactory_20250828091409_a0d0e363484149e687ef85dfbcabf7d5.jpeg
907MFCA9,2025.8.27,바지,https://cloudfront.laundrygo.com/smartfactory/smartfactory_20250828091409_6349226729124ad88b9706e75a94f19c.jpeg
907MFCA9,2025.8.27,바지,https://cloudfront.laundrygo.com/smartfactory/smartfactory_20250828091509_55636ab5940543f98bce67643517d16e.jpeg
907MFCA9,2025.8.27,바지,https://cloudfront.laundrygo.com/smartfactory/smartfactory_20250828093109_4227a892f4624bb490de37af1ca929de.jpeg
907MFCA9,2025.8.27,바지,https://cloudfront.laundrygo.com/smartfactory/smartfactory_20250828093109_83173bf1fab5472c82c36b390a7b03df.jpeg
907MFCA9,2025.8.27,바지,https://cloudfront.laundrygo.com/smartfactory/smartfactory_20250828093109_c0f3f01402db4807a381a1ccc16983d3.jpeg
ET8D4PJN,2025.8.27,바지,https://cloudfront.laundrygo.com/smartfactory/smartfactory_20250828074307_81951d8bb96b4d42b7d2381d05acd61c.jpeg
JC1PB4D0,2025.8.27,바지,https://cloudfront.laundrygo.com/smartfactory/smartfactory_20250828092109_dec2a662f5f049d4ac7d657c739aaa82.jpeg
JC1PB4D0,2025.8.27,바지,https://cloudfront.laundrygo.com/smartfactory/smartfactory_20250828092209_29e55dde92274aa9b85523b35cf1ace6.jpeg
JC1PB4D0,2025.8.27,바지,https://cloudfront.laundrygo.com/smartfactory/smartfactory_20250828092409_5878d11d975041d4927e17fa69702ca0.jpeg
JC1PB4D0,2025.8.27,바지,https://cloudfront.laundrygo.com/smartfactory/smartfactory_20250828092509_efd4fa7c9b8849c69ebea72af9246dc1.jpeg
JC1PB4D0,2025.8.27,바지,https://cloudfront.laundrygo.com/smartfactory/smartfactory_20250828092709_527b80e4fdec426e9d965b2ce9b2c907.jpeg
6GS9JIYM,2025.8.27,바지,https://cloudfront.laundrygo.com/smartfactory/smartfactory_20250828163816_dc16803eff504207b0bfc86f91c21f3e.jpeg
6GS9JIYM,2025.8.27,바지,https://cloudfront.laundrygo.com/smartfactory/smartfactory_20250828163916_5004372779e24fa6a4346771070cad59.jpeg
F3FKSYU9,2025.8.28,바지,https://cloudfront.laundrygo.com/smartfactory/smartfactory_20250829042504_37660a5b82244ad4b35f306fd16fdca3.jpeg
GJC2KN3Y,2025.8.28,바지,https://cloudfront.laundrygo.com/smartfactory/smartfactory_20250829001800_d09bfc5a32674f81bbe8506d3ffc3ded.jpeg
GJC2KN3Y,2025.8.28,바지,https://cloudfront.laundrygo.com/smartfactory/smartfactory_20250829001900_89908af9c98a4a7ebfc1c424540b8c32.jpeg
JJBXMWPT,2025.8.28,바지,https://cloudfront.laundrygo.com/smartfactory/smartfactory_20250829043404_40a831533a824128ba49e5529cee8dba.jpeg
ICNKZ2VE,2025.8.28,바지,https://cloudfront.laundrygo.com/smartfactory/smartfactory_20250829061106_34f86d52a77a485f8d7e3000819ba1fd.jpeg
ICNKZ2VE,2025.8.28,바지,https://cloudfront.laundrygo.com/smartfactory/smartfactory_20250829061206_8dd0c3d64bfd41c5b48dc645dd791194.jpeg
V7HCX6D0,2025.8.28,바지,https://cloudfront.laundrygo.com/smartfactory/smartfactory_20250829063806_81a77ea767a44f40b29ee4248e1b32c2.jpeg
W4JH9RHN,2025.8.28,바지,https://cloudfront.laundrygo.com/smartfactory/smartfactory_20250829032103_20f6cec9cdb546109a172a8687335904.jpeg
W4JH9RHN,2025.8.28,바지,https://cloudfront.laundrygo.com/smartfactory/smartfactory_20250829032203_98ccb3c5ad3943848b34ac13d0e8cf82.jpeg
W4JH9RHN,2025.8.28,바지,https://cloudfront.laundrygo.com/smartfactory/smartfactory_20250829032203_77ca64f47ac8487aa0dbb7ccc128710e.jpeg
LUUGZBF5,2025.8.29,바지,https://cloudfront.laundrygo.com/smartfactory/smartfactory_20250830002300_98d2260396f34f64869d391dcb30359c.jpeg
GSHKANZM,2025.8.29,바지,https://cloudfront.laundrygo.com/smartfactory/smartfactory_20250830075307_91978ad537cb46c098dc94c8779b9177.jpeg
GSHKANZM,2025.8.29,바지,https://cloudfront.laundrygo.com/smartfactory/smartfactory_20250830075407_0f401b1e32af41c78fb711752f7e965a.jpeg
6FTJ6NJJ,2025.8.29,바지,https://cloudfront.laundrygo.com/smartfactory/smartfactory_20250830035203_1a5b397f923d44549104f22a8a07e36b.jpeg
6FTJ6NJJ,2025.8.29,바지,https://cloudfront.laundrygo.com/smartfactory/smartfactory_20250830035303_88f7d0e34bb541f3bad73bd55764581d.jpeg
2Y5DSM48,2025.8.29,바지,https://cloudfront.laundrygo.com/smartfactory/smartfactory_20250830073007_7df8b2c6b4864b019bc6cc0aeafa533f.jpeg
2Y5DSM48,2025.8.29,바지,https://cloudfront.laundrygo.com/smartfactory/smartfactory_20250830073007_be557572b64c4e7099d3e4be09b5b806.jpeg
2Y5DSM48,2025.8.29,바지,https://cloudfront.laundrygo.com/smartfactory/smartfactory_20250830073307_f817a7ac8b214f6f934e358c8c37c2a4.jpeg
FPP9YBNG,2025.8.29,바지,https://cloudfront.laundrygo.com/smartfactory/smartfactory_20250830085108_9db7d536744c49749c97db092a4c7794.jpeg
86BNR2K3,2025.8.29,바지,https://cloudfront.laundrygo.com/smartfactory/smartfactory_20250830042904_dd5a31efb0e0406daa0c832bd82707f8.jpeg
86BNR2K3,2025.8.29,바지,https://cloudfront.laundrygo.com/smartfactory/smartfactory_20250830043004_b0d617cb93724f0a95259320dafa21a0.jpeg
2R0JSXFA,2025.8.29,바지,https://cloudfront.laundrygo.com/smartfactory/smartfactory_20250830051505_bc059816b6994d94aeb0889ee6d686ed.jpeg
2R0JSXFA,2025.8.29,바지,https://cloudfront.laundrygo.com/smartfactory/smartfactory_20250830051605_77bbfb4be1314f26aaabec5e9f443d0e.jpeg
2R0JSXFA,2025.8.29,바지,https://cloudfront.laundrygo.com/smartfactory/smartfactory_20250830051605_6217eea217d94a2694a5f5f6697bca14.jpeg
2R0JSXFA,2025.8.29,바지,https://cloudfront.laundrygo.com/smartfactory/smartfactory_20250830051605_a89c7a196b134245a6fa07a8b8b8e562.jpeg
2R0JSXFA,2025.8.29,바지,https://cloudfront.laundrygo.com/smartfactory/smartfactory_20250830051705_4ab4efe585984597bcc1fd08b7093f61.jpeg
QCZ2BL2B,2025.8.29,바지,https://cloudfront.laundrygo.com/smartfactory/smartfactory_20250830013001_4a1cf2e9ba8248fda840f16acb172ace.jpeg
QCZ2BL2B,2025.8.29,바지,https://cloudfront.laundrygo.com/smartfactory/smartfactory_20250830013001_1ec7b8ffaace4ff7a5f4b46a2d05c0a1.jpeg
Y2T4QE83,2025.8.29,바지,https://cloudfront.laundrygo.com/smartfactory/smartfactory_20250830095809_4824c787b272486a850d785b09169713.jpeg
Y2T4QE83,2025.8.29,바지,https://cloudfront.laundrygo.com/smartfactory/smartfactory_20250830095909_1ddef110c542459da0905322b5a65c4b.jpeg
MODQ3GT2,2025.8.29,바지,https://cloudfront.laundrygo.com/smartfactory/smartfactory_20250830050305_2eda63298f9745e89a1eb5c99237ab46.jpeg
MODQ3GT2,2025.8.29,바지,https://cloudfront.laundrygo.com/smartfactory/smartfactory_20250830050405_dbeddea09cbd4e1091d10fcbd963629c.jpeg
5FYSJ52V,2025.8.29,바지,https://cloudfront.laundrygo.com/smartfactory/smartfactory_20250830070407_11014856210c4481b7a5d3463eb4ec17.jpeg
GVWBKFEI,2025.8.29,바지,https://cloudfront.laundrygo.com/smartfactory/smartfactory_20250830034303_437606b5b6024b088fdf609983caad03.jpeg
J1MCKRAU,2025.8.29,바지,https://cloudfront.laundrygo.com/smartfactory/smartfactory_20250830051505_189622fd15194d85acf18e067f18c04c.jpeg
J1MCKRAU,2025.8.29,바지,https://cloudfront.laundrygo.com/smartfactory/smartfactory_20250830051505_f37073ee13254408bde4abd73f445c8c.jpeg
YZZ7MWRL,2025.8.30,바지,https://cloudfront.laundrygo.com/smartfactory/smartfactory_20250831082208_8075466fd491416c935bcfe5ee2af15e.jpeg
YZZ7MWRL,2025.8.30,바지,https://cloudfront.laundrygo.com/smartfactory/smartfactory_20250831082308_3b299484927a4d89930782240cda7e8f.jpeg
YZZ7MWRL,2025.8.30,바지,https://cloudfront.laundrygo.com/smartfactory/smartfactory_20250831082308_3f53877bf0484e5f919341d6d1f3869c.jpeg
YZZ7MWRL,2025.8.30,바지,https://cloudfront.laundrygo.com/smartfactory/smartfactory_20250831082408_a724fb3810364f0695b3f4361d107d08.jpeg
YZZ7MWRL,2025.8.30,바지,https://cloudfront.laundrygo.com/smartfactory/smartfactory_20250831082408_8bd0f6f0a8ac45429976f606802a5766.jpeg
AZD3BJMZ,2025.8.30,바지,https://cloudfront.laundrygo.com/smartfactory/smartfactory_20250831060606_b0d0b49d1af44e029ba6a598f4106dcb.jpeg
8MC89PTD,2025.8.30,바지,https://cloudfront.laundrygo.com/smartfactory/smartfactory_20250831062006_f2ed20c9cae549a597500a81049eec00.jpeg
8MC89PTD,2025.8.30,바지,https://cloudfront.laundrygo.com/smartfactory/smartfactory_20250831062106_b8f338cb2caa4cc796c9c22f4c216c65.jpeg
8MC89PTD,2025.8.30,바지,https://cloudfront.laundrygo.com/smartfactory/smartfactory_20250831062106_11d6a32d87804261ac57243b04a0e43d.jpeg
8MC89PTD,2025.8.30,바지,https://cloudfront.laundrygo.com/smartfactory/smartfactory_20250831062106_9ec4fe665f6d4809b7df0281ddb93a57.jpeg
8MC89PTD,2025.8.30,바지,https://cloudfront.laundrygo.com/smartfactory/smartfactory_20250831062206_10f2083a921d4a25a98fe2f00a616064.jpeg
GVRSSYRJ,2025.8.30,바지,https://cloudfront.laundrygo.com/smartfactory/smartfactory_20250831042104_f7d4d199612641078f09ef55bc7e8ee3.jpeg
RNBX7YSD,2025.8.30,바지,https://cloudfront.laundrygo.com/smartfactory/smartfactory_20250831055005_ae77ec01e9cb465ca8c5900d9182c208.jpeg
RNBX7YSD,2025.8.30,바지,https://cloudfront.laundrygo.com/smartfactory/smartfactory_20250831055005_b3a6fc27e41146c0b51c014dbf18492f.jpeg
T8E6FEJW,2025.8.30,바지,https://cloudfront.laundrygo.com/smartfactory/smartfactory_20250831033403_9c7a99c29c77407494bf83df335e7273.jpeg
T8E6FEJW,2025.8.30,바지,https://cloudfront.laundrygo.com/smartfactory/smartfactory_20250831033403_c08a925b8b054eea932143b91cf14a6c.jpeg
T8E6FEJW,2025.8.30,바지,https://cloudfront.laundrygo.com/smartfactory/smartfactory_20250831033503_bd8d7c6bba8440ce8c3bad6aead05730.jpeg
T8E6FEJW,2025.8.30,바지,https://cloudfront.laundrygo.com/smartfactory/smartfactory_20250831033503_4c0faeef9d434abca6564c9991c4928b.jpeg
T8E6FEJW,2025.8.30,바지,https://cloudfront.laundrygo.com/smartfactory/smartfactory_20250831033603_8f849a5276ee402db4d95d3ba99604da.jpeg
T8E6FEJW,2025.8.30,바지,https://cloudfront.laundrygo.com/smartfactory/smartfactory_20250831033703_1dbeb2e0f90346ef8e4dda5777bf24de.jpeg
T8E6FEJW,2025.8.30,바지,https://cloudfront.laundrygo.com/smartfactory/smartfactory_20250831033803_da95eacd8c7f48eaa9517ce4087dd149.jpeg
T8E6FEJW,2025.8.30,바지,https://cloudfront.laundrygo.com/smartfactory/smartfactory_20250831033803_1ecbf0f2be1846a99c364e4ec4408b4e.jpeg
XHH0DT03,2025.8.30,바지,https://cloudfront.laundrygo.com/smartfactory/smartfactory_20250831052305_027227affa5248e0ad500a4dca98010f.jpeg
35IPG2VA,2025.8.30,바지,https://cloudfront.laundrygo.com/smartfactory/smartfactory_20250831083108_8ea02eebb73241cf80dc4cdc11166a5a.jpeg
35IPG2VA,2025.8.30,바지,https://cloudfront.laundrygo.com/smartfactory/smartfactory_20250831083208_e332192aba4440c1b10b237ae6e190f2.jpeg
K4H90WNS,2025.8.30,바지,https://cloudfront.laundrygo.com/smartfactory/smartfactory_20250831001400_741e51086c8e4552b1765b376c004895.jpeg
K4H90WNS,2025.8.30,바지,https://cloudfront.laundrygo.com/smartfactory/smartfactory_20250831001400_2ae37e4a9a7b40cb88adba142e6eb60d.jpeg
K4H90WNS,2025.8.30,바지,https://cloudfront.laundrygo.com/smartfactory/smartfactory_20250831001400_33dff0902b964b1fa8d19fc4bbee09d2.jpeg
K4H90WNS,2025.8.30,바지,https://cloudfront.laundrygo.com/smartfactory/smartfactory_20250831001500_0a0dd32a715b49a482afcaf79661972f.jpeg
BU5VJDRB,2025.8.30,바지,https://cloudfront.laundrygo.com/smartfactory/smartfactory_20250831072507_a322be95feba4fbdbd86d9ceedf63812.jpeg
XBOM2WLP,2025.8.30,바지,https://cloudfront.laundrygo.com/smartfactory/smartfactory_20250831064106_1a715ad5f6e0422c854302131ca6489b.jpeg
XBOM2WLP,2025.8.30,바지,https://cloudfront.laundrygo.com/smartfactory/smartfactory_20250831064206_2bfcd3713c66430eb187bc8b3b9f1a5c.jpeg
XBOM2WLP,2025.8.30,바지,https://cloudfront.laundrygo.com/smartfactory/smartfactory_20250831064206_f16803fa47404d9ebb80cebf8d9fe438.jpeg
XBOM2WLP,2025.8.30,바지,https://cloudfront.laundrygo.com/smartfactory/smartfactory_20250831064306_f0e87a51761c4dbf995e758e5a90d11a.jpeg
XBOM2WLP,2025.8.30,바지,https://cloudfront.laundrygo.com/smartfactory/smartfactory_20250831064306_f194bcf1f32c4d1aa599c75ae3c5ce48.jpeg
JY6ZWQZL,2025.8.30,바지,https://cloudfront.laundrygo.com/smartfactory/smartfactory_20250831013601_b39a820c4b894a74941002c760db9ea1.jpeg
JC1PB4D0,2025.8.30,바지,https://cloudfront.laundrygo.com/smartfactory/smartfactory_20250831061006_a490f273136a47fbbf9f4cb6edc79cf2.jpeg
JC1PB4D0,2025.8.30,바지,https://cloudfront.laundrygo.com/smartfactory/smartfactory_20250831061106_892a418274814df08c237a949fbfbb3e.jpeg
R5LA935F,2025.8.30,바지,https://cloudfront.laundrygo.com/smartfactory/smartfactory_20250901004600_0a77c45b3f1c4df7bc9e12b2e3b3994c.jpeg
ASJ4Q5WR,2025.8.31,바지,https://cloudfront.laundrygo.com/smartfactory/smartfactory_20250901042504_b38a64defac8421c90526f1cd2125213.jpeg
ASJ4Q5WR,2025.8.31,바지,https://cloudfront.laundrygo.com/smartfactory/smartfactory_20250901042504_7f062e8dff47415d8125fe30ba1a1066.jpeg
ASJ4Q5WR,2025.8.31,바지,https://cloudfront.laundrygo.com/smartfactory/smartfactory_20250901042504_a7732baffea644aab6182ec83461d2e9.jpeg
ASJ4Q5WR,2025.8.31,바지,https://cloudfront.laundrygo.com/smartfactory/smartfactory_20250901042604_14bd9573f81b4716846962e5afb90085.jpeg
86BNR2K3,2025.8.31,바지,https://cloudfront.laundrygo.com/smartfactory/smartfactory_20250901002500_9ec31bbaea83469d8a134016d77ed2f8.jpeg
OJ7AR6QZ,2025.8.31,바지,https://cloudfront.laundrygo.com/smartfactory/smartfactory_20250901103910_ac15150a2f054ee594ffb017a0f95f61.jpeg
OJ7AR6QZ,2025.8.31,바지,https://cloudfront.laundrygo.com/smartfactory/smartfactory_20250901104010_e209765c1910449a8b53dc53b8982cfa.jpeg
45WXISEL,2025.8.31,바지,https://cloudfront.laundrygo.com/smartfactory/smartfactory_20250901085608_ffdf7ed739f14b0fb704a174b324488c.jpeg
45WXISEL,2025.8.31,바지,https://cloudfront.laundrygo.com/smartfactory/smartfactory_20250901085908_49e1acceca904c179e68a639724051d2.jpeg
45WXISEL,2025.8.31,바지,https://cloudfront.laundrygo.com/smartfactory/smartfactory_20250901090009_c8bd6d65b33542579f8a0361647ed177.jpeg
ET8D4PJN,2025.8.31,바지,https://cloudfront.laundrygo.com/smartfactory/smartfactory_20250901084408_24dc7e3614fa4b2b95470f91a4d6771d.jpeg
V7HCX6D0,2025.8.31,바지,https://cloudfront.laundrygo.com/smartfactory/smartfactory_20250901054705_f434c8f595754118a215b894ebb2a0ed.jpeg
25RM4V07,2025.8.31,바지,https://cloudfront.laundrygo.com/smartfactory/smartfactory_20250901021702_09e7264f9ad74fde8637e49f20ef1c61.jpeg
25RM4V07,2025.8.31,바지,https://cloudfront.laundrygo.com/smartfactory/smartfactory_20250901021802_0533d81263b54532bfb3614931994c88.jpeg
XMLHFOZQ,2025.8.31,바지,https://cloudfront.laundrygo.com/smartfactory/smartfactory_20250901071007_c395c5bcb7f145ec9d3ebf01aa554728.jpeg
OP8M1AA3,2025.8.31,바지,https://cloudfront.laundrygo.com/smartfactory/smartfactory_20250901043504_882ad2c1557f42fca8d721ebdf2945b4.jpeg
J8EKVUY9,2025.9.1,바지,https://cloudfront.laundrygo.com/smartfactory/smartfactory_20250902052505_d707c19ddd7e431a83b85a6a729b7835.jpeg
J8EKVUY9,2025.9.1,바지,https://cloudfront.laundrygo.com/smartfactory/smartfactory_20250902052505_5abf9cee8cb749bc991e730517d31f23.jpeg
J8EKVUY9,2025.9.1,바지,https://cloudfront.laundrygo.com/smartfactory/smartfactory_20250902052705_47fd6b7cb1c24b48860d9bfa070b96d8.jpeg
J8EKVUY9,2025.9.1,바지,https://cloudfront.laundrygo.com/smartfactory/smartfactory_20250902052705_086ff7cdf5f647279979cf5ac008fc4d.jpeg
5PJTZX7B,2025.9.1,바지,https://cloudfront.laundrygo.com/smartfactory/smartfactory_20250902053505_95846e1c45974f97ba1024d407580f95.jpeg
5PJTZX7B,2025.9.1,바지,https://cloudfront.laundrygo.com/smartfactory/smartfactory_20250902053505_0f3ae729c1094940b6bf68a9513b7360.jpeg
5PJTZX7B,2025.9.1,바지,https://cloudfront.laundrygo.com/smartfactory/smartfactory_20250902053605_2a783fd86f674b4e9988e3973f70222a.jpeg
5PJTZX7B,2025.9.1,바지,https://cloudfront.laundrygo.com/smartfactory/smartfactory_20250902053605_63160d0b67ef48208dc2316d19d62cdb.jpeg
8L4ANES3,2025.9.1,바지,https://cloudfront.laundrygo.com/smartfactory/smartfactory_20250902011501_9b3cd77adb5a454587918594c74eb9d1.jpeg
8L4ANES3,2025.9.1,바지,https://cloudfront.laundrygo.com/smartfactory/smartfactory_20250902011501_fc99ebbf6deb40d8852b2f662c7260d1.jpeg
8L4ANES3,2025.9.1,바지,https://cloudfront.laundrygo.com/smartfactory/smartfactory_20250902011501_29369b84055c403985b0e8f380b48665.jpeg
8L4ANES3,2025.9.1,바지,https://cloudfront.laundrygo.com/smartfactory/smartfactory_20250902011601_7e080e41bec742138012ced5001362e9.jpeg
8L4ANES3,2025.9.1,바지,https://cloudfront.laundrygo.com/smartfactory/smartfactory_20250902011601_30f01e3c9a0b4451a2f4e99de544f3a4.jpeg
VRSYKL5V,2025.9.1,바지,https://cloudfront.laundrygo.com/smartfactory/smartfactory_20250902023102_1df5b48ddcaa4f77923a47a4474fc958.jpeg
CF4EXSN3,2025.9.1,바지,https://cloudfront.laundrygo.com/smartfactory/smartfactory_20250902031903_d46f8ccc50424c2398642b58d560fb4a.jpeg
CF4EXSN3,2025.9.1,바지,https://cloudfront.laundrygo.com/smartfactory/smartfactory_20250902031903_9b4b221c35af4abcab505fe9574024a7.jpeg
CF4EXSN3,2025.9.1,바지,https://cloudfront.laundrygo.com/smartfactory/smartfactory_20250902031903_284a9469b15248b681c1ded02821d512.jpeg
CF4EXSN3,2025.9.1,바지,https://cloudfront.laundrygo.com/smartfactory/smartfactory_20250902032003_6a644d4c5feb467da7441223b3ed468d.jpeg
3ZJHQZX1,2025.9.1,바지,https://cloudfront.laundrygo.com/smartfactory/smartfactory_20250902063206_750c5706eafd4017ab5d68c81cd46ee8.jpeg
3ZJHQZX1,2025.9.1,바지,https://cloudfront.laundrygo.com/smartfactory/smartfactory_20250902063306_7e9ddf4b404640aa92ed14e6226dce0b.jpeg
SHXBN6P7,2025.9.2,바지,https://cloudfront.laundrygo.com/smartfactory/smartfactory_20250903021002_7f72dce3f98944538139877b964d0411.jpeg
MXBK9AFC,2025.9.2,바지,https://cloudfront.laundrygo.com/smartfactory/smartfactory_20250903011101_f2567c0a6e4845329bc1b118198b58d1.jpeg
7FNBXTGJ,2025.9.2,바지,https://cloudfront.laundrygo.com/smartfactory/smartfactory_20250903074707_3563af63597943b7b2670f2506ea19bb.jpeg
UQAF7PCB,2025.9.2,바지,https://cloudfront.laundrygo.com/smartfactory/smartfactory_20250903033803_09fa8e00fcbf4a69b0942b6f4748cd43.jpeg
Q2O88T5H,2025.9.2,바지,https://cloudfront.laundrygo.com/smartfactory/smartfactory_20250903043404_790d084b82304159997c89a69d9b0ef2.jpeg
XBOM2WLP,2025.9.2,바지,https://cloudfront.laundrygo.com/smartfactory/smartfactory_20250903031903_db3b0d3bf0644c7a85726bb35def109b.jpeg
XBOM2WLP,2025.9.2,바지,https://cloudfront.laundrygo.com/smartfactory/smartfactory_20250903031903_4b5fff6c924049d7990eba463f884a62.jpeg
MODQ3GT2,2025.9.2,바지,https://cloudfront.laundrygo.com/smartfactory/smartfactory_20250903020002_754c725c0247469c92fcf21962f8dfb2.jpeg
MODQ3GT2,2025.9.2,바지,https://cloudfront.laundrygo.com/smartfactory/smartfactory_20250903020002_2fb52e50b2b8443d9d9e80ca5b4b210f.jpeg
MODQ3GT2,2025.9.2,바지,https://cloudfront.laundrygo.com/smartfactory/smartfactory_20250903020002_6b6de866253e4a8ea86805f213285543.jpeg
JC1PB4D0,2025.9.2,바지,https://cloudfront.laundrygo.com/smartfactory/smartfactory_20250903084008_31f08f2c20a84564869d2d9c5bcd259a.jpeg
JC1PB4D0,2025.9.2,바지,https://cloudfront.laundrygo.com/smartfactory/smartfactory_20250903084108_1a222c1eb93b4ed18cd0598cfece0374.jpeg
JC1PB4D0,2025.9.2,바지,https://cloudfront.laundrygo.com/smartfactory/smartfactory_20250903084108_6023d32b813e414284e9679e463dcef5.jpeg
0QEZ4TF1,2025.9.2,바지,https://cloudfront.laundrygo.com/smartfactory/smartfactory_20250903051805_ba2d9db935b24c8b862edee0c3bc71eb.jpeg
NJ5SZABP,2025.9.3,바지,https://cloudfront.laundrygo.com/smartfactory/smartfactory_20250904071807_b51bbb989fe24bcbafe0d61135477f2f.jpeg
EL2TR2R9,2025.9.3,바지,https://cloudfront.laundrygo.com/smartfactory/smartfactory_20250904004500_81283cff9f56401893937344176651e9.jpeg
HALU889P,2025.9.3,바지,https://cloudfront.laundrygo.com/smartfactory/smartfactory_20250904033203_7331b20e24554c4b89d6ef60ae91f559.jpeg
HALU889P,2025.9.3,바지,https://cloudfront.laundrygo.com/smartfactory/smartfactory_20250904033303_afcb09fcc68743018b70336b0d81dabb.jpeg
T8E6FEJW,2025.9.3,바지,https://cloudfront.laundrygo.com/smartfactory/smartfactory_20250904021402_5fcbcccffbb74c2ab75ab39efa22921a.jpeg
T8E6FEJW,2025.9.3,바지,https://cloudfront.laundrygo.com/smartfactory/smartfactory_20250904021402_563e314ca21946229d49b709c748f5a7.jpeg
T8E6FEJW,2025.9.3,바지,https://cloudfront.laundrygo.com/smartfactory/smartfactory_20250904021502_305c4c0701694aaebe3200180f7d1a3c.jpeg
T8E6FEJW,2025.9.3,바지,https://cloudfront.laundrygo.com/smartfactory/smartfactory_20250904021602_eb51873ddab2404192cbd61cc98a7aa2.jpeg
86BNR2K3,2025.9.3,바지,https://cloudfront.laundrygo.com/smartfactory/smartfactory_20250904002200_18c6ad2cd9544793a72524a25ff6e370.jpeg
86BNR2K3,2025.9.3,바지,https://cloudfront.laundrygo.com/smartfactory/smartfactory_20250904002300_c6d5563e44f24c70940400141355ced4.jpeg
86BNR2K3,2025.9.3,바지,https://cloudfront.laundrygo.com/smartfactory/smartfactory_20250904002300_ef6ba202440a4fbda3f3f300f003b0a2.jpeg
72EDSUXD,2025.9.3,바지,https://cloudfront.laundrygo.com/smartfactory/smartfactory_20250904051005_5c08495bf8fd4cf0a4920fa61b9374c9.jpeg
72EDSUXD,2025.9.3,바지,https://cloudfront.laundrygo.com/smartfactory/smartfactory_20250904051205_5606adba44f348babde6defa778cf739.jpeg
72EDSUXD,2025.9.3,바지,https://cloudfront.laundrygo.com/smartfactory/smartfactory_20250904051305_7c775b005322470db8c317fe3ba56542.jpeg
W4JH9RHN,2025.9.3,바지,https://cloudfront.laundrygo.com/smartfactory/smartfactory_20250904044004_959094601dcd4716b4057e9d2b1b09c4.jpeg
W4JH9RHN,2025.9.3,바지,https://cloudfront.laundrygo.com/smartfactory/smartfactory_20250904044104_ff55b135e9e740dc81c5dc26d0ed2be4.jpeg
IXRRIYAJ,2025.9.3,바지,https://cloudfront.laundrygo.com/smartfactory/smartfactory_20250904081708_c5e2ebfb490a494cb324dd437db1963a.jpeg
IXRRIYAJ,2025.9.3,바지,https://cloudfront.laundrygo.com/smartfactory/smartfactory_20250904081808_d822a32808534e149ff2f278c5903ed9.jpeg
IXRRIYAJ,2025.9.3,바지,https://cloudfront.laundrygo.com/smartfactory/smartfactory_20250904081908_5a10fed351114e29b7480fc5de3b1a76.jpeg
IXRRIYAJ,2025.9.3,바지,https://cloudfront.laundrygo.com/smartfactory/smartfactory_20250904082108_deee7fa553fa4d9cbad6688cff4102e2.jpeg
7HDMDDBX,2025.9.4,바지,https://cloudfront.laundrygo.com/smartfactory/smartfactory_20250905063906_3b9f90451ff84df2812c9ef710c6ef4f.jpeg
6FTJ6NJJ,2025.9.4,바지,https://cloudfront.laundrygo.com/smartfactory/smartfactory_20250905111411_4738974463b1476eb2a6a8853380b8eb.jpeg
6FTJ6NJJ,2025.9.4,바지,https://cloudfront.laundrygo.com/smartfactory/smartfactory_20250905111411_7977428d07ec416ab7eaf773f9bd7f31.jpeg
IV9F6UUB,2025.9.4,바지,https://cloudfront.laundrygo.com/smartfactory/smartfactory_20250905023202_4b0fdf845f42453c93ea765755e58d9c.jpeg
X7PTBDGH,2025.9.4,바지,https://cloudfront.laundrygo.com/smartfactory/smartfactory_20250905000900_1ad7e8c9faf24b2399d6eef913946067.jpeg
Y2T4QE83,2025.9.4,바지,https://cloudfront.laundrygo.com/smartfactory/smartfactory_20250905090809_dc098d66b8e24cbc8eea5745948827a7.jpeg
Y2T4QE83,2025.9.4,바지,https://cloudfront.laundrygo.com/smartfactory/smartfactory_20250905090909_e16f4dc2fabf4e87afd932f6a3c9ca6a.jpeg
SHXBN6P7,2025.9.5,바지,https://cloudfront.laundrygo.com/smartfactory/smartfactory_20250906032703_e7ffe36e3b36480aa4a5f8080fe58890.jpeg
YZZ7MWRL,2025.9.5,바지,https://cloudfront.laundrygo.com/smartfactory/smartfactory_20250906002100_f56f72534f044740972929277d2b696f.jpeg
YZZ7MWRL,2025.9.5,바지,https://cloudfront.laundrygo.com/smartfactory/smartfactory_20250906002200_137055a7a3e7472b907c09a83c5f193f.jpeg
GJC2KN3Y,2025.9.5,바지,https://cloudfront.laundrygo.com/smartfactory/smartfactory_20250906013001_eac6b50ad00243f6a17621a988bf9c6c.jpeg
GJC2KN3Y,2025.9.5,바지,https://cloudfront.laundrygo.com/smartfactory/smartfactory_20250906013001_19df13f8db7347848fd848a8a339fb3d.jpeg
5PJTZX7B,2025.9.5,바지,https://cloudfront.laundrygo.com/smartfactory/smartfactory_20250906141014_0d1b8e4223864cfb8f5c8063fbf0221b.jpeg
5PJTZX7B,2025.9.5,바지,https://cloudfront.laundrygo.com/smartfactory/smartfactory_20250906141114_6c5fdd60ee144ba99bd10c05a8c91e61.jpeg
ASJ4Q5WR,2025.9.5,바지,https://cloudfront.laundrygo.com/smartfactory/smartfactory_20250906040804_ad0f8cc57e974b729aa22fddf08482c1.jpeg
ASJ4Q5WR,2025.9.5,바지,https://cloudfront.laundrygo.com/smartfactory/smartfactory_20250906040804_313c04b07a734c4db4ae397f5779b38f.jpeg
2Y5DSM48,2025.9.5,바지,https://cloudfront.laundrygo.com/smartfactory/smartfactory_20250906070607_6f4836618ddd4c9b91e9e822a08386b4.jpeg
PP5GIVG3,2025.9.5,바지,https://cloudfront.laundrygo.com/smartfactory/smartfactory_20250906060206_c089dbd514cf4bbc8404365032c16c70.jpeg
K4H90WNS,2025.9.5,바지,https://cloudfront.laundrygo.com/smartfactory/smartfactory_20250906004200_bfac729df5154a6faa2ce8bd293b27b6.jpeg
K4H90WNS,2025.9.5,바지,https://cloudfront.laundrygo.com/smartfactory/smartfactory_20250906004300_17d4ade23db1493793e5a515ea0ec3a9.jpeg
K4H90WNS,2025.9.5,바지,https://cloudfront.laundrygo.com/smartfactory/smartfactory_20250906004500_f456f5fe0109462cad65841c63357c16.jpeg
K4H90WNS,2025.9.5,바지,https://cloudfront.laundrygo.com/smartfactory/smartfactory_20250906004500_f174ba9f85ee462e9c6b378d2fafa9ba.jpeg
K4H90WNS,2025.9.5,바지,https://cloudfront.laundrygo.com/smartfactory/smartfactory_20250906004600_7e69054bc53044c7a6a1965e20414478.jpeg
QCZ2BL2B,2025.9.5,바지,https://cloudfront.laundrygo.com/smartfactory/smartfactory_20250906012001_a7f54b2315004153bb80232fc58b5d12.jpeg
XBOM2WLP,2025.9.5,바지,https://cloudfront.laundrygo.com/smartfactory/smartfactory_20250906041204_bb6b9aa8a68349e88764216c412d044b.jpeg
XBOM2WLP,2025.9.5,바지,https://cloudfront.laundrygo.com/smartfactory/smartfactory_20250906041204_1c073714aa5e4805a8bd0e3e0582853a.jpeg
BUQT9RB3,2025.9.6,바지,https://cloudfront.laundrygo.com/smartfactory/smartfactory_20250907045204_db27f100bb10463b9a49bbd01804b434.jpeg
GSHKANZM,2025.9.6,바지,https://cloudfront.laundrygo.com/smartfactory/smartfactory_20250907053205_55e6924c441941cd8d74785d56863e50.jpeg
GSHKANZM,2025.9.6,바지,https://cloudfront.laundrygo.com/smartfactory/smartfactory_20250907053205_16391744b2c240f9957cd222bd5e8b59.jpeg
F3FKSYU9,2025.9.6,바지,https://cloudfront.laundrygo.com/smartfactory/smartfactory_20250907051505_28048cca6a6f43ff9e3020b8aca9819b.jpeg
MVTHZ2WK,2025.9.6,바지,https://cloudfront.laundrygo.com/smartfactory/smartfactory_20250907003700_5a65b0c6401645098b4bb95f6eae6501.jpeg
8MC89PTD,2025.9.6,바지,https://cloudfront.laundrygo.com/smartfactory/smartfactory_20250907032703_e3b88b72ead94bffa15d12907c6ca1c8.jpeg
8MC89PTD,2025.9.6,바지,https://cloudfront.laundrygo.com/smartfactory/smartfactory_20250907032803_e58f2478ee4e4a07a1e74313c6dea9bc.jpeg
8MC89PTD,2025.9.6,바지,https://cloudfront.laundrygo.com/smartfactory/smartfactory_20250907032803_3e7994828c9342a49cb67b80d6d95fa9.jpeg
8MC89PTD,2025.9.6,바지,https://cloudfront.laundrygo.com/smartfactory/smartfactory_20250907032803_bc7849ef4c7d4a46a920e3f1f2094737.jpeg
ICNKZ2VE,2025.9.6,바지,https://cloudfront.laundrygo.com/smartfactory/smartfactory_20250907035403_70dcd088a7e848c499f8014f17fd20ab.jpeg
ICNKZ2VE,2025.9.6,바지,https://cloudfront.laundrygo.com/smartfactory/smartfactory_20250907035503_8d7a0c8e52e2486c9982a1d2cfe144c2.jpeg
2R0JSXFA,2025.9.6,바지,https://cloudfront.laundrygo.com/smartfactory/smartfactory_20250907032103_69157ade89ad4e81abc06e9cbfabdcf1.jpeg
2R0JSXFA,2025.9.6,바지,https://cloudfront.laundrygo.com/smartfactory/smartfactory_20250907032103_a4a7141e7dfd44b5b54763162f614880.jpeg
BU5VJDRB,2025.9.6,바지,https://cloudfront.laundrygo.com/smartfactory/smartfactory_20250907074107_1c2a090dfd794058a82d10a72bd788e2.jpeg
MODQ3GT2,2025.9.6,바지,https://cloudfront.laundrygo.com/smartfactory/smartfactory_20250907073107_8b5a11502c2b489495be83d19fd8801b.jpeg
5FYSJ52V,2025.9.6,바지,https://cloudfront.laundrygo.com/smartfactory/smartfactory_20250907054705_be689dbd36c34fd2bafbc1aee63b08fb.jpeg
JC1PB4D0,2025.9.6,바지,https://cloudfront.laundrygo.com/smartfactory/smartfactory_20250907080308_e16e02a192ec43f8a9cca130fb2a86c9.jpeg
JC1PB4D0,2025.9.6,바지,https://cloudfront.laundrygo.com/smartfactory/smartfactory_20250907080508_c3bad2c969434670b94dfe210a61bbd2.jpeg
JC1PB4D0,2025.9.6,바지,https://cloudfront.laundrygo.com/smartfactory/smartfactory_20250907080508_2e2da6166907415780c2a93a055a1112.jpeg
6GS9JIYM,2025.9.6,바지,https://cloudfront.laundrygo.com/smartfactory/smartfactory_20250907170617_9e7e6ee7c93a4c178f3c5ac95734ce5d.jpeg
6GS9JIYM,2025.9.6,바지,https://cloudfront.laundrygo.com/smartfactory/smartfactory_20250907170617_f1c7211e90294f2ca3eabaa8a219c3a5.jpeg
J1MCKRAU,2025.9.6,바지,https://cloudfront.laundrygo.com/smartfactory/smartfactory_20250907050605_87b68322c0e640f7b14bac227520dd4e.jpeg
J1MCKRAU,2025.9.6,바지,https://cloudfront.laundrygo.com/smartfactory/smartfactory_20250907050605_bcb395909ce8494bbb1b0a85bb63efc0.jpeg
BGQD38SR,2025.9.6,바지,https://cloudfront.laundrygo.com/smartfactory/smartfactory_20250907003900_a99b8d144bcb4612919f20a71861bddb.jpeg
BGQD38SR,2025.9.6,바지,https://cloudfront.laundrygo.com/smartfactory/smartfactory_20250907004000_528e995ab8974689992e6d51d3b6c6b3.jpeg
BGQD38SR,2025.9.6,바지,https://cloudfront.laundrygo.com/smartfactory/smartfactory_20250907004000_ad251a2d89584c51a89307068617855f.jpeg
XMLHFOZQ,2025.9.6,바지,https://cloudfront.laundrygo.com/smartfactory/smartfactory_20250907053105_a0ee7145735b408a91cd4d5bf35e19c0.jpeg
XMLHFOZQ,2025.9.6,바지,https://cloudfront.laundrygo.com/smartfactory/smartfactory_20250907053505_2467eb9823354f659b2ce47448803fe3.jpeg
XMLHFOZQ,2025.9.6,바지,https://cloudfront.laundrygo.com/smartfactory/smartfactory_20250907053505_f5fed7aa383b4043b5d8e3bf1aa1884b.jpeg
LUUGZBF5,2025.9.7,바지,https://cloudfront.laundrygo.com/smartfactory/smartfactory_20250908064606_3b39133ce6314bea99749763ae765f01.jpeg
JJBXMWPT,2025.9.7,바지,https://cloudfront.laundrygo.com/smartfactory/smartfactory_20250908043404_4228863eea20411883955f9632892a60.jpeg
FPP9YBNG,2025.9.7,바지,https://cloudfront.laundrygo.com/smartfactory/smartfactory_20250908060806_73f1b85ccda746c895327ecaba7998da.jpeg
FPP9YBNG,2025.9.7,바지,https://cloudfront.laundrygo.com/smartfactory/smartfactory_20250908061006_d23e41e4d7d645a2bea206661ab4d420.jpeg
XHH0DT03,2025.9.7,바지,https://cloudfront.laundrygo.com/smartfactory/smartfactory_20250908050905_a0dd2af0891043908c6c5fadaacf2454.jpeg
CF4EXSN3,2025.9.7,바지,https://cloudfront.laundrygo.com/smartfactory/smartfactory_20250908060006_532c827e57e24de6b938bb9c594faaeb.jpeg
CF4EXSN3,2025.9.7,바지,https://cloudfront.laundrygo.com/smartfactory/smartfactory_20250908060006_b7179007ef8046aa96365459833e71b0.jpeg
CF4EXSN3,2025.9.7,바지,https://cloudfront.laundrygo.com/smartfactory/smartfactory_20250908060106_839d08d14dac4e96958bacd97708a35f.jpeg
CF4EXSN3,2025.9.7,바지,https://cloudfront.laundrygo.com/smartfactory/smartfactory_20250908060506_b0e91cd7567941b685eadd58110f8237.jpeg
CF4EXSN3,2025.9.7,바지,https://cloudfront.laundrygo.com/smartfactory/smartfactory_20250908060506_7e41ae8798a1439eb1c319184b8436b7.jpeg
OJ7AR6QZ,2025.9.7,바지,https://cloudfront.laundrygo.com/smartfactory/smartfactory_20250908091209_6d59314beb6f4d2f866386ea50441076.jpeg
X7PTBDGH,2025.9.7,바지,https://cloudfront.laundrygo.com/smartfactory/smartfactory_20250908014701_554b78cdb3ec418492d11c750d1b121b.jpeg
X7PTBDGH,2025.9.7,바지,https://cloudfront.laundrygo.com/smartfactory/smartfactory_20250908014801_8090053624ec4e0d96382d1fa7aab746.jpeg
ET8D4PJN,2025.9.7,바지,https://cloudfront.laundrygo.com/smartfactory/smartfactory_20250908084908_55a1d69a72f041e793d84b617a025032.jpeg
GVWBKFEI,2025.9.7,바지,https://cloudfront.laundrygo.com/smartfactory/smartfactory_20250908060406_2a47201ed408418a98970e2e146d18e9.jpeg
GVWBKFEI,2025.9.7,바지,https://cloudfront.laundrygo.com/smartfactory/smartfactory_20250908060506_6b6a47a4f9a44c54a4a5d0885911a216.jpeg
GGE6DSVW,2025.9.7,바지,https://cloudfront.laundrygo.com/smartfactory/smartfactory_20250908053105_eced9bf651094138a9295436207b4553.jpeg
GGE6DSVW,2025.9.7,바지,https://cloudfront.laundrygo.com/smartfactory/smartfactory_20250908053105_31dbe6bcd1a141fb9abc51ae27367502.jpeg
HALU889P,2025.9.8,바지,https://cloudfront.laundrygo.com/smartfactory/smartfactory_20250909054505_fbf80ebe5a8e45e59a788aa86698e845.jpeg
J8EKVUY9,2025.9.8,바지,https://cloudfront.laundrygo.com/smartfactory/smartfactory_20250909034803_765946a2af7f4090871a5f759114a12a.jpeg
8L4ANES3,2025.9.8,바지,https://cloudfront.laundrygo.com/smartfactory/smartfactory_20250909011701_541ab2116e2c41ff87f794327f7096e5.jpeg
8L4ANES3,2025.9.8,바지,https://cloudfront.laundrygo.com/smartfactory/smartfactory_20250909011701_46bb6edd94b841c1b31e822976d19f29.jpeg
8L4ANES3,2025.9.8,바지,https://cloudfront.laundrygo.com/smartfactory/smartfactory_20250909011801_e1680e58793c4c4bbb673e5ae1d794f1.jpeg
8L4ANES3,2025.9.8,바지,https://cloudfront.laundrygo.com/smartfactory/smartfactory_20250909011801_fea58c02b9c048f08774ebba1b9ca1f2.jpeg
GVRSSYRJ,2025.9.8,바지,https://cloudfront.laundrygo.com/smartfactory/smartfactory_20250909023002_1dffab97c91444f19b287af012b361e3.jpeg
GVRSSYRJ,2025.9.8,바지,https://cloudfront.laundrygo.com/smartfactory/smartfactory_20250909023102_bb0881ab24124a8f83602b0fa8cae776.jpeg
VRSYKL5V,2025.9.8,바지,https://cloudfront.laundrygo.com/smartfactory/smartfactory_20250909014001_af1e967446db4cd1b2bdf9f36fa477d6.jpeg
VRSYKL5V,2025.9.8,바지,https://cloudfront.laundrygo.com/smartfactory/smartfactory_20250909014101_69db9f98ad0e45a6aa49b038ba69a9dc.jpeg
VRSYKL5V,2025.9.8,바지,https://cloudfront.laundrygo.com/smartfactory/smartfactory_20250909014201_4171ac6429154f9fae0063c1d4200ade.jpeg
T8E6FEJW,2025.9.8,바지,https://cloudfront.laundrygo.com/smartfactory/smartfactory_20250909030203_846308247274475285b6e90db4872889.jpeg
T8E6FEJW,2025.9.8,바지,https://cloudfront.laundrygo.com/smartfactory/smartfactory_20250909030403_9cb5d12befbb49dba82964371579c8e8.jpeg
T8E6FEJW,2025.9.8,바지,https://cloudfront.laundrygo.com/smartfactory/smartfactory_20250909030403_13ea5920df754ba5b6f4d3cb973915dc.jpeg
86BNR2K3,2025.9.8,바지,https://cloudfront.laundrygo.com/smartfactory/smartfactory_20250909052805_f09a6e20276045d9985a0b961a3bf565.jpeg
86BNR2K3,2025.9.8,바지,https://cloudfront.laundrygo.com/smartfactory/smartfactory_20250909052905_eb3254116db74cdaa5630f77488aaca0.jpeg
907MFCA9,2025.9.8,바지,https://cloudfront.laundrygo.com/smartfactory/smartfactory_20250909074507_15221ff181024edea79456a1e3a1a62c.jpeg
907MFCA9,2025.9.8,바지,https://cloudfront.laundrygo.com/smartfactory/smartfactory_20250909074807_11620ae5e1a540968773f25a109613c3.jpeg
W4JH9RHN,2025.9.8,바지,https://cloudfront.laundrygo.com/smartfactory/smartfactory_20250909064806_5b663feb092240778effb7bc030ac81c.jpeg
W4JH9RHN,2025.9.8,바지,https://cloudfront.laundrygo.com/smartfactory/smartfactory_20250909064906_ae0223b9c93b464698400d70b92f258e.jpeg
0QEZ4TF1,2025.9.8,바지,https://cloudfront.laundrygo.com/smartfactory/smartfactory_20250909005800_634617509a12458e80ec73129b60e7d8.jpeg
BUQT9RB3,2025.9.9,바지,https://cloudfront.laundrygo.com/smartfactory/smartfactory_20250910082308_4633f709a5a44e34a476be27356ae682.jpeg
BUQT9RB3,2025.9.9,바지,https://cloudfront.laundrygo.com/smartfactory/smartfactory_20250910082308_ebfcadc5f30d42e3b7fed905c2b0ffb4.jpeg
EL2TR2R9,2025.9.9,바지,https://cloudfront.laundrygo.com/smartfactory/smartfactory_20250910001300_33c1d9427999467fa6c80d9eba904127.jpeg
EL2TR2R9,2025.9.9,바지,https://cloudfront.laundrygo.com/smartfactory/smartfactory_20250910001400_85437cc40eb546cf82039f05fce6e6fc.jpeg
EL2TR2R9,2025.9.9,바지,https://cloudfront.laundrygo.com/smartfactory/smartfactory_20250910001500_e1e29a51338246eb962c245f37899876.jpeg
XBOM2WLP,2025.9.9,바지,https://cloudfront.laundrygo.com/smartfactory/smartfactory_20250910050805_9f07e9c73e184e9eaacfab276693b7f5.jpeg
XBOM2WLP,2025.9.9,바지,https://cloudfront.laundrygo.com/smartfactory/smartfactory_20250910050905_2ea477858d0b4e3194f2aa2e83aa4d04.jpeg
25RM4V07,2025.9.9,바지,https://cloudfront.laundrygo.com/smartfactory/smartfactory_20250910020102_6117ca5cc18a45e8b91ea6df38088510.jpeg
JC1PB4D0,2025.9.9,바지,https://cloudfront.laundrygo.com/smartfactory/smartfactory_20250910091109_020a186525f0479bab75998d93dd1427.jpeg
JC1PB4D0,2025.9.9,바지,https://cloudfront.laundrygo.com/smartfactory/smartfactory_20250910091209_fe730394a5c14b88861ff33f90d900b7.jpeg
J8YGVZLD,2025.9.9,바지,https://cloudfront.laundrygo.com/smartfactory/smartfactory_20250910052905_717a65638baa4ef38bba783edacd3d8b.jpeg
OP8M1AA3,2025.9.9,바지,https://cloudfront.laundrygo.com/smartfactory/smartfactory_20250910022402_5ac29e8c030b48f39a8ca1a1b29365aa.jpeg
GVRSSYRJ,2025.9.10,바지,https://cloudfront.laundrygo.com/smartfactory/smartfactory_20250911015301_532f2b5c7e3c456c84ec29a16e2ac79d.jpeg
6FTJ6NJJ,2025.9.10,바지,https://cloudfront.laundrygo.com/smartfactory/smartfactory_20250911051805_83b4d139c16a46eda7cf9431443c6128.jpeg
6FTJ6NJJ,2025.9.10,바지,https://cloudfront.laundrygo.com/smartfactory/smartfactory_20250911051905_98b4e6548c74427e83d0da5258be7a20.jpeg
6FTJ6NJJ,2025.9.10,바지,https://cloudfront.laundrygo.com/smartfactory/smartfactory_20250911052005_4c1a439d85e24bf3ab80a7cf285b11e3.jpeg
86BNR2K3,2025.9.10,바지,https://cloudfront.laundrygo.com/smartfactory/smartfactory_20250911014801_a7e2785f2bae4048965c54a64e7149c1.jpeg
9SL1YYE4,2025.9.10,바지,https://cloudfront.laundrygo.com/smartfactory/smartfactory_20250911042004_cd4098c76db74a67bc693cf20aaf1fe3.jpeg
IV9F6UUB,2025.9.11,바지,https://cloudfront.laundrygo.com/smartfactory/smartfactory_20250912065506_e8adc224c8f64197984c69da0c847ab9.jpeg
IV9F6UUB,2025.9.11,바지,https://cloudfront.laundrygo.com/smartfactory/smartfactory_20250912065606_6a5c419810e64d6a8f407b8684333547.jpeg
MWZ1GY0S,2025.9.11,바지,https://cloudfront.laundrygo.com/smartfactory/smartfactory_20250912072607_a3b5422986fe4ea797fbb142a328b610.jpeg
W4JH9RHN,2025.9.11,바지,https://cloudfront.laundrygo.com/smartfactory/smartfactory_20250912044404_f048a3e56ef04760a55703eb4715a413.jpeg
W4JH9RHN,2025.9.11,바지,https://cloudfront.laundrygo.com/smartfactory/smartfactory_20250912044404_80ade2d7371742dba3090f530141b093.jpeg
W4JH9RHN,2025.9.11,바지,https://cloudfront.laundrygo.com/smartfactory/smartfactory_20250912044604_600f535ca40a4ad589cfcd6a7d158ea9.jpeg
GJC2KN3Y,2025.9.12,바지,https://cloudfront.laundrygo.com/smartfactory/smartfactory_20250913012201_986c517f7c5e43b4bb2089739470466c.jpeg
GJC2KN3Y,2025.9.12,바지,https://cloudfront.laundrygo.com/smartfactory/smartfactory_20250913012301_cdd7fd276a4c48feb3dcd8129da855fe.jpeg
5PJTZX7B,2025.9.12,바지,https://cloudfront.laundrygo.com/smartfactory/smartfactory_20250913065506_8ccbe4703d9f4f828532b112966c268c.jpeg
5PJTZX7B,2025.9.12,바지,https://cloudfront.laundrygo.com/smartfactory/smartfactory_20250913085508_e68fd01c3b934432bb6016805fc04fb9.jpeg
5PJTZX7B,2025.9.12,바지,https://cloudfront.laundrygo.com/smartfactory/smartfactory_20250913085508_8308b676a3ac43c69a150a028f2e0f3c.jpeg
5PJTZX7B,2025.9.12,바지,https://cloudfront.laundrygo.com/smartfactory/smartfactory_20250913085508_3541ead64d18498e87cebee0b64e0a93.jpeg
5PJTZX7B,2025.9.12,바지,https://cloudfront.laundrygo.com/smartfactory/smartfactory_20250913085608_45ed0ab6479444ba873cac53c6d143a2.jpeg
5PJTZX7B,2025.9.12,바지,https://cloudfront.laundrygo.com/smartfactory/smartfactory_20250913065806_9cb065bf77ff41349af291b012927fa9.jpeg
ASJ4Q5WR,2025.9.12,바지,https://cloudfront.laundrygo.com/smartfactory/smartfactory_20250913014201_579a955198444caf9e245d0c1325e67e.jpeg
ASJ4Q5WR,2025.9.12,바지,https://cloudfront.laundrygo.com/smartfactory/smartfactory_20250913014301_c95d3f93e7c340d29b4d8a082a70cb1a.jpeg
UQAF7PCB,2025.9.12,바지,https://cloudfront.laundrygo.com/smartfactory/smartfactory_20250913082908_4194c6ccc85c4e87b1523a33457e15a8.jpeg
UQAF7PCB,2025.9.12,바지,https://cloudfront.laundrygo.com/smartfactory/smartfactory_20250913083008_d2727dc63c6b4589a9cb9d1ffd6fd9f9.jpeg
UQAF7PCB,2025.9.12,바지,https://cloudfront.laundrygo.com/smartfactory/smartfactory_20250913083008_c0d317fe99f0439db265e9d8967e1980.jpeg
JJBXMWPT,2025.9.12,바지,https://cloudfront.laundrygo.com/smartfactory/smartfactory_20250913051005_f0de2b8f731347448f64485a7996550d.jpeg
JJBXMWPT,2025.9.12,바지,https://cloudfront.laundrygo.com/smartfactory/smartfactory_20250913051005_cd459df3107145cfa7c941834da56269.jpeg
XHH0DT03,2025.9.12,바지,https://cloudfront.laundrygo.com/smartfactory/smartfactory_20250913045204_8bd1f795f5ed45559b4a247fc4167308.jpeg
OJ7AR6QZ,2025.9.12,바지,https://cloudfront.laundrygo.com/smartfactory/smartfactory_20250913094109_b68103403c77447fb49837289d09482a.jpeg
Y2T4QE83,2025.9.12,바지,https://cloudfront.laundrygo.com/smartfactory/smartfactory_20250913111211_01856ed40eca4d9dab841061fb474263.jpeg
5FYSJ52V,2025.9.12,바지,https://cloudfront.laundrygo.com/smartfactory/smartfactory_20250913062506_d66c0b9dd9c541dc9c381c1fe850cbc6.jpeg
IXRRIYAJ,2025.9.12,바지,https://cloudfront.laundrygo.com/smartfactory/smartfactory_20250913081008_7a6a09612c0f40419201304a116f5ec4.jpeg
IXRRIYAJ,2025.9.12,바지,https://cloudfront.laundrygo.com/smartfactory/smartfactory_20250913081108_d195d06703714905a24de765adc21691.jpeg
IXRRIYAJ,2025.9.12,바지,https://cloudfront.laundrygo.com/smartfactory/smartfactory_20250913081408_5900533778c54d07a1063510baa7eaef.jpeg
IXRRIYAJ,2025.9.12,바지,https://cloudfront.laundrygo.com/smartfactory/smartfactory_20250913081508_c1458364b3c142e19270b2151bdba482.jpeg
JC1PB4D0,2025.9.12,바지,https://cloudfront.laundrygo.com/smartfactory/smartfactory_20250913093209_87a3accbd54f40369fd79f85f5fd1578.jpeg
JC1PB4D0,2025.9.12,바지,https://cloudfront.laundrygo.com/smartfactory/smartfactory_20250913093209_2bdd698f038a40c6bf7dde84098efa25.jpeg
JC1PB4D0,2025.9.12,바지,https://cloudfront.laundrygo.com/smartfactory/smartfactory_20250913093309_0a351beb0c2845a9bf62baf441dd7fc3.jpeg
GK9XEPAK,2025.9.12,바지,https://cloudfront.laundrygo.com/smartfactory/smartfactory_20250913072807_71312735a4494f068e5739797dd67d26.jpeg
GSHKANZM,2025.9.13,바지,https://cloudfront.laundrygo.com/smartfactory/smartfactory_20250914061806_e775284d909543e685a5b9d5cbc06ea3.jpeg
MXBK9AFC,2025.9.13,바지,https://cloudfront.laundrygo.com/smartfactory/smartfactory_20250914005700_675911d95ae6409db7083862681dd75e.jpeg
QV78M8P9,2025.9.13,바지,https://cloudfront.laundrygo.com/smartfactory/smartfactory_20250914001600_fb0f2b25d91846d18c17936ff5318d5a.jpeg
76K6BC89,2025.9.13,바지,https://cloudfront.laundrygo.com/smartfactory/smartfactory_20250914033703_fb15617d4544488daec3bfb3daa261df.jpeg
76K6BC89,2025.9.13,바지,https://cloudfront.laundrygo.com/smartfactory/smartfactory_20250914033803_5f199d00e09945f38781deaa62a21e9f.jpeg
86BNR2K3,2025.9.13,바지,https://cloudfront.laundrygo.com/smartfactory/smartfactory_20250914005500_0e079a376b8a4d3e938964992080b825.jpeg
86BNR2K3,2025.9.13,바지,https://cloudfront.laundrygo.com/smartfactory/smartfactory_20250914005600_f2f885669a5545afb8ab9141d8f8b178.jpeg
K4H90WNS,2025.9.13,바지,https://cloudfront.laundrygo.com/smartfactory/smartfactory_20250914073407_5e1ba89050b24014853ce2d9fa43d336.jpeg
K4H90WNS,2025.9.13,바지,https://cloudfront.laundrygo.com/smartfactory/smartfactory_20250914073507_139f926bb600438b85ad79e4c4af5c99.jpeg
K4H90WNS,2025.9.13,바지,https://cloudfront.laundrygo.com/smartfactory/smartfactory_20250914073507_1f74bafd735a42929401171fea62967e.jpeg
K4H90WNS,2025.9.13,바지,https://cloudfront.laundrygo.com/smartfactory/smartfactory_20250914073507_a391280d9fda44938d4d2917fabe95df.jpeg
72EDSUXD,2025.9.13,바지,https://cloudfront.laundrygo.com/smartfactory/smartfactory_20250914084908_62c4d4cb02e94548bfc446824cfef786.jpeg
72EDSUXD,2025.9.13,바지,https://cloudfront.laundrygo.com/smartfactory/smartfactory_20250914085108_87ca4812b5754caa8a75af18681b8e5d.jpeg
72EDSUXD,2025.9.13,바지,https://cloudfront.laundrygo.com/smartfactory/smartfactory_20250914085208_8912ea5785b34417accee5afebda27e0.jpeg
45WXISEL,2025.9.13,바지,https://cloudfront.laundrygo.com/smartfactory/smartfactory_20250914033403_c53f555cf1ff4911bad89c0f0e578fc9.jpeg
BU5VJDRB,2025.9.13,바지,https://cloudfront.laundrygo.com/smartfactory/smartfactory_20250914063306_d14e0b8d94f341c4b7d228cc21227198.jpeg
BU5VJDRB,2025.9.13,바지,https://cloudfront.laundrygo.com/smartfactory/smartfactory_20250914063406_3beb22271d974c258a090c9a2adc03cf.jpeg
XBOM2WLP,2025.9.13,바지,https://cloudfront.laundrygo.com/smartfactory/smartfactory_20250914171717_d8fcc7dd6e084667a5240706750e5c4e.jpeg
XBOM2WLP,2025.9.13,바지,https://cloudfront.laundrygo.com/smartfactory/smartfactory_20250914171717_89ecc0c49779430fa0a848704a06a9af.jpeg
J1MCKRAU,2025.9.13,바지,https://cloudfront.laundrygo.com/smartfactory/smartfactory_20250914054305_c9983c3146774f3fae3cd760a8533ee2.jpeg
J1MCKRAU,2025.9.13,바지,https://cloudfront.laundrygo.com/smartfactory/smartfactory_20250914054305_679efbd98fbf4dc19133e8b4b10cd0a4.jpeg
BGQD38SR,2025.9.13,바지,https://cloudfront.laundrygo.com/smartfactory/smartfactory_20250914073207_eadcd942c4c9453c91d8da4567dbbe1c.jpeg
GGE6DSVW,2025.9.13,바지,https://cloudfront.laundrygo.com/smartfactory/smartfactory_20250914000000_5ee22e7473384abca75b67b727b380c3.jpeg
V9GQSYD8,2025.9.14,바지,https://cloudfront.laundrygo.com/smartfactory/smartfactory_20250915044904_a50233fcbdf64763887fdc0f883657e8.jpeg
T8E6FEJW,2025.9.14,바지,https://cloudfront.laundrygo.com/smartfactory/smartfactory_20250915005000_b265f59242a94be0bfcae55abdb98195.jpeg
T8E6FEJW,2025.9.14,바지,https://cloudfront.laundrygo.com/smartfactory/smartfactory_20250915005100_e71a8fb6df104cf6b1deb2ee7f24de68.jpeg
T8E6FEJW,2025.9.14,바지,https://cloudfront.laundrygo.com/smartfactory/smartfactory_20250915005100_c147113acc1e43f69a034f5dd5033ae0.jpeg
T8E6FEJW,2025.9.14,바지,https://cloudfront.laundrygo.com/smartfactory/smartfactory_20250915005200_b6c84594d8c94b239e779b2d94eb0e24.jpeg
35IPG2VA,2025.9.14,바지,https://cloudfront.laundrygo.com/smartfactory/smartfactory_20250915085008_e6f49b25fb654ec7a4c6db6899cd77d6.jpeg
BUQT9RB3,2025.9.15,바지,https://cloudfront.laundrygo.com/smartfactory/smartfactory_20250917071707_299b353e9a544140b53f908008b00f05.jpeg
BUQT9RB3,2025.9.15,바지,https://cloudfront.laundrygo.com/smartfactory/smartfactory_20250917071807_fa43811329b74277a06dad435b9cdd7d.jpeg
NJ5SZABP,2025.9.15,바지,https://cloudfront.laundrygo.com/smartfactory/smartfactory_20250916014001_81b4442f44984f23aeff75a064e8a320.jpeg
NJ5SZABP,2025.9.15,바지,https://cloudfront.laundrygo.com/smartfactory/smartfactory_20250916014001_46c8c638d09441878eac41d9603a6e2d.jpeg
8MC89PTD,2025.9.15,바지,https://cloudfront.laundrygo.com/smartfactory/smartfactory_20250916013301_07ca8517b2ab4e5e98d62d104dffaf6e.jpeg
8MC89PTD,2025.9.15,바지,https://cloudfront.laundrygo.com/smartfactory/smartfactory_20250916013401_9a79e5461c70471bb0720fce97fb5aad.jpeg
8MC89PTD,2025.9.15,바지,https://cloudfront.laundrygo.com/smartfactory/smartfactory_20250916013401_e09ffdca1fa6459d9436379807861056.jpeg
8MC89PTD,2025.9.15,바지,https://cloudfront.laundrygo.com/smartfactory/smartfactory_20250916013401_e817141b52a1403ab696d1fc2dc3d20d.jpeg
VRSYKL5V,2025.9.15,바지,https://cloudfront.laundrygo.com/smartfactory/smartfactory_20250916065406_d889a861fa6545c8abc58b6bf5c4c0e3.jpeg
907MFCA9,2025.9.15,바지,https://cloudfront.laundrygo.com/smartfactory/smartfactory_20250916071907_6e20412a57b34de3bb80366a3e3d1521.jpeg
907MFCA9,2025.9.15,바지,https://cloudfront.laundrygo.com/smartfactory/smartfactory_20250916072007_eb32495403424d10a69167d0e1b711c5.jpeg
907MFCA9,2025.9.15,바지,https://cloudfront.laundrygo.com/smartfactory/smartfactory_20250916072207_872a69bf0b644a31b951b6183558f8e0.jpeg
907MFCA9,2025.9.15,바지,https://cloudfront.laundrygo.com/smartfactory/smartfactory_20250916072307_8472fef733ef47d59800229d15f4b33d.jpeg
X7PTBDGH,2025.9.15,바지,https://cloudfront.laundrygo.com/smartfactory/smartfactory_20250917082408_680eb86194e84f77b8d97520b3687675.jpeg
JY6ZWQZL,2025.9.15,바지,https://cloudfront.laundrygo.com/smartfactory/smartfactory_20250916014001_bd2b4ddff7614e7db88eec6abb97f80c.jpeg
JY6ZWQZL,2025.9.15,바지,https://cloudfront.laundrygo.com/smartfactory/smartfactory_20250916014201_09b1a3821ae6453d97c0952376cbb1d0.jpeg
25RM4V07,2025.9.15,바지,https://cloudfront.laundrygo.com/smartfactory/smartfactory_20250916034803_574f1cecd76e41f2a6bbe55d3d576d5b.jpeg
25RM4V07,2025.9.15,바지,https://cloudfront.laundrygo.com/smartfactory/smartfactory_20250916034903_a454e84c04504037993e766ccec1df41.jpeg
3ZJHQZX1,2025.9.15,바지,https://cloudfront.laundrygo.com/smartfactory/smartfactory_20250916043004_2d40b014a017422d85da351839e9f066.jpeg
3ZJHQZX1,2025.9.15,바지,https://cloudfront.laundrygo.com/smartfactory/smartfactory_20250916043104_e3a7b7568dd44e07943f38d3b9c653f9.jpeg
3ZJHQZX1,2025.9.15,바지,https://cloudfront.laundrygo.com/smartfactory/smartfactory_20250916043104_7a4b828086894cf9934c1f54f454b802.jpeg
MXBK9AFC,2025.9.16,바지,https://cloudfront.laundrygo.com/smartfactory/smartfactory_20250917012901_b36a33d7b9a9472594eac341331e167d.jpeg
MXBK9AFC,2025.9.16,바지,https://cloudfront.laundrygo.com/smartfactory/smartfactory_20250917013001_ecbb6a093ff14500a51252633ea54339.jpeg
MXBK9AFC,2025.9.16,바지,https://cloudfront.laundrygo.com/smartfactory/smartfactory_20250917013101_5986250eec504b0190643ca328e9d245.jpeg
EL2TR2R9,2025.9.16,바지,https://cloudfront.laundrygo.com/smartfactory/smartfactory_20250917063406_556b85b784b24db3b89f88b5ce61610f.jpeg
EL2TR2R9,2025.9.16,바지,https://cloudfront.laundrygo.com/smartfactory/smartfactory_20250917082408_b98f3777f891461faf92785dbd3b6d96.jpeg
EL2TR2R9,2025.9.16,바지,https://cloudfront.laundrygo.com/smartfactory/smartfactory_20250917082508_e3fbc266988f47099b10bd601d6d2d63.jpeg
EL2TR2R9,2025.9.16,바지,https://cloudfront.laundrygo.com/smartfactory/smartfactory_20250917063706_ad84146e8a024b4281bf4f5071bd404d.jpeg
EL2TR2R9,2025.9.16,바지,https://cloudfront.laundrygo.com/smartfactory/smartfactory_20250917082308_cd3e2812e4774b7386db15b39470e04a.jpeg
EL2TR2R9,2025.9.16,바지,https://cloudfront.laundrygo.com/smartfactory/smartfactory_20250917082308_a6c8e89731db469dae753ce25dd15d73.jpeg
HALU889P,2025.9.16,바지,https://cloudfront.laundrygo.com/smartfactory/smartfactory_20250917014001_e1f0a92aa72442cb80053fb6f0245ce8.jpeg
HALU889P,2025.9.16,바지,https://cloudfront.laundrygo.com/smartfactory/smartfactory_20250917014201_a37031dcec8641d196aee604114e2fc4.jpeg
YZZ7MWRL,2025.9.16,바지,https://cloudfront.laundrygo.com/smartfactory/smartfactory_20250917004300_67531fd2eff34ed8aa6d710c2cbd73c4.jpeg
YZZ7MWRL,2025.9.16,바지,https://cloudfront.laundrygo.com/smartfactory/smartfactory_20250917004300_0296756be9214c3a8b15012a4fde4941.jpeg
YZZ7MWRL,2025.9.16,바지,https://cloudfront.laundrygo.com/smartfactory/smartfactory_20250917004400_0af424a793b34e14a348c65d20b8eb9e.jpeg
86BNR2K3,2025.9.16,바지,https://cloudfront.laundrygo.com/smartfactory/smartfactory_20250917003700_765ca77c0a9f496b9587b1d3769da0f2.jpeg
QCZ2BL2B,2025.9.16,바지,https://cloudfront.laundrygo.com/smartfactory/smartfactory_20250917012501_9061f0f6cb0b4e2b934bc8a7f1ceb159.jpeg
QCZ2BL2B,2025.9.16,바지,https://cloudfront.laundrygo.com/smartfactory/smartfactory_20250917012601_37d09b9c7e954b86b01fb7daa163b5ce.jpeg
QCZ2BL2B,2025.9.16,바지,https://cloudfront.laundrygo.com/smartfactory/smartfactory_20250917012601_94ae0fd1cd56455898ad48339248b8ce.jpeg
IXRRIYAJ,2025.9.16,바지,https://cloudfront.laundrygo.com/smartfactory/smartfactory_20250917090809_1bb313014ab74f37b34fac493e8e793b.jpeg
IXRRIYAJ,2025.9.16,바지,https://cloudfront.laundrygo.com/smartfactory/smartfactory_20250917090909_5f313cd8264145f3b2b587ca98958813.jpeg
IXRRIYAJ,2025.9.16,바지,https://cloudfront.laundrygo.com/smartfactory/smartfactory_20250917091109_99c384725d0044fd89c5a23f466d358e.jpeg
0QEZ4TF1,2025.9.16,바지,https://cloudfront.laundrygo.com/smartfactory/smartfactory_20250917022702_6e33ad347231416bb8fc7abe0a94a81f.jpeg
0QEZ4TF1,2025.9.16,바지,https://cloudfront.laundrygo.com/smartfactory/smartfactory_20250917022702_9ac7eb520ebb42429f8ddac4b19e4b38.jpeg
SHXBN6P7,2025.9.17,바지,https://cloudfront.laundrygo.com/smartfactory/smartfactory_20250918014901_fe5fff2618c94dbfa7de510f23ba9692.jpeg
GJC2KN3Y,2025.9.17,바지,https://cloudfront.laundrygo.com/smartfactory/smartfactory_20250918025902_0e1d767743fb49a1a71131e354e3b860.jpeg
GJC2KN3Y,2025.9.17,바지,https://cloudfront.laundrygo.com/smartfactory/smartfactory_20250918025902_dac7a8509c6a41f8ab2762f8ebf14a23.jpeg
ICNKZ2VE,2025.9.17,바지,https://cloudfront.laundrygo.com/smartfactory/smartfactory_20250918010001_2db4f5a774b5484899e192e8db20cbc6.jpeg
45WXISEL,2025.9.17,바지,https://cloudfront.laundrygo.com/smartfactory/smartfactory_20250918082808_52cf06a9cbfc4242aef95075eae4f440.jpeg
XBOM2WLP,2025.9.17,바지,https://cloudfront.laundrygo.com/smartfactory/smartfactory_20250918015201_47f89cab3d634bb7bc59e874e90fd02f.jpeg
XBOM2WLP,2025.9.17,바지,https://cloudfront.laundrygo.com/smartfactory/smartfactory_20250918015301_6d8c27344f47449b9edc931c5bb5cf1a.jpeg
XBOM2WLP,2025.9.17,바지,https://cloudfront.laundrygo.com/smartfactory/smartfactory_20250918015301_918a64296005434ebda56d90a83351a1.jpeg
Y2T4QE83,2025.9.17,바지,https://cloudfront.laundrygo.com/smartfactory/smartfactory_20250918112111_d6279535ec1a43b28ad6a5a355685774.jpeg
Y2T4QE83,2025.9.17,바지,https://cloudfront.laundrygo.com/smartfactory/smartfactory_20250918112311_51b37d56b5464aad89456e7a3d35951d.jpeg
Y2T4QE83,2025.9.17,바지,https://cloudfront.laundrygo.com/smartfactory/smartfactory_20250918112411_53153a214002487c92f1ea7cb86ac0d9.jpeg
25RM4V07,2025.9.17,바지,https://cloudfront.laundrygo.com/smartfactory/smartfactory_20250918011601_5fde429da1494512bdffc8dbe4d19ce4.jpeg
JC1PB4D0,2025.9.17,바지,https://cloudfront.laundrygo.com/smartfactory/smartfactory_20250918100910_4125f965a082450d8dbae055c30e7a89.jpeg
JC1PB4D0,2025.9.17,바지,https://cloudfront.laundrygo.com/smartfactory/smartfactory_20250918100910_1f82394183894ba4896b7dcc482e672e.jpeg
JC1PB4D0,2025.9.17,바지,https://cloudfront.laundrygo.com/smartfactory/smartfactory_20250918101010_c76fff4551474c53aed023e925a9f125.jpeg
JC1PB4D0,2025.9.17,바지,https://cloudfront.laundrygo.com/smartfactory/smartfactory_20250918101310_cc8335e187f44cba9bb7b913611767e7.jpeg
JC1PB4D0,2025.9.17,바지,https://cloudfront.laundrygo.com/smartfactory/smartfactory_20250918101510_b0a7c872d4dc42ea8692f67057f8b34f.jpeg
UQAF7PCB,2025.9.18,바지,https://cloudfront.laundrygo.com/smartfactory/smartfactory_20250919032403_cef2362ae6244d3f88b5f40b95e3a730.jpeg
UQAF7PCB,2025.9.18,바지,https://cloudfront.laundrygo.com/smartfactory/smartfactory_20250919032403_29132fffd83f4d3c83673386811631ef.jpeg
7HDMDDBX,2025.9.18,바지,https://cloudfront.laundrygo.com/smartfactory/smartfactory_20250919010201_11746f3fde7f4476a84e2debd180d3f9.jpeg
7HDMDDBX,2025.9.18,바지,https://cloudfront.laundrygo.com/smartfactory/smartfactory_20250919010401_e56522db2583458b9e7b955f9b5fc8c9.jpeg
IV9F6UUB,2025.9.18,바지,https://cloudfront.laundrygo.com/smartfactory/smartfactory_20250919015301_98e35107f9f640e187f7d058d0d34471.jpeg
SSVQUE6Q,2025.9.18,바지,https://cloudfront.laundrygo.com/smartfactory/smartfactory_20250919051505_a060e03c33ee4ca3912ba9a334895db8.jpeg
ET8D4PJN,2025.9.18,바지,https://cloudfront.laundrygo.com/smartfactory/smartfactory_20250919071607_38be59a3095048a2bdbd9b78e5a5a8eb.jpeg
ET8D4PJN,2025.9.18,바지,https://cloudfront.laundrygo.com/smartfactory/smartfactory_20250919071707_24190aa4a32e478eaad5b33b575bd791.jpeg
GSHKANZM,2025.9.19,바지,https://cloudfront.laundrygo.com/smartfactory/smartfactory_20250920030503_f364b0cf3a7945e8ac1ac09ef1f56af9.jpeg
K4H90WNS,2025.9.19,바지,https://cloudfront.laundrygo.com/smartfactory/smartfactory_20250920001100_0629a87928514106ae646c90dc80df49.jpeg
K4H90WNS,2025.9.19,바지,https://cloudfront.laundrygo.com/smartfactory/smartfactory_20250920001100_a82fab4a959e478eae85a63aefb6d11b.jpeg
K4H90WNS,2025.9.19,바지,https://cloudfront.laundrygo.com/smartfactory/smartfactory_20250920001200_76dcdf05824640c09da9517fc92493c2.jpeg
K4H90WNS,2025.9.19,바지,https://cloudfront.laundrygo.com/smartfactory/smartfactory_20250920001200_6f46a4ffcd86429482c60d8974d938b8.jpeg
K4H90WNS,2025.9.19,바지,https://cloudfront.laundrygo.com/smartfactory/smartfactory_20250920001200_f051c8f86d264045af1bcaf8717151fc.jpeg
72EDSUXD,2025.9.19,바지,https://cloudfront.laundrygo.com/smartfactory/smartfactory_20250920073507_bfa4a1b7f1c344e3a35d63b8a1204521.jpeg
72EDSUXD,2025.9.19,바지,https://cloudfront.laundrygo.com/smartfactory/smartfactory_20250920073607_73a35da88d8c4bd99282d2ccdd5c61b3.jpeg
V7HCX6D0,2025.9.19,바지,https://cloudfront.laundrygo.com/smartfactory/smartfactory_20250920015201_9714efb9d30b4d1d8de9a4217b3b7f47.jpeg
V7HCX6D0,2025.9.19,바지,https://cloudfront.laundrygo.com/smartfactory/smartfactory_20250920015401_8dfadcb017cb465ea4aa613a67ca48c8.jpeg
IXRRIYAJ,2025.9.19,바지,https://cloudfront.laundrygo.com/smartfactory/smartfactory_20250920060606_76b30a2add374ea691d7c2c44f4503e2.jpeg
IXRRIYAJ,2025.9.19,바지,https://cloudfront.laundrygo.com/smartfactory/smartfactory_20250920060706_7d949e7674134a4684267fc6a566536a.jpeg
IXRRIYAJ,2025.9.19,바지,https://cloudfront.laundrygo.com/smartfactory/smartfactory_20250920060806_5368808ad7d743388730d9f5154bca79.jpeg
R5LA935F,2025.9.19,바지,https://cloudfront.laundrygo.com/smartfactory/smartfactory_20250921100510_64a45dfdb62e4984a48baaeee8426196.jpeg
R5LA935F,2025.9.19,바지,https://cloudfront.laundrygo.com/smartfactory/smartfactory_20250921100510_a8a560d364ab4c718fba21d86e848b5f.jpeg
AZD3BJMZ,2025.9.20,바지,https://cloudfront.laundrygo.com/smartfactory/smartfactory_20250921053905_9406d79e4dbd452d8b892ae418127891.jpeg
AZD3BJMZ,2025.9.20,바지,https://cloudfront.laundrygo.com/smartfactory/smartfactory_20250921053905_3c3d672afbf941c1b3be8ea111aba13a.jpeg
MVTHZ2WK,2025.9.20,바지,https://cloudfront.laundrygo.com/smartfactory/smartfactory_20250921034403_1aad16fd3c4c41f4b10418614e073791.jpeg
8L4ANES3,2025.9.20,바지,https://cloudfront.laundrygo.com/smartfactory/smartfactory_20250921085608_50ead8f0782b4ae3958f191bf58994a2.jpeg
8L4ANES3,2025.9.20,바지,https://cloudfront.laundrygo.com/smartfactory/smartfactory_20250921085708_d83ade24b7ec407a8677305f4b87b19d.jpeg
8L4ANES3,2025.9.20,바지,https://cloudfront.laundrygo.com/smartfactory/smartfactory_20250921085808_2a3e01a8b651469488927656860c923b.jpeg
8L4ANES3,2025.9.20,바지,https://cloudfront.laundrygo.com/smartfactory/smartfactory_20250921085808_d7e1595a0181458d9c0074ed59770088.jpeg
8L4ANES3,2025.9.20,바지,https://cloudfront.laundrygo.com/smartfactory/smartfactory_20250921085808_41f253e11d254a388dd69f3a101f4918.jpeg
8MC89PTD,2025.9.20,바지,https://cloudfront.laundrygo.com/smartfactory/smartfactory_20250921055205_810a78ddefc94aac875d3765ddc3e672.jpeg
8MC89PTD,2025.9.20,바지,https://cloudfront.laundrygo.com/smartfactory/smartfactory_20250921055305_74ec2405208c435da913b8fe9e8d31e3.jpeg
8MC89PTD,2025.9.20,바지,https://cloudfront.laundrygo.com/smartfactory/smartfactory_20250921055305_9bea8642384e4022bfa826197371c31d.jpeg
8MC89PTD,2025.9.20,바지,https://cloudfront.laundrygo.com/smartfactory/smartfactory_20250921055305_739f6329f14841b785ea1148783d5755.jpeg
FPP9YBNG,2025.9.20,바지,https://cloudfront.laundrygo.com/smartfactory/smartfactory_20250921013201_263c5e96e6994ad88900ec48d8e3abef.jpeg
2R0JSXFA,2025.9.20,바지,https://cloudfront.laundrygo.com/smartfactory/smartfactory_20250921044204_aec98021d3674c01a4e6979d548ba701.jpeg
2R0JSXFA,2025.9.20,바지,https://cloudfront.laundrygo.com/smartfactory/smartfactory_20250921044204_3fa36518eff7453e9f91ede5e7c57f2e.jpeg
2R0JSXFA,2025.9.20,바지,https://cloudfront.laundrygo.com/smartfactory/smartfactory_20250921044304_01d60b33c0014b62b9572b29110789ec.jpeg
2R0JSXFA,2025.9.20,바지,https://cloudfront.laundrygo.com/smartfactory/smartfactory_20250921044304_0e158c7d7d3d43fdbd1f50aa43514ff0.jpeg
2R0JSXFA,2025.9.20,바지,https://cloudfront.laundrygo.com/smartfactory/smartfactory_20250921044304_26872670e6934480b6fc5f12bfe00344.jpeg
QCZ2BL2B,2025.9.20,바지,https://cloudfront.laundrygo.com/smartfactory/smartfactory_20250921010701_039c5da8706b4062ac6ed8134ee7748d.jpeg
QCZ2BL2B,2025.9.20,바지,https://cloudfront.laundrygo.com/smartfactory/smartfactory_20250921010801_e2ba1ea1dfe6421fa9340ebb72822aef.jpeg
QCZ2BL2B,2025.9.20,바지,https://cloudfront.laundrygo.com/smartfactory/smartfactory_20250921010801_541d3fd199f24b18a2dc8be46b5793bf.jpeg
QCZ2BL2B,2025.9.20,바지,https://cloudfront.laundrygo.com/smartfactory/smartfactory_20250921010801_21748987d7af4984960af1fcb11c44a3.jpeg
BU5VJDRB,2025.9.20,바지,https://cloudfront.laundrygo.com/smartfactory/smartfactory_20250921053805_71d0385eefb24fde82498de32f8abf53.jpeg
5FYSJ52V,2025.9.20,바지,https://cloudfront.laundrygo.com/smartfactory/smartfactory_20250921060206_887b04dd2c0644ab89dc9bcb1576f9a1.jpeg
W4JH9RHN,2025.9.20,바지,https://cloudfront.laundrygo.com/smartfactory/smartfactory_20250921082308_c799d119112e4a25a896b078fdd0ab07.jpeg
W4JH9RHN,2025.9.20,바지,https://cloudfront.laundrygo.com/smartfactory/smartfactory_20250921082308_5ade22a9adc44a569b68cfbf2953987f.jpeg
J1MCKRAU,2025.9.20,바지,https://cloudfront.laundrygo.com/smartfactory/smartfactory_20250921064206_6e1e5ace1e114f498f21d505ea9e00af.jpeg
J1MCKRAU,2025.9.20,바지,https://cloudfront.laundrygo.com/smartfactory/smartfactory_20250921064306_f1fa299ab6484f5c8ff8bde5867af041.jpeg
GGE6DSVW,2025.9.20,바지,https://cloudfront.laundrygo.com/smartfactory/smartfactory_20250921001700_99b077c23b89483bb8b50bbf5ec55b56.jpeg
GGE6DSVW,2025.9.20,바지,https://cloudfront.laundrygo.com/smartfactory/smartfactory_20250921001700_f0bd041fb02a4a9aa6b0913a87a98740.jpeg
LUUGZBF5,2025.9.21,바지,https://cloudfront.laundrygo.com/smartfactory/smartfactory_20250922081808_a5c87d66c1fc4a56a6d9321c830a6fc5.jpeg
LUUGZBF5,2025.9.21,바지,https://cloudfront.laundrygo.com/smartfactory/smartfactory_20250922082008_40dfa292bdb042e59c1ba16e5e19ce5f.jpeg
MXBK9AFC,2025.9.21,바지,https://cloudfront.laundrygo.com/smartfactory/smartfactory_20250922085308_ec65003c615a4352b8a009d19949dd12.jpeg
J8EKVUY9,2025.9.21,바지,https://cloudfront.laundrygo.com/smartfactory/smartfactory_20250922052805_276cbc26810c48a6b2f51799ef8decea.jpeg
GVRSSYRJ,2025.9.21,바지,https://cloudfront.laundrygo.com/smartfactory/smartfactory_20250922024802_6060f79e2e0e464cad5fa4be20599752.jpeg
76K6BC89,2025.9.21,바지,https://cloudfront.laundrygo.com/smartfactory/smartfactory_20250922045204_3ff3f1a3ced4430bb8a114aa961e1fb2.jpeg
V9GQSYD8,2025.9.21,바지,https://cloudfront.laundrygo.com/smartfactory/smartfactory_20250922025402_b2cc816cb04a4cb196e45be1475738ab.jpeg
T8E6FEJW,2025.9.21,바지,https://cloudfront.laundrygo.com/smartfactory/smartfactory_20250922030803_61fca22514a947b89440e7fab414f55e.jpeg
T8E6FEJW,2025.9.21,바지,https://cloudfront.laundrygo.com/smartfactory/smartfactory_20250922030903_e58ef626e706451f8167b1ee6f69e9a1.jpeg
T8E6FEJW,2025.9.21,바지,https://cloudfront.laundrygo.com/smartfactory/smartfactory_20250922030903_6bffecc24d724252b0e1fa6d1da8a83a.jpeg
T8E6FEJW,2025.9.21,바지,https://cloudfront.laundrygo.com/smartfactory/smartfactory_20250922031103_9f6dfe74126e42739d2187c000b0fe08.jpeg
T8E6FEJW,2025.9.21,바지,https://cloudfront.laundrygo.com/smartfactory/smartfactory_20250922031203_44041071990b4a928b79c110bc1c9581.jpeg
CF4EXSN3,2025.9.21,바지,https://cloudfront.laundrygo.com/smartfactory/smartfactory_20250922035103_013a990e1bb643a89e5f7047be41c9aa.jpeg
CF4EXSN3,2025.9.21,바지,https://cloudfront.laundrygo.com/smartfactory/smartfactory_20250922035103_0cb1086f21064b9693dab187afe81ee3.jpeg
CF4EXSN3,2025.9.21,바지,https://cloudfront.laundrygo.com/smartfactory/smartfactory_20250922035303_d11555e7cce641a596b41537fc08c649.jpeg
XBOM2WLP,2025.9.21,바지,https://cloudfront.laundrygo.com/smartfactory/smartfactory_20250922083408_e5294abbbd8e4a8a9a550d5ad0caec44.jpeg
XBOM2WLP,2025.9.21,바지,https://cloudfront.laundrygo.com/smartfactory/smartfactory_20250922083408_0576df59f65d411da82a9601d34ac075.jpeg
XBOM2WLP,2025.9.21,바지,https://cloudfront.laundrygo.com/smartfactory/smartfactory_20250922083508_1d41ac83eba54885a5bf88f3d22b9717.jpeg
JY6ZWQZL,2025.9.21,바지,https://cloudfront.laundrygo.com/smartfactory/smartfactory_20250922023702_a0cc86a2f5dc4a06904250e5a4c3b36d.jpeg
MODQ3GT2,2025.9.21,바지,https://cloudfront.laundrygo.com/smartfactory/smartfactory_20250922024502_148264e0392c4352acf49abb665bcf65.jpeg
MODQ3GT2,2025.9.21,바지,https://cloudfront.laundrygo.com/smartfactory/smartfactory_20250922024602_b8c8dbc0ed4842a9ba54100c6572d05e.jpeg
JC1PB4D0,2025.9.21,바지,https://cloudfront.laundrygo.com/smartfactory/smartfactory_20250922102310_9dc8e6e7749b4aaa8c2ee07cbac1f0c2.jpeg
JC1PB4D0,2025.9.21,바지,https://cloudfront.laundrygo.com/smartfactory/smartfactory_20250922102710_8f4c7338f7114785965eb39b013186dc.jpeg
JC1PB4D0,2025.9.21,바지,https://cloudfront.laundrygo.com/smartfactory/smartfactory_20250922102810_e65e979bcdd04d2496fb35371e75f579.jpeg
JC1PB4D0,2025.9.21,바지,https://cloudfront.laundrygo.com/smartfactory/smartfactory_20250922102810_3c82a9ff7f7045769bab48882f1ea842.jpeg
JC1PB4D0,2025.9.21,바지,https://cloudfront.laundrygo.com/smartfactory/smartfactory_20250922102810_18ccea46d65741d5a2646867260ddccd.jpeg
JC1PB4D0,2025.9.21,바지,https://cloudfront.laundrygo.com/smartfactory/smartfactory_20250922103010_d78bf31223f14b059449867f01e3d45e.jpeg
6GS9JIYM,2025.9.21,바지,https://cloudfront.laundrygo.com/smartfactory/smartfactory_20250923133713_e435f1293f2844d59444041ddae94377.jpeg
6GS9JIYM,2025.9.21,바지,https://cloudfront.laundrygo.com/smartfactory/smartfactory_20250923133913_858f725c9cf44443ab1bacb0776e20a0.jpeg
VRSYKL5V,2025.9.22,바지,https://cloudfront.laundrygo.com/smartfactory/smartfactory_20250923014801_67e9e830b14448eaaafa3ad872214b19.jpeg
VRSYKL5V,2025.9.22,바지,https://cloudfront.laundrygo.com/smartfactory/smartfactory_20250923015001_b3f2794beb2244188c8008a78b40fb40.jpeg
86BNR2K3,2025.9.22,바지,https://cloudfront.laundrygo.com/smartfactory/smartfactory_20250923070507_be096d5bf8a14c208dd7bcd4a2352e36.jpeg
86BNR2K3,2025.9.22,바지,https://cloudfront.laundrygo.com/smartfactory/smartfactory_20250923070507_cff5efa0d283406287c3c6ec9f9ada96.jpeg
86BNR2K3,2025.9.22,바지,https://cloudfront.laundrygo.com/smartfactory/smartfactory_20250923070607_0b60a9dde73f43faa742f7ed04c7752a.jpeg
SSVQUE6Q,2025.9.22,바지,https://cloudfront.laundrygo.com/smartfactory/smartfactory_20250923064606_f31d827180ad4c0e9523df49508b581f.jpeg
SSVQUE6Q,2025.9.22,바지,https://cloudfront.laundrygo.com/smartfactory/smartfactory_20250923064906_045db935d180463fa032eeed14d9f81b.jpeg
IXRRIYAJ,2025.9.22,바지,https://cloudfront.laundrygo.com/smartfactory/smartfactory_20250923081308_481bbb79124243a09b05f11977a47250.jpeg
IXRRIYAJ,2025.9.22,바지,https://cloudfront.laundrygo.com/smartfactory/smartfactory_20250923081408_cd52101318344fc09e5348c3a464b8c4.jpeg
GGE6DSVW,2025.9.22,바지,https://cloudfront.laundrygo.com/smartfactory/smartfactory_20250923000500_6715b159a7fa4fc0ace148976669306d.jpeg
XMLHFOZQ,2025.9.22,바지,https://cloudfront.laundrygo.com/smartfactory/smartfactory_20250923053605_3622dfff09984ef98da8aa54ff9aa1c6.jpeg
XMLHFOZQ,2025.9.22,바지,https://cloudfront.laundrygo.com/smartfactory/smartfactory_20250923053605_cde5566e9aef4acea465848c4ec8f36b.jpeg
SHXBN6P7,2025.9.23,바지,https://cloudfront.laundrygo.com/smartfactory/smartfactory_20250924001800_9327c96d6a2f49e0b4c4e7acdd47f582.jpeg
EL2TR2R9,2025.9.23,바지,https://cloudfront.laundrygo.com/smartfactory/smartfactory_20250924051105_aafe2b95839b4e52ad56074692206af7.jpeg
EL2TR2R9,2025.9.23,바지,https://cloudfront.laundrygo.com/smartfactory/smartfactory_20250924051205_b1abc935156a4b758371d8c591bf5091.jpeg
EL2TR2R9,2025.9.23,바지,https://cloudfront.laundrygo.com/smartfactory/smartfactory_20250924051305_a81c6c9d47734edda6caf794ca81a9a8.jpeg
XBOM2WLP,2025.9.23,바지,https://cloudfront.laundrygo.com/smartfactory/smartfactory_20250924053605_1aea52068a9549a7b540b2d4840ceb4e.jpeg
XBOM2WLP,2025.9.23,바지,https://cloudfront.laundrygo.com/smartfactory/smartfactory_20250924053605_da589f9301e548e3afa7d3236a13d90d.jpeg
25RM4V07,2025.9.23,바지,https://cloudfront.laundrygo.com/smartfactory/smartfactory_20250924004400_d1f9472f4e874b2dae944586c29d02ba.jpeg
25RM4V07,2025.9.23,바지,https://cloudfront.laundrygo.com/smartfactory/smartfactory_20250924004500_d9e397bcf2dd4988a6620902ebf79057.jpeg
LUUGZBF5,2025.9.24,바지,https://cloudfront.laundrygo.com/smartfactory/smartfactory_20250925015101_e8f5bb40a00a4ed88cd54f6bf62a00b6.jpeg
7HDMDDBX,2025.9.24,바지,https://cloudfront.laundrygo.com/smartfactory/smartfactory_20250925050805_d1552c69eeeb4243b065c82896208540.jpeg
7HDMDDBX,2025.9.24,바지,https://cloudfront.laundrygo.com/smartfactory/smartfactory_20250925051005_999ef57b25ec4d7a9f20e296b0026554.jpeg
7HDMDDBX,2025.9.24,바지,https://cloudfront.laundrygo.com/smartfactory/smartfactory_20250925051005_d5f5129977c34593a84239a752d9e260.jpeg
2Y5DSM48,2025.9.24,바지,https://cloudfront.laundrygo.com/smartfactory/smartfactory_20250925001700_403ebefee8b94363a8274c0369606855.jpeg
2Y5DSM48,2025.9.24,바지,https://cloudfront.laundrygo.com/smartfactory/smartfactory_20250925001700_d364ce4210d346abb428c54689f8fe6d.jpeg
2Y5DSM48,2025.9.24,바지,https://cloudfront.laundrygo.com/smartfactory/smartfactory_20250925001800_50c33aa1b6fa406a975a472b9f0b7291.jpeg
45WXISEL,2025.9.24,바지,https://cloudfront.laundrygo.com/smartfactory/smartfactory_20250925085208_654486f7d8fe4e49b7b0ec692a0f1a19.jpeg
45WXISEL,2025.9.24,바지,https://cloudfront.laundrygo.com/smartfactory/smartfactory_20250925085308_608652a7f34d47b3a806c83ef18d1657.jpeg
45WXISEL,2025.9.24,바지,https://cloudfront.laundrygo.com/smartfactory/smartfactory_20250925085608_6c9b217c96914b3fb8dd922dbb1360d2.jpeg
45WXISEL,2025.9.24,바지,https://cloudfront.laundrygo.com/smartfactory/smartfactory_20250925085908_26cc360e0d5c4f459a6cf8945a5ca47b.jpeg
45WXISEL,2025.9.24,바지,https://cloudfront.laundrygo.com/smartfactory/smartfactory_20250925090109_9742ff9023a649b59f4b21c938957688.jpeg
45WXISEL,2025.9.24,바지,https://cloudfront.laundrygo.com/smartfactory/smartfactory_20250925090309_c87cac250a2443ae89199557a55ea39d.jpeg
Y2T4QE83,2025.9.24,바지,https://cloudfront.laundrygo.com/smartfactory/smartfactory_20250925134813_54f287fa6b3c48eea0ef4a470db99f69.jpeg
Y2T4QE83,2025.9.24,바지,https://cloudfront.laundrygo.com/smartfactory/smartfactory_20250925134913_9328e942c95946589bc5fda1270aa76e.jpeg
Y2T4QE83,2025.9.24,바지,https://cloudfront.laundrygo.com/smartfactory/smartfactory_20250925135013_447d20171ea243abac2b7b75020c71fe.jpeg
NJ5SZABP,2025.9.25,바지,https://cloudfront.laundrygo.com/smartfactory/smartfactory_20250926014901_eb95b12509f64d87bb9a4f73f13b9e31.jpeg
GJC2KN3Y,2025.9.25,바지,https://cloudfront.laundrygo.com/smartfactory/smartfactory_20250926004200_9611e2eff675410a93c061a017c95325.jpeg
GJC2KN3Y,2025.9.25,바지,https://cloudfront.laundrygo.com/smartfactory/smartfactory_20250926004200_985f48f5c5ec4899acf4dad696e6ef6e.jpeg
AZD3BJMZ,2025.9.25,바지,https://cloudfront.laundrygo.com/smartfactory/smartfactory_20250926130313_c7939579fe034ff88a5a475583fb3e23.jpeg
V9GQSYD8,2025.9.25,바지,https://cloudfront.laundrygo.com/smartfactory/smartfactory_20250926012601_3ad7497624404996a9cee911fd34d4ab.jpeg
W4JH9RHN,2025.9.25,바지,https://cloudfront.laundrygo.com/smartfactory/smartfactory_20250926065706_6f77dafb532f41eb85870585d150bd63.jpeg
W4JH9RHN,2025.9.25,바지,https://cloudfront.laundrygo.com/smartfactory/smartfactory_20250926065706_c7081635df4942198db46b579363835b.jpeg
W4JH9RHN,2025.9.25,바지,https://cloudfront.laundrygo.com/smartfactory/smartfactory_20250926065706_3704323f72d941d09f8b637e6bf2721f.jpeg
JC1PB4D0,2025.9.25,바지,https://cloudfront.laundrygo.com/smartfactory/smartfactory_20250926095509_8196beef241b4f61bcb5d453932b18a1.jpeg
JC1PB4D0,2025.9.25,바지,https://cloudfront.laundrygo.com/smartfactory/smartfactory_20250926095609_0d171eda17424687aa1c0d0e2df15f93.jpeg
JC1PB4D0,2025.9.25,바지,https://cloudfront.laundrygo.com/smartfactory/smartfactory_20250926095609_23d870a282534b6f8aad8014788c6304.jpeg
JC1PB4D0,2025.9.25,바지,https://cloudfront.laundrygo.com/smartfactory/smartfactory_20250926095709_bd74ba8371564b48a9ea3408e563782e.jpeg
U2DTD8RO,2025.9.25,바지,https://cloudfront.laundrygo.com/smartfactory/smartfactory_20250926111211_232ba90a95e448eaa3b7c85c35533534.jpeg
BUQT9RB3,2025.9.26,바지,https://cloudfront.laundrygo.com/smartfactory/smartfactory_20250927011001_305407ec65934ddea8e28cb1fee2c865.jpeg
BUQT9RB3,2025.9.26,바지,https://cloudfront.laundrygo.com/smartfactory/smartfactory_20250927011101_fadf6c9a3dbb4fb7b772fa8f5d7e1ad1.jpeg
BUQT9RB3,2025.9.26,바지,https://cloudfront.laundrygo.com/smartfactory/smartfactory_20250927011101_55d430c8b15f4529b78b353ed1fbe41b.jpeg
7FNBXTGJ,2025.9.26,바지,https://cloudfront.laundrygo.com/smartfactory/smartfactory_20250927023302_56de86887db442f99d77e16619dccbec.jpeg
7FNBXTGJ,2025.9.26,바지,https://cloudfront.laundrygo.com/smartfactory/smartfactory_20250927023402_19422fc0e4cc448ca01fe240c1df53ce.jpeg
5PJTZX7B,2025.9.26,바지,https://cloudfront.laundrygo.com/smartfactory/smartfactory_20250927075007_429a0e4fa5bb4fd68e887390a0b9f587.jpeg
5PJTZX7B,2025.9.26,바지,https://cloudfront.laundrygo.com/smartfactory/smartfactory_20250927075107_1c410749a41b4f5f8644f6266ff22581.jpeg
5PJTZX7B,2025.9.26,바지,https://cloudfront.laundrygo.com/smartfactory/smartfactory_20250927083108_b0bdb292c3c94f399da571273fa24a9d.jpeg
5PJTZX7B,2025.9.26,바지,https://cloudfront.laundrygo.com/smartfactory/smartfactory_20250927083108_ee9a3cde72084886aef0cc93d9f93218.jpeg
5PJTZX7B,2025.9.26,바지,https://cloudfront.laundrygo.com/smartfactory/smartfactory_20250927075307_9b57671158ac4e559011292fe0549c02.jpeg
QV78M8P9,2025.9.26,바지,https://cloudfront.laundrygo.com/smartfactory/smartfactory_20250927005500_a4140be25e5149b6ab68c206ff187ebd.jpeg
76K6BC89,2025.9.26,바지,https://cloudfront.laundrygo.com/smartfactory/smartfactory_20250927000300_1ae9dd24562847c3976f3635e1dc7ef6.jpeg
76K6BC89,2025.9.26,바지,https://cloudfront.laundrygo.com/smartfactory/smartfactory_20250927000300_27ad4dc482c442249eb31eeb79c57261.jpeg
OJ7AR6QZ,2025.9.26,바지,https://cloudfront.laundrygo.com/smartfactory/smartfactory_20250927085608_e15ade8fb94e4f06ad9281446b9b0898.jpeg
OJ7AR6QZ,2025.9.26,바지,https://cloudfront.laundrygo.com/smartfactory/smartfactory_20250927085808_ea8a310a362e471f951e8b372386b04a.jpeg
XBOM2WLP,2025.9.26,바지,https://cloudfront.laundrygo.com/smartfactory/smartfactory_20250927054805_c7d569cde5624eb89836a6d3cd53e8ba.jpeg
XBOM2WLP,2025.9.26,바지,https://cloudfront.laundrygo.com/smartfactory/smartfactory_20250927054805_d1472204f5524ead9382d9e87c538987.jpeg
XBOM2WLP,2025.9.26,바지,https://cloudfront.laundrygo.com/smartfactory/smartfactory_20250927054905_1de62e62f7124b9db21c5668a956f871.jpeg
MWZ1GY0S,2025.9.26,바지,https://cloudfront.laundrygo.com/smartfactory/smartfactory_20250927074107_2e5fc61f26af4f76b59e4b541f04daf2.jpeg
5FYSJ52V,2025.9.26,바지,https://cloudfront.laundrygo.com/smartfactory/smartfactory_20250927073307_a3afbc797c8443489bd82884b4b5fbba.jpeg
GVWBKFEI,2025.9.26,바지,https://cloudfront.laundrygo.com/smartfactory/smartfactory_20250927090809_c94cb3eed86948968fed100f22307a03.jpeg
GVWBKFEI,2025.9.26,바지,https://cloudfront.laundrygo.com/smartfactory/smartfactory_20250927090809_205ca38a51c44bef98f6f7882205b391.jpeg
GVWBKFEI,2025.9.26,바지,https://cloudfront.laundrygo.com/smartfactory/smartfactory_20250927090809_367a1e8816a14fd390fb5afe392eccd8.jpeg
0QEZ4TF1,2025.9.26,바지,https://cloudfront.laundrygo.com/smartfactory/smartfactory_20250927082708_2d3c0dfc1b31489f8271fa6eb56c6847.jpeg
845ETACN,2025.9.26,바지,https://cloudfront.laundrygo.com/smartfactory/smartfactory_20250928100610_8ba72c9b193640af9f9d135df468f106.jpeg
SHXBN6P7,2025.9.27,바지,https://cloudfront.laundrygo.com/smartfactory/smartfactory_20250928011201_3f76cb6ae93d4ef8882930086490cc89.jpeg
SHXBN6P7,2025.9.27,바지,https://cloudfront.laundrygo.com/smartfactory/smartfactory_20250928011301_b2d6d672cf7d41369a9db4d0660fbf44.jpeg
GSHKANZM,2025.9.27,바지,https://cloudfront.laundrygo.com/smartfactory/smartfactory_20250928010601_350fa1c749604968ae83fbd69ff3c360.jpeg
GSHKANZM,2025.9.27,바지,https://cloudfront.laundrygo.com/smartfactory/smartfactory_20250928010701_5bbacaa96c24494aa2ac5919200b1e0a.jpeg
EL2TR2R9,2025.9.27,바지,https://cloudfront.laundrygo.com/smartfactory/smartfactory_20250928011601_fe7ec98b78bc4240ab0c144a75c9d637.jpeg
EL2TR2R9,2025.9.27,바지,https://cloudfront.laundrygo.com/smartfactory/smartfactory_20250928011601_19850397d10d4d87b3264df6454e233a.jpeg
HALU889P,2025.9.27,바지,https://cloudfront.laundrygo.com/smartfactory/smartfactory_20250928065806_2373d512c9264f26aaabe7053c0e6faa.jpeg
HALU889P,2025.9.27,바지,https://cloudfront.laundrygo.com/smartfactory/smartfactory_20250928065906_ddea840df7f341ea998fa934767a9ce9.jpeg
HALU889P,2025.9.27,바지,https://cloudfront.laundrygo.com/smartfactory/smartfactory_20250928071407_41640809eac943a08fd25611a870c3b7.jpeg
HALU889P,2025.9.27,바지,https://cloudfront.laundrygo.com/smartfactory/smartfactory_20250928071507_968d9f750aa34fefbb7d30afdd0e2e68.jpeg
HALU889P,2025.9.27,바지,https://cloudfront.laundrygo.com/smartfactory/smartfactory_20250928072807_62a709ab4d974246927b6ccd6aaa7199.jpeg
YZZ7MWRL,2025.9.27,바지,https://cloudfront.laundrygo.com/smartfactory/smartfactory_20250928052305_3f50fde19bc145179e6e61a57bd017fb.jpeg
YZZ7MWRL,2025.9.27,바지,https://cloudfront.laundrygo.com/smartfactory/smartfactory_20250928052405_95d9a6537804481f849b8f34555b1346.jpeg
YZZ7MWRL,2025.9.27,바지,https://cloudfront.laundrygo.com/smartfactory/smartfactory_20250928052405_3be7b17a5c5241b49daf94594e3191b5.jpeg
YZZ7MWRL,2025.9.27,바지,https://cloudfront.laundrygo.com/smartfactory/smartfactory_20250928052505_72e11dad53634f6fa630e24f34cc730c.jpeg
3YGPHYZV,2025.9.27,바지,https://cloudfront.laundrygo.com/smartfactory/smartfactory_20250928070007_3e390e0332e74d7d9bea4ebd2d2cebd0.jpeg
ASJ4Q5WR,2025.9.27,바지,https://cloudfront.laundrygo.com/smartfactory/smartfactory_20250928025702_415cb9a59dae4662b1e0a1b4794ea8c1.jpeg
ASJ4Q5WR,2025.9.27,바지,https://cloudfront.laundrygo.com/smartfactory/smartfactory_20250928025702_4710c40a501448f3b077d957a89df745.jpeg
ASJ4Q5WR,2025.9.27,바지,https://cloudfront.laundrygo.com/smartfactory/smartfactory_20250928025702_9e3af92ff13b4135b8f672dffba20252.jpeg
8L4ANES3,2025.9.27,바지,https://cloudfront.laundrygo.com/smartfactory/smartfactory_20250928084908_5be7af8a21ed43b0b1a5dd844eca9eba.jpeg
8L4ANES3,2025.9.27,바지,https://cloudfront.laundrygo.com/smartfactory/smartfactory_20250928085008_fb48acbeebda44d5a389827d1f0a2e0d.jpeg
8L4ANES3,2025.9.27,바지,https://cloudfront.laundrygo.com/smartfactory/smartfactory_20250928085008_dc6eafdbb5864ccdbdb70fe405d6581a.jpeg
8L4ANES3,2025.9.27,바지,https://cloudfront.laundrygo.com/smartfactory/smartfactory_20250928085108_5c75199092b346cebe5e1a5a64e21527.jpeg
8L4ANES3,2025.9.27,바지,https://cloudfront.laundrygo.com/smartfactory/smartfactory_20250928085108_a376b4babc0f4aa98e40c5d0b44484f1.jpeg
8L4ANES3,2025.9.27,바지,https://cloudfront.laundrygo.com/smartfactory/smartfactory_20250928085208_55adac8f984843b294a59d2e73271186.jpeg
JJBXMWPT,2025.9.27,바지,https://cloudfront.laundrygo.com/smartfactory/smartfactory_20250928034703_17e0a0b80a54437d8543272f7885450c.jpeg
JJBXMWPT,2025.9.27,바지,https://cloudfront.laundrygo.com/smartfactory/smartfactory_20250928034703_40e17863b4ef4d90afbba5a1d5dba6a2.jpeg
JJBXMWPT,2025.9.27,바지,https://cloudfront.laundrygo.com/smartfactory/smartfactory_20250928034803_cebc0a6bd3e649f581ed8b1ae7b9f642.jpeg
8MC89PTD,2025.9.27,바지,https://cloudfront.laundrygo.com/smartfactory/smartfactory_20250928075707_88d7502a8e434ef68cd7d32d9329132b.jpeg
8MC89PTD,2025.9.27,바지,https://cloudfront.laundrygo.com/smartfactory/smartfactory_20250928075707_7731493517de493c861c2d01561e798b.jpeg
8MC89PTD,2025.9.27,바지,https://cloudfront.laundrygo.com/smartfactory/smartfactory_20250928075707_07004d96377d46228f0ab06f68424e28.jpeg
8MC89PTD,2025.9.27,바지,https://cloudfront.laundrygo.com/smartfactory/smartfactory_20250928075807_e2b1ceb061bf42b7ba8db5600fd1515f.jpeg
8MC89PTD,2025.9.27,바지,https://cloudfront.laundrygo.com/smartfactory/smartfactory_20250928075907_3e64f70f19964bada9d62e54256d5b0a.jpeg
GVRSSYRJ,2025.9.27,바지,https://cloudfront.laundrygo.com/smartfactory/smartfactory_20250928015501_b505ccd59b674e518705c7f794cf6074.jpeg
6FTJ6NJJ,2025.9.27,바지,https://cloudfront.laundrygo.com/smartfactory/smartfactory_20250928012301_c518c2da7403469ea8a2c7785e73bf0d.jpeg
K4H90WNS,2025.9.27,바지,https://cloudfront.laundrygo.com/smartfactory/smartfactory_20250928004400_dd769f59b8714733b5316d86c9b23015.jpeg
K4H90WNS,2025.9.27,바지,https://cloudfront.laundrygo.com/smartfactory/smartfactory_20250928004400_bffc9b1005a74f03b20f76dc5d2e88c2.jpeg
K4H90WNS,2025.9.27,바지,https://cloudfront.laundrygo.com/smartfactory/smartfactory_20250928004400_04e130da920b4fdda94d39c2766594b9.jpeg
K4H90WNS,2025.9.27,바지,https://cloudfront.laundrygo.com/smartfactory/smartfactory_20250928004500_cf2a3202f32d4fe199f72e34cdb3a1bf.jpeg
K4H90WNS,2025.9.27,바지,https://cloudfront.laundrygo.com/smartfactory/smartfactory_20250928004500_8e7507bb918a49a2918dd944b935bcc9.jpeg
K4H90WNS,2025.9.27,바지,https://cloudfront.laundrygo.com/smartfactory/smartfactory_20250928004500_0da4c65b16eb4a40bd710d380a2b06b8.jpeg
72EDSUXD,2025.9.27,바지,https://cloudfront.laundrygo.com/smartfactory/smartfactory_20250928053705_33ed5520db334aae8046d894281425f2.jpeg
72EDSUXD,2025.9.27,바지,https://cloudfront.laundrygo.com/smartfactory/smartfactory_20250928053705_775e19be1fe644efaf6525f73af9b790.jpeg
72EDSUXD,2025.9.27,바지,https://cloudfront.laundrygo.com/smartfactory/smartfactory_20250928053805_a8286f743f954782a48e9a7ee77b1e90.jpeg
MODQ3GT2,2025.9.27,바지,https://cloudfront.laundrygo.com/smartfactory/smartfactory_20250928071707_695aea41015f4533a6a3b6944298124d.jpeg
MODQ3GT2,2025.9.27,바지,https://cloudfront.laundrygo.com/smartfactory/smartfactory_20250928071807_e613badc8bcc4de58ae7f6c9067aace1.jpeg
6GS9JIYM,2025.9.27,바지,https://cloudfront.laundrygo.com/smartfactory/smartfactory_20250929162316_9545b38b6a144f42a87fc6b402e52cd4.jpeg
FPP9YBNG,2025.9.28,바지,https://cloudfront.laundrygo.com/smartfactory/smartfactory_20250929005000_6ec58a41a15941a5b2686bc3e58ce848.jpeg
FPP9YBNG,2025.9.28,바지,https://cloudfront.laundrygo.com/smartfactory/smartfactory_20250929005100_a55b9996fba24fa3aa1cf0b5f69afe0c.jpeg
9SL1YYE4,2025.9.28,바지,https://cloudfront.laundrygo.com/smartfactory/smartfactory_20250929043504_f8d7ad3d738c41968482c17253a00716.jpeg
9SL1YYE4,2025.9.28,바지,https://cloudfront.laundrygo.com/smartfactory/smartfactory_20250929043604_13f745a98cf648fda2f89ebf1f477a92.jpeg
2R0JSXFA,2025.9.28,바지,https://cloudfront.laundrygo.com/smartfactory/smartfactory_20250929032003_234ccd004b2b49f9833f8a2c9dd892dd.jpeg
2R0JSXFA,2025.9.28,바지,https://cloudfront.laundrygo.com/smartfactory/smartfactory_20250929032003_6bec080cea6c444490218e037bae3635.jpeg
2R0JSXFA,2025.9.28,바지,https://cloudfront.laundrygo.com/smartfactory/smartfactory_20250929032103_6d502afb0f3c4c12bca3e9356f047b41.jpeg
XBOM2WLP,2025.9.28,바지,https://cloudfront.laundrygo.com/smartfactory/smartfactory_20250929082208_e2a4e138e3d9494cbd1e3c991b689665.jpeg
XBOM2WLP,2025.9.28,바지,https://cloudfront.laundrygo.com/smartfactory/smartfactory_20250929082208_6a1d953288664d1e807215b524c2563e.jpeg
XBOM2WLP,2025.9.28,바지,https://cloudfront.laundrygo.com/smartfactory/smartfactory_20250929082308_1489fecfdd92478389ba7ca329d525c9.jpeg
JY6ZWQZL,2025.9.28,바지,https://cloudfront.laundrygo.com/smartfactory/smartfactory_20250929042504_3e62a3ff2d6e41328dad16052efdf0f2.jpeg
JY6ZWQZL,2025.9.28,바지,https://cloudfront.laundrygo.com/smartfactory/smartfactory_20250929042704_585c3433a92a45b7a8ce34f2fab075b0.jpeg
JC1PB4D0,2025.9.28,바지,https://cloudfront.laundrygo.com/smartfactory/smartfactory_20250929123312_33fc9eb814834593b3eb5cb91b677e0e.jpeg
JC1PB4D0,2025.9.28,바지,https://cloudfront.laundrygo.com/smartfactory/smartfactory_20250929123412_430d39f20d434887bcfa1403db0f477b.jpeg
JC1PB4D0,2025.9.28,바지,https://cloudfront.laundrygo.com/smartfactory/smartfactory_20250929123512_68d2c8ee121b494fbae9ef2a898c8c68.jpeg
JC1PB4D0,2025.9.28,바지,https://cloudfront.laundrygo.com/smartfactory/smartfactory_20250929123612_e3c040ff40ba4bbdb786b86d0f991025.jpeg
GGE6DSVW,2025.9.28,바지,https://cloudfront.laundrygo.com/smartfactory/smartfactory_20250929001300_0c2e46f0a92141599bc998c944707a71.jpeg
GGE6DSVW,2025.9.28,바지,https://cloudfront.laundrygo.com/smartfactory/smartfactory_20250929001300_3fc964fdefac45dcaf278092f2784f0e.jpeg
J8EKVUY9,2025.9.29,바지,https://cloudfront.laundrygo.com/smartfactory/smartfactory_20250930095509_8795aaf880b94246be69f671c1bdaa86.jpeg
J8EKVUY9,2025.9.29,바지,https://cloudfront.laundrygo.com/smartfactory/smartfactory_20250930095709_a5851e0deed4412195244cbf75acbdc4.jpeg
XACKZLB8,2025.9.29,바지,https://cloudfront.laundrygo.com/smartfactory/smartfactory_20250930045804_627d472901724a71a776530f959274e9.jpeg
VRSYKL5V,2025.9.29,바지,https://cloudfront.laundrygo.com/smartfactory/smartfactory_20250930074607_4a51e5614c15494394912405e533dc71.jpeg
V9GQSYD8,2025.9.29,바지,https://cloudfront.laundrygo.com/smartfactory/smartfactory_20250930050105_357d09c5f3ee49f894cd926d6c33a6f5.jpeg
T8E6FEJW,2025.9.29,바지,https://cloudfront.laundrygo.com/smartfactory/smartfactory_20250930032703_e8051c201a214c289f445ad27e8d0b62.jpeg
T8E6FEJW,2025.9.29,바지,https://cloudfront.laundrygo.com/smartfactory/smartfactory_20250930032803_299193945fe842f2ad4b3e3e1de65e3e.jpeg
T8E6FEJW,2025.9.29,바지,https://cloudfront.laundrygo.com/smartfactory/smartfactory_20250930032803_8de9f4d22c5540cd8473da45c40a33ac.jpeg
T8E6FEJW,2025.9.29,바지,https://cloudfront.laundrygo.com/smartfactory/smartfactory_20250930032803_72a393fd61be47a283fc1e02130e4b0a.jpeg
T8E6FEJW,2025.9.29,바지,https://cloudfront.laundrygo.com/smartfactory/smartfactory_20250930032803_42db242f604a4bdd8cbf328f6f5ef839.jpeg
T8E6FEJW,2025.9.29,바지,https://cloudfront.laundrygo.com/smartfactory/smartfactory_20250930032903_10356176ff5f4157abd8e7bdb0a54d8d.jpeg
T8E6FEJW,2025.9.29,바지,https://cloudfront.laundrygo.com/smartfactory/smartfactory_20250930033003_d4fac97e50f2462992ae49d39b27ffeb.jpeg
ICNKZ2VE,2025.9.29,바지,https://cloudfront.laundrygo.com/smartfactory/smartfactory_20250930034903_3b4a599da6444723a4f877c062550d02.jpeg
907MFCA9,2025.9.29,바지,https://cloudfront.laundrygo.com/smartfactory/smartfactory_20250930054405_ebc5fc1073b142c2bbd750bc4605236b.jpeg
907MFCA9,2025.9.29,바지,https://cloudfront.laundrygo.com/smartfactory/smartfactory_20250930054505_6f5e2b9ca8cf47c581c540a88a303f1d.jpeg
907MFCA9,2025.9.29,바지,https://cloudfront.laundrygo.com/smartfactory/smartfactory_20250930054505_87e9db0f1d7042f4ad0717ef8aed124b.jpeg
45WXISEL,2025.9.29,바지,https://cloudfront.laundrygo.com/smartfactory/smartfactory_20250930090909_d6c78e0ba4f34b8398d7858143d2349b.jpeg
45WXISEL,2025.9.29,바지,https://cloudfront.laundrygo.com/smartfactory/smartfactory_20250930091109_a05568a050064a7289715f3954f8eed0.jpeg
SSVQUE6Q,2025.9.29,바지,https://cloudfront.laundrygo.com/smartfactory/smartfactory_20250930072707_944d3adc180b4af5b6829f2098f6be31.jpeg
SHXBN6P7,2025.9.30,바지,https://cloudfront.laundrygo.com/smartfactory/smartfactory_20251001022602_69a12b4340114baebfc1b0fa2e1d31fc.jpeg
XHH0DT03,2025.9.30,바지,https://cloudfront.laundrygo.com/smartfactory/smartfactory_20251001053605_c5b40873e304404f97aceb3d544bb622.jpeg
CF4EXSN3,2025.9.30,바지,https://cloudfront.laundrygo.com/smartfactory/smartfactory_20251001002200_2c5d1eedfb254d5ab489fac03c107528.jpeg
CF4EXSN3,2025.9.30,바지,https://cloudfront.laundrygo.com/smartfactory/smartfactory_20251001002200_4c41579625534e73b9416a0991d3fa5e.jpeg
CF4EXSN3,2025.9.30,바지,https://cloudfront.laundrygo.com/smartfactory/smartfactory_20251001002500_16916ea8921548a989bcd729b3f792ce.jpeg
CF4EXSN3,2025.9.30,바지,https://cloudfront.laundrygo.com/smartfactory/smartfactory_20251001002500_2740be115f5e4545945dae2408f8acdf.jpeg
Y2T4QE83,2025.9.30,바지,https://cloudfront.laundrygo.com/smartfactory/smartfactory_20251001164016_51676d7e0ae3467eb33c8c4ec1c1a825.jpeg
J8YGVZLD,2025.9.30,바지,https://cloudfront.laundrygo.com/smartfactory/smartfactory_20251001122712_4bbdaf0afed04e6ab55e3d54e2bbc9ff.jpeg
J1MCKRAU,2025.9.30,바지,https://cloudfront.laundrygo.com/smartfactory/smartfactory_20251001070307_57af422c5a904e7dac96b917d7bfbba6.jpeg
R5LA935F,2025.9.30,바지,https://cloudfront.laundrygo.com/smartfactory/smartfactory_20251002012501_3c0d7bcbed384dbc9929ae90592a8233.jpeg
R5LA935F,2025.9.30,바지,https://cloudfront.laundrygo.com/smartfactory/smartfactory_20251002012501_31aa1f45862a48b6b9c9f5b02bbcf554.jpeg
LUUGZBF5,2025.10.1,바지,https://cloudfront.laundrygo.com/smartfactory/smartfactory_20251003092909_0ab4ced4350841eda32cca3aaa186157.jpeg
MXBK9AFC,2025.10.1,바지,https://cloudfront.laundrygo.com/smartfactory/smartfactory_20251002073507_521d95557a754038a9211cf20057ecb0.jpeg
MXBK9AFC,2025.10.1,바지,https://cloudfront.laundrygo.com/smartfactory/smartfactory_20251002073507_873e87dcca7143a0887824d993905db9.jpeg
6DLQGTBF,2025.10.1,바지,https://cloudfront.laundrygo.com/smartfactory/smartfactory_20251002004000_d4e70b8960b0484ab7badc6f686d4930.jpeg
V9GQSYD8,2025.10.1,바지,https://cloudfront.laundrygo.com/smartfactory/smartfactory_20251002041204_cd54c238ea0c4ad18569ef650c053ada.jpeg
35IPG2VA,2025.10.1,바지,https://cloudfront.laundrygo.com/smartfactory/smartfactory_20251002011501_3c8efd5f0b1a4a298159041a314eace3.jpeg
BU5VJDRB,2025.10.1,바지,https://cloudfront.laundrygo.com/smartfactory/smartfactory_20251002044004_121e586f90644b9883c2fe4cb5fadfd9.jpeg
5FYSJ52V,2025.10.1,바지,https://cloudfront.laundrygo.com/smartfactory/smartfactory_20251002081208_c5978921d56b426ba303ce7ccc18a26f.jpeg
JC1PB4D0,2025.10.1,바지,https://cloudfront.laundrygo.com/smartfactory/smartfactory_20251002085008_44104949e2aa436eb7b8516d65c5bfb2.jpeg
JC1PB4D0,2025.10.1,바지,https://cloudfront.laundrygo.com/smartfactory/smartfactory_20251002085108_408e998a60334e0f8e7311057a66a1da.jpeg
JC1PB4D0,2025.10.1,바지,https://cloudfront.laundrygo.com/smartfactory/smartfactory_20251002090209_27ebbca569ee45c0ba8422698b4d63c2.jpeg
JC1PB4D0,2025.10.1,바지,https://cloudfront.laundrygo.com/smartfactory/smartfactory_20251002090209_879036a0d02d4cbbadca9e2e37939713.jpeg
6GS9JIYM,2025.10.1,바지,https://cloudfront.laundrygo.com/smartfactory/smartfactory_20251003151015_c16d2141e9f64acf82d889d3f7573c38.jpeg
6GS9JIYM,2025.10.1,바지,https://cloudfront.laundrygo.com/smartfactory/smartfactory_20251003152115_bd2ef60d3e614bbebdf54c2edb101267.jpeg
GVRSSYRJ,2025.10.2,바지,https://cloudfront.laundrygo.com/smartfactory/smartfactory_20251003021202_c590df9d4b09421e8b482cb784a35170.jpeg
GVRSSYRJ,2025.10.2,바지,https://cloudfront.laundrygo.com/smartfactory/smartfactory_20251003021202_eb36a32a6551409da121daec9a166e87.jpeg
QV78M8P9,2025.10.2,바지,https://cloudfront.laundrygo.com/smartfactory/smartfactory_20251003014801_df9033d82f6846fe9a6fefc5c6eaf36d.jpeg
QCZ2BL2B,2025.10.2,바지,https://cloudfront.laundrygo.com/smartfactory/smartfactory_20251003021202_a0d7351723d64787a1187b95ef1cae77.jpeg
QCZ2BL2B,2025.10.2,바지,https://cloudfront.laundrygo.com/smartfactory/smartfactory_20251003021202_81b0d62cf0434ef0b8c3ffbc80cf3355.jpeg
QCZ2BL2B,2025.10.2,바지,https://cloudfront.laundrygo.com/smartfactory/smartfactory_20251003021302_612e7054e1724170824deab7fe1a3cab.jpeg
OJ7AR6QZ,2025.10.2,바지,https://cloudfront.laundrygo.com/smartfactory/smartfactory_20251003100610_d3447b1b6f974ceaa502286f92f98201.jpeg
OJ7AR6QZ,2025.10.2,바지,https://cloudfront.laundrygo.com/smartfactory/smartfactory_20251003100710_7bfe19e1e69b408497f7fa41f2848ce6.jpeg
OJ7AR6QZ,2025.10.2,바지,https://cloudfront.laundrygo.com/smartfactory/smartfactory_20251003100810_0bd14104d2514dbda58de69e73e96079.jpeg
OJ7AR6QZ,2025.10.2,바지,https://cloudfront.laundrygo.com/smartfactory/smartfactory_20251003100910_d0160a97dbcd416aaa45cb9ba05900f1.jpeg
W4JH9RHN,2025.10.2,바지,https://cloudfront.laundrygo.com/smartfactory/smartfactory_20251003052105_b31c6bb2246e4631a9d94c7bfd0c0cb9.jpeg
W4JH9RHN,2025.10.2,바지,https://cloudfront.laundrygo.com/smartfactory/smartfactory_20251003052205_c966e57fad7c4a048e2ed6bd53cc09fc.jpeg
W4JH9RHN,2025.10.2,바지,https://cloudfront.laundrygo.com/smartfactory/smartfactory_20251003052205_b266c818d8e34609ba568f0fb0dc7924.jpeg
W4JH9RHN,2025.10.2,바지,https://cloudfront.laundrygo.com/smartfactory/smartfactory_20251003052405_1d59ea953029493db917c99da94bdc8f.jpeg
8L4ANES3,2025.10.3,바지,https://cloudfront.laundrygo.com/smartfactory/smartfactory_20251004083008_090fa0c89e3844ba8ba8826499f4552d.jpeg
8L4ANES3,2025.10.3,바지,https://cloudfront.laundrygo.com/smartfactory/smartfactory_20251004083108_77a7dd6226644bcfbb1bd1a9c6fabe34.jpeg
JJBXMWPT,2025.10.3,바지,https://cloudfront.laundrygo.com/smartfactory/smartfactory_20251004052105_4c1fa5c7c07f4eaabd308129804ab189.jpeg
8MC89PTD,2025.10.3,바지,https://cloudfront.laundrygo.com/smartfactory/smartfactory_20251004021902_a4cb25da688042c3962d24eb2c192b43.jpeg
8MC89PTD,2025.10.3,바지,https://cloudfront.laundrygo.com/smartfactory/smartfactory_20251004022002_489bf7f7873f49609e25bb4d1d8077de.jpeg
8MC89PTD,2025.10.3,바지,https://cloudfront.laundrygo.com/smartfactory/smartfactory_20251004022002_2dbb894100bc420fbcfb3afce8726e59.jpeg
8MC89PTD,2025.10.3,바지,https://cloudfront.laundrygo.com/smartfactory/smartfactory_20251004022002_5b26adec29554a8ea3151cf9c005073e.jpeg
8MC89PTD,2025.10.3,바지,https://cloudfront.laundrygo.com/smartfactory/smartfactory_20251004022102_e31ade156c6e4d0cbe36fd6f662486d9.jpeg
XHH0DT03,2025.10.3,바지,https://cloudfront.laundrygo.com/smartfactory/smartfactory_20251004054805_35a6baa5a674448b885a24601629157a.jpeg
XHH0DT03,2025.10.3,바지,https://cloudfront.laundrygo.com/smartfactory/smartfactory_20251004054805_b46a70415b2a46558f18a04c528b80ca.jpeg
72EDSUXD,2025.10.3,바지,https://cloudfront.laundrygo.com/smartfactory/smartfactory_20251004063906_0c9b2ca972a74fef93db5fcd120f6bc7.jpeg
45WXISEL,2025.10.3,바지,https://cloudfront.laundrygo.com/smartfactory/smartfactory_20251004031103_1138936aae68477684baa815f158fdb8.jpeg
IXRRIYAJ,2025.10.3,바지,https://cloudfront.laundrygo.com/smartfactory/smartfactory_20251004060106_73dde64db95e4c3588be1aebcd5e7c8c.jpeg
IXRRIYAJ,2025.10.3,바지,https://cloudfront.laundrygo.com/smartfactory/smartfactory_20251004060206_4ac535efb034402ea1806dec4c46a968.jpeg
IXRRIYAJ,2025.10.3,바지,https://cloudfront.laundrygo.com/smartfactory/smartfactory_20251004060306_238a0549763d449abb9d046cc1a39739.jpeg
JC1PB4D0,2025.10.3,바지,https://cloudfront.laundrygo.com/smartfactory/smartfactory_20251004082208_3832d7a491e140b28d4d409798b905f9.jpeg
EL2TR2R9,2025.10.7,바지,https://cloudfront.laundrygo.com/smartfactory/smartfactory_20251008083808_4974f845075f4a56b645f2de98a89865.jpeg
EL2TR2R9,2025.10.7,바지,https://cloudfront.laundrygo.com/smartfactory/smartfactory_20251008084108_a8e945ab4c634dc4bd56d9dbcfbcf411.jpeg
EL2TR2R9,2025.10.7,바지,https://cloudfront.laundrygo.com/smartfactory/smartfactory_20251008103110_c18dd77d87f842ff9fe008eb0edb7ec6.jpeg
EL2TR2R9,2025.10.7,바지,https://cloudfront.laundrygo.com/smartfactory/smartfactory_20251008103110_ea685438488940a89aa0731779588f8a.jpeg
EL2TR2R9,2025.10.7,바지,https://cloudfront.laundrygo.com/smartfactory/smartfactory_20251008084308_1698b064839943bbbd3ccdeac0c6c93a.jpeg
EL2TR2R9,2025.10.7,바지,https://cloudfront.laundrygo.com/smartfactory/smartfactory_20251008084408_3c074a04a6114210b2c74fccc00c95af.jpeg
EL2TR2R9,2025.10.7,바지,https://cloudfront.laundrygo.com/smartfactory/smartfactory_20251008103810_bb84713d51984122ad918ca4dfd04dcb.jpeg
EL2TR2R9,2025.10.7,바지,https://cloudfront.laundrygo.com/smartfactory/smartfactory_20251008103810_f0de6c65d1894dd7aa457c2005175ea6.jpeg
EL2TR2R9,2025.10.7,바지,https://cloudfront.laundrygo.com/smartfactory/smartfactory_20251008103810_d2a36fc7fdac4c6eb000c511abb5e9c4.jpeg
EL2TR2R9,2025.10.7,바지,https://cloudfront.laundrygo.com/smartfactory/smartfactory_20251008103810_69fe1f8102a14ed49d331523fa252894.jpeg
EL2TR2R9,2025.10.7,바지,https://cloudfront.laundrygo.com/smartfactory/smartfactory_20251008103910_8f8b06ccff7d4aaa96fa405b6fe4ed66.jpeg
EL2TR2R9,2025.10.7,바지,https://cloudfront.laundrygo.com/smartfactory/smartfactory_20251008084708_7e9e1228611645148c4abbd4c3b1ba41.jpeg
EL2TR2R9,2025.10.7,바지,https://cloudfront.laundrygo.com/smartfactory/smartfactory_20251008084708_64a4a04f8ec24ee1b6bcdd55d4ce6a5c.jpeg
5PJTZX7B,2025.10.7,바지,https://cloudfront.laundrygo.com/smartfactory/smartfactory_20251008071707_63997f12d23345bdb704e865a4a5056d.jpeg
5PJTZX7B,2025.10.7,바지,https://cloudfront.laundrygo.com/smartfactory/smartfactory_20251008071707_8a84e6c989144b489c58bfd833b876ee.jpeg
5PJTZX7B,2025.10.7,바지,https://cloudfront.laundrygo.com/smartfactory/smartfactory_20251008071907_5ec7e22099ec406e87bdfc2b4e8c90ea.jpeg
5PJTZX7B,2025.10.7,바지,https://cloudfront.laundrygo.com/smartfactory/smartfactory_20251008072107_6de756a4cdd44453b38c7c4d72941e02.jpeg
ASJ4Q5WR,2025.10.7,바지,https://cloudfront.laundrygo.com/smartfactory/smartfactory_20251008095309_cfde13ee768f4c3293a13c8c4f480b22.jpeg
7HDMDDBX,2025.10.7,바지,https://cloudfront.laundrygo.com/smartfactory/smartfactory_20251008062506_ffc6a877e4e2447e802c4e0b695efd85.jpeg
7HDMDDBX,2025.10.7,바지,https://cloudfront.laundrygo.com/smartfactory/smartfactory_20251008062506_14dd370baa08435eb9f4af231867657d.jpeg
7HDMDDBX,2025.10.7,바지,https://cloudfront.laundrygo.com/smartfactory/smartfactory_20251008062606_99dc5d947be84afc8eb533cee8c3c8d7.jpeg
7HDMDDBX,2025.10.7,바지,https://cloudfront.laundrygo.com/smartfactory/smartfactory_20251008062606_f380e8a899674c6d9b86c83b89206aca.jpeg
VRSYKL5V,2025.10.7,바지,https://cloudfront.laundrygo.com/smartfactory/smartfactory_20251008024602_660e81686bf74e24b935bddf5ed3f750.jpeg
2Y5DSM48,2025.10.7,바지,https://cloudfront.laundrygo.com/smartfactory/smartfactory_20251008044804_efe2974fad6b4304bc5e463524a11297.jpeg
2Y5DSM48,2025.10.7,바지,https://cloudfront.laundrygo.com/smartfactory/smartfactory_20251008044904_833490c3bc624985bd3e54b97434a0c5.jpeg
V9GQSYD8,2025.10.7,바지,https://cloudfront.laundrygo.com/smartfactory/smartfactory_20251008004400_6ee0045261c74a83b61bb7fb53943b3d.jpeg
V9GQSYD8,2025.10.7,바지,https://cloudfront.laundrygo.com/smartfactory/smartfactory_20251008004600_841de9f296944e19a83dd55927e5169d.jpeg
T8E6FEJW,2025.10.7,바지,https://cloudfront.laundrygo.com/smartfactory/smartfactory_20251008011601_6a90d452cef1423d98b14f5cbccaec63.jpeg
T8E6FEJW,2025.10.7,바지,https://cloudfront.laundrygo.com/smartfactory/smartfactory_20251008011701_28ecf78ca97943a58fa0fdd09ece1335.jpeg
86BNR2K3,2025.10.7,바지,https://cloudfront.laundrygo.com/smartfactory/smartfactory_20251008175417_3c40bdba54ed40e581fb297e2f86ed31.jpeg
86BNR2K3,2025.10.7,바지,https://cloudfront.laundrygo.com/smartfactory/smartfactory_20251008175517_5a9845ee921847c2bb607120f5c41036.jpeg
86BNR2K3,2025.10.7,바지,https://cloudfront.laundrygo.com/smartfactory/smartfactory_20251008175517_e351fd20d69c418ea9f86a57c56b3050.jpeg
2R0JSXFA,2025.10.7,바지,https://cloudfront.laundrygo.com/smartfactory/smartfactory_20251008090309_399ee6ec8b4543f9b0c7dd2276759e52.jpeg
2R0JSXFA,2025.10.7,바지,https://cloudfront.laundrygo.com/smartfactory/smartfactory_20251008090409_0dffc61a775943b1b958bb80ababb2e1.jpeg
2R0JSXFA,2025.10.7,바지,https://cloudfront.laundrygo.com/smartfactory/smartfactory_20251008090409_494d564f623645bbabb2e12fc02d13d0.jpeg
2R0JSXFA,2025.10.7,바지,https://cloudfront.laundrygo.com/smartfactory/smartfactory_20251008090509_364080be0ec44ae7beafa061ff456e23.jpeg
2R0JSXFA,2025.10.7,바지,https://cloudfront.laundrygo.com/smartfactory/smartfactory_20251008090509_bb8d79a3c54b44fd96af46d4f0bcbd69.jpeg
2R0JSXFA,2025.10.7,바지,https://cloudfront.laundrygo.com/smartfactory/smartfactory_20251008090609_050189dbe05f4c92a180a9f34d5d67b1.jpeg
45WXISEL,2025.10.7,바지,https://cloudfront.laundrygo.com/smartfactory/smartfactory_20251008141114_583a2a06ce4f46a99ec4422fccd22f1f.jpeg
45WXISEL,2025.10.7,바지,https://cloudfront.laundrygo.com/smartfactory/smartfactory_20251008141114_c615e80f6b56449e8e359881808d021c.jpeg
45WXISEL,2025.10.7,바지,https://cloudfront.laundrygo.com/smartfactory/smartfactory_20251008141114_b6ffb394c36d46ac9c0bee8c955697f8.jpeg
45WXISEL,2025.10.7,바지,https://cloudfront.laundrygo.com/smartfactory/smartfactory_20251008141214_6bca386f957f4ac78eac5ac20f123f56.jpeg
45WXISEL,2025.10.7,바지,https://cloudfront.laundrygo.com/smartfactory/smartfactory_20251008141214_b41594f9f60742ff851a495ddb8555d8.jpeg
45WXISEL,2025.10.7,바지,https://cloudfront.laundrygo.com/smartfactory/smartfactory_20251008141214_128930958d924bfd913b7b35e47525de.jpeg
SSVQUE6Q,2025.10.7,바지,https://cloudfront.laundrygo.com/smartfactory/smartfactory_20251008114311_22145ac3b9964a1ca145ec0c1b2b9dd8.jpeg
SSVQUE6Q,2025.10.7,바지,https://cloudfront.laundrygo.com/smartfactory/smartfactory_20251008114311_cd7998195167487bb99e5af9d7be1d7f.jpeg
BU5VJDRB,2025.10.7,바지,https://cloudfront.laundrygo.com/smartfactory/smartfactory_20251008052805_bf26759b4ed344eca0bf99f2be9bad1b.jpeg
BU5VJDRB,2025.10.7,바지,https://cloudfront.laundrygo.com/smartfactory/smartfactory_20251008052905_befde6b66e9a407a8ef1b25bd5b398a0.jpeg
XBOM2WLP,2025.10.7,바지,https://cloudfront.laundrygo.com/smartfactory/smartfactory_20251008093009_930c27da105a4c34826026dab90e5481.jpeg
XBOM2WLP,2025.10.7,바지,https://cloudfront.laundrygo.com/smartfactory/smartfactory_20251008093309_aa1ba0a7e7a646b4897028b173788f45.jpeg
XBOM2WLP,2025.10.7,바지,https://cloudfront.laundrygo.com/smartfactory/smartfactory_20251008093409_a5100d3a078e48ba802c624b7d39c072.jpeg
XBOM2WLP,2025.10.7,바지,https://cloudfront.laundrygo.com/smartfactory/smartfactory_20251008093409_eee7bc0ecc944bf6b12c84bec555691c.jpeg
XBOM2WLP,2025.10.7,바지,https://cloudfront.laundrygo.com/smartfactory/smartfactory_20251008093509_7bd34d5abc6741a1981bda310100de9c.jpeg
XBOM2WLP,2025.10.7,바지,https://cloudfront.laundrygo.com/smartfactory/smartfactory_20251008093609_209fde8725734ec0801444efc8d32405.jpeg
JY6ZWQZL,2025.10.7,바지,https://cloudfront.laundrygo.com/smartfactory/smartfactory_20251008010401_197b8b9169604e2da4a67b12c9593d2c.jpeg
25RM4V07,2025.10.7,바지,https://cloudfront.laundrygo.com/smartfactory/smartfactory_20251008095309_8bd359ebe9e8466b95ef875e3c88dfcf.jpeg
U2DTD8RO,2025.10.7,바지,https://cloudfront.laundrygo.com/smartfactory/smartfactory_20251008141714_b891ff8babd14ba78484d93f7ba7486d.jpeg
GGE6DSVW,2025.10.7,바지,https://cloudfront.laundrygo.com/smartfactory/smartfactory_20251008021802_4c175cce67d0468f92a8f50489713d00.jpeg
BUQT9RB3,2025.10.8,바지,https://cloudfront.laundrygo.com/smartfactory/smartfactory_20251010185118_a96c5a7e43ff4a6e81bef856432f7c5c.jpeg
JC1PB4D0,2025.10.8,바지,https://cloudfront.laundrygo.com/smartfactory/smartfactory_20251009100910_17fd55133822436786e5d311381be264.jpeg
JC1PB4D0,2025.10.8,바지,https://cloudfront.laundrygo.com/smartfactory/smartfactory_20251009101010_d8ce8ec9808c4ad2b96d3b51f8a06768.jpeg
JC1PB4D0,2025.10.8,바지,https://cloudfront.laundrygo.com/smartfactory/smartfactory_20251009101110_cdda8ca5787d4629ae4bbd24f7a10090.jpeg
XMLHFOZQ,2025.10.8,바지,https://cloudfront.laundrygo.com/smartfactory/smartfactory_20251009043604_977eda05b0f2449d894c3dcb36cab7be.jpeg
XMLHFOZQ,2025.10.8,바지,https://cloudfront.laundrygo.com/smartfactory/smartfactory_20251009043704_0b86737c9acb4214a190e363b7417eb0.jpeg
3ZJHQZX1,2025.10.8,바지,https://cloudfront.laundrygo.com/smartfactory/smartfactory_20251009094009_46d81a28d7da44ed9ace00daa95f11c6.jpeg
3ZJHQZX1,2025.10.8,바지,https://cloudfront.laundrygo.com/smartfactory/smartfactory_20251009094109_414ebfa04029439e85d2893d147f75e7.jpeg
3ZJHQZX1,2025.10.8,바지,https://cloudfront.laundrygo.com/smartfactory/smartfactory_20251009094309_d3c9ea9287b843dc9087c7175c63a95b.jpeg
3ZJHQZX1,2025.10.8,바지,https://cloudfront.laundrygo.com/smartfactory/smartfactory_20251009094409_87eacf5a40904563b222c8eb993624b9.jpeg
3ZJHQZX1,2025.10.8,바지,https://cloudfront.laundrygo.com/smartfactory/smartfactory_20251009094409_6188f47e12a7479f9aee8c61f59e6f6b.jpeg
3ZJHQZX1,2025.10.8,바지,https://cloudfront.laundrygo.com/smartfactory/smartfactory_20251009094609_6f5590f9904140dcbcfa0944fa49419e.jpeg
3ZJHQZX1,2025.10.8,바지,https://cloudfront.laundrygo.com/smartfactory/smartfactory_20251009094809_0e1d361895e9485b85aade0ee5ef9772.jpeg
HALU889P,2025.10.9,바지,https://cloudfront.laundrygo.com/smartfactory/smartfactory_20251010074907_6a5876ef6b1d4a968c12079498e21f67.jpeg
HALU889P,2025.10.9,바지,https://cloudfront.laundrygo.com/smartfactory/smartfactory_20251010075007_aa7084bb047e4afeb9f27cbe5048b668.jpeg
HALU889P,2025.10.9,바지,https://cloudfront.laundrygo.com/smartfactory/smartfactory_20251010075107_4226c8a6adaa457386a1a28c6ffee524.jpeg
HALU889P,2025.10.9,바지,https://cloudfront.laundrygo.com/smartfactory/smartfactory_20251010075107_bb331ce255674f359e5a133efbb3a4e5.jpeg
J8EKVUY9,2025.10.9,바지,https://cloudfront.laundrygo.com/smartfactory/smartfactory_20251010081408_22fa3217f2eb43cc9565bc1ca249116c.jpeg
J8EKVUY9,2025.10.9,바지,https://cloudfront.laundrygo.com/smartfactory/smartfactory_20251010081508_2a8d7911ffbb4c9ab31d822052e9aca6.jpeg
J8EKVUY9,2025.10.9,바지,https://cloudfront.laundrygo.com/smartfactory/smartfactory_20251010081608_3568a605da394126849c2740e606fd4e.jpeg
UQAF7PCB,2025.10.9,바지,https://cloudfront.laundrygo.com/smartfactory/smartfactory_20251011112811_bdd447671b03418fb8e37b22953eb80e.jpeg
UQAF7PCB,2025.10.9,바지,https://cloudfront.laundrygo.com/smartfactory/smartfactory_20251011113211_47adc2f36d4f4c06b69bb074dc54d200.jpeg
6FTJ6NJJ,2025.10.9,바지,https://cloudfront.laundrygo.com/smartfactory/smartfactory_20251012094709_d4687f62514a45838f8c09d17d860dcb.jpeg
9SL1YYE4,2025.10.9,바지,https://cloudfront.laundrygo.com/smartfactory/smartfactory_20251010092609_564cca920b5c4f8f823b1307dd6222aa.jpeg
IV9F6UUB,2025.10.9,바지,https://cloudfront.laundrygo.com/smartfactory/smartfactory_20251010054705_37e74aa881954ac28a1060aa43046cae.jpeg
K4H90WNS,2025.10.9,바지,https://cloudfront.laundrygo.com/smartfactory/smartfactory_20251010010101_4e22647fd9e648a9a7c438686fd17ca4.jpeg
K4H90WNS,2025.10.9,바지,https://cloudfront.laundrygo.com/smartfactory/smartfactory_20251010010201_23de5dc67d084b58b5c1930f4096543b.jpeg
K4H90WNS,2025.10.9,바지,https://cloudfront.laundrygo.com/smartfactory/smartfactory_20251010010201_348666491d62406eb83f39f3b56ff2c4.jpeg
K4H90WNS,2025.10.9,바지,https://cloudfront.laundrygo.com/smartfactory/smartfactory_20251010010301_9f4114172993453caa2ddee4daaa3b46.jpeg
K4H90WNS,2025.10.9,바지,https://cloudfront.laundrygo.com/smartfactory/smartfactory_20251010010301_5cc8c740468d439891b0ab3ec956292b.jpeg
R5LA935F,2025.10.9,바지,https://cloudfront.laundrygo.com/smartfactory/smartfactory_20251011011401_56a0c475bcf340c488f55c6c413f840a.jpeg
R5LA935F,2025.10.9,바지,https://cloudfront.laundrygo.com/smartfactory/smartfactory_20251011011401_4ac422dd187143d186b33037d91d0140.jpeg
NJ5SZABP,2025.10.10,바지,https://cloudfront.laundrygo.com/smartfactory/smartfactory_20251011030503_b0e6bfef353a46f196b83d81431694d0.jpeg
EL2TR2R9,2025.10.10,바지,https://cloudfront.laundrygo.com/smartfactory/smartfactory_20251011025702_5b6424fcb7d748b8a01e595423bf3bf4.jpeg
QV78M8P9,2025.10.10,바지,https://cloudfront.laundrygo.com/smartfactory/smartfactory_20251011002000_f839790365994f41a22610fa6dcc2555.jpeg
QV78M8P9,2025.10.10,바지,https://cloudfront.laundrygo.com/smartfactory/smartfactory_20251011002000_fa839c75c3dc44af89f1933b06a3eb2d.jpeg
QV78M8P9,2025.10.10,바지,https://cloudfront.laundrygo.com/smartfactory/smartfactory_20251011002200_93edc57c53b64ec6bbc90bc794225786.jpeg
CF4EXSN3,2025.10.10,바지,https://cloudfront.laundrygo.com/smartfactory/smartfactory_20251011071807_f5c858edbe5549f8b89569cea6e43dd1.jpeg
CF4EXSN3,2025.10.10,바지,https://cloudfront.laundrygo.com/smartfactory/smartfactory_20251011072107_8139b3af50d34f28a70aa44bad055087.jpeg
CF4EXSN3,2025.10.10,바지,https://cloudfront.laundrygo.com/smartfactory/smartfactory_20251011072107_431e6cbb5e694ef68abdb40a592ffb84.jpeg
45WXISEL,2025.10.10,바지,https://cloudfront.laundrygo.com/smartfactory/smartfactory_20251011132513_ec1b010dba714ef59aabbb35f3463c88.jpeg
45WXISEL,2025.10.10,바지,https://cloudfront.laundrygo.com/smartfactory/smartfactory_20251011132713_3ab14edcf53a446cac4ca8c48c6fb38c.jpeg
45WXISEL,2025.10.10,바지,https://cloudfront.laundrygo.com/smartfactory/smartfactory_20251011133013_64892818f2ae404d9c21e5a50d280c65.jpeg
BU5VJDRB,2025.10.10,바지,https://cloudfront.laundrygo.com/smartfactory/smartfactory_20251011075907_00e4c5df1fc84266acf89682123afc3f.jpeg
GVWBKFEI,2025.10.10,바지,https://cloudfront.laundrygo.com/smartfactory/smartfactory_20251011025102_523e2544f87f46778894b36905716020.jpeg
LUUGZBF5,2025.10.11,바지,https://cloudfront.laundrygo.com/smartfactory/smartfactory_20251014135613_abcc34b7a3074433b9f8f29eafb24111.jpeg
GSHKANZM,2025.10.11,바지,https://cloudfront.laundrygo.com/smartfactory/smartfactory_20251012013901_1ed8eb4fdc364bdfaca5dfb551e0a185.jpeg
GSHKANZM,2025.10.11,바지,https://cloudfront.laundrygo.com/smartfactory/smartfactory_20251012013901_951139ca276b4e219ec95c47c7caba0f.jpeg
MXBK9AFC,2025.10.11,바지,https://cloudfront.laundrygo.com/smartfactory/smartfactory_20251012015701_2c5d5db79b974524b430e6dd6faebf0f.jpeg
MXBK9AFC,2025.10.11,바지,https://cloudfront.laundrygo.com/smartfactory/smartfactory_20251012015701_24cd85aa5d7b425d8a2a49fbcf0e6ec1.jpeg
GJC2KN3Y,2025.10.11,바지,https://cloudfront.laundrygo.com/smartfactory/smartfactory_20251012014601_d44f111447d6484c9d09e000fc9769e8.jpeg
MVTHZ2WK,2025.10.11,바지,https://cloudfront.laundrygo.com/smartfactory/smartfactory_20251012002400_d36c1253886145faae681b14e35db84d.jpeg
MVTHZ2WK,2025.10.11,바지,https://cloudfront.laundrygo.com/smartfactory/smartfactory_20251012002500_9d3fe0656f884f04b540df32156e1058.jpeg
XACKZLB8,2025.10.11,바지,https://cloudfront.laundrygo.com/smartfactory/smartfactory_20251012072807_e75b8ba0ce64448c86ad0d8710e5615f.jpeg
25RM4V07,2025.10.11,바지,https://cloudfront.laundrygo.com/smartfactory/smartfactory_20251012014301_03e8dd7f52a64e398e8a3afac5ea8879.jpeg
25RM4V07,2025.10.11,바지,https://cloudfront.laundrygo.com/smartfactory/smartfactory_20251012014401_34403badc0524a99ba623df9197285ba.jpeg
25RM4V07,2025.10.11,바지,https://cloudfront.laundrygo.com/smartfactory/smartfactory_20251012014401_9fb46b35192943098293d1596f35ac88.jpeg
GK9XEPAK,2025.10.11,바지,https://cloudfront.laundrygo.com/smartfactory/smartfactory_20251012035003_2aca6ccd08e040f29476f89a8c5816f4.jpeg
7FNBXTGJ,2025.10.12,바지,https://cloudfront.laundrygo.com/smartfactory/smartfactory_20251013071007_c02547cef5a14b759a17f708e9555bf6.jpeg
YZZ7MWRL,2025.10.12,바지,https://cloudfront.laundrygo.com/smartfactory/smartfactory_20251013035103_513d87e5320245e6b6809e52c14f6195.jpeg
YZZ7MWRL,2025.10.12,바지,https://cloudfront.laundrygo.com/smartfactory/smartfactory_20251013035203_1c6ccf1b675b4f4cb009181e5d9b78af.jpeg
YZZ7MWRL,2025.10.12,바지,https://cloudfront.laundrygo.com/smartfactory/smartfactory_20251013035203_bc94345eed1a407095160d9f388748ff.jpeg
76K6BC89,2025.10.12,바지,https://cloudfront.laundrygo.com/smartfactory/smartfactory_20251013081908_bf93b34bbbdc44f3b630b9394634e1fd.jpeg
T8E6FEJW,2025.10.12,바지,https://cloudfront.laundrygo.com/smartfactory/smartfactory_20251013051805_8c75ddd6cdd340349d0f70278ad763b4.jpeg
T8E6FEJW,2025.10.12,바지,https://cloudfront.laundrygo.com/smartfactory/smartfactory_20251013051905_6e3f1ffacda34602898ca8c0f6e3c3fb.jpeg
T8E6FEJW,2025.10.12,바지,https://cloudfront.laundrygo.com/smartfactory/smartfactory_20251013051905_13f584c650f04a4cac53b8bb7b99e7b8.jpeg
T8E6FEJW,2025.10.12,바지,https://cloudfront.laundrygo.com/smartfactory/smartfactory_20251013052105_40ed515823e74bc1b986e7ed2a167adf.jpeg
86BNR2K3,2025.10.12,바지,https://cloudfront.laundrygo.com/smartfactory/smartfactory_20251013023502_4a196a76336048d4b5aa6606d8870a6a.jpeg
6GS9JIYM,2025.10.12,바지,https://cloudfront.laundrygo.com/smartfactory/smartfactory_20251013082408_83d96ec2e6444f6e8ba3157fe8117b8c.jpeg
6GS9JIYM,2025.10.12,바지,https://cloudfront.laundrygo.com/smartfactory/smartfactory_20251013082508_cca3368ed2104bc69b6790bcdf10e157.jpeg
R5LA935F,2025.10.12,바지,https://cloudfront.laundrygo.com/smartfactory/smartfactory_20251014005200_3a7c8f10419644b1919dfa82453838f8.jpeg
8MC89PTD,2025.10.13,바지,https://cloudfront.laundrygo.com/smartfactory/smartfactory_20251014022102_657d09e60c9141f4949fd920cedc4d8c.jpeg
8MC89PTD,2025.10.13,바지,https://cloudfront.laundrygo.com/smartfactory/smartfactory_20251014022202_e849443f60a842beb39b6c3224593317.jpeg
8MC89PTD,2025.10.13,바지,https://cloudfront.laundrygo.com/smartfactory/smartfactory_20251014022202_1e719d67d586424cb61f82407d5bc0c7.jpeg
8MC89PTD,2025.10.13,바지,https://cloudfront.laundrygo.com/smartfactory/smartfactory_20251014022202_84372fdfc92f40699df58dbf0831816b.jpeg
VRSYKL5V,2025.10.13,바지,https://cloudfront.laundrygo.com/smartfactory/smartfactory_20251014024502_04981753eea3492493aaa7bb33f3cafd.jpeg
VRSYKL5V,2025.10.13,바지,https://cloudfront.laundrygo.com/smartfactory/smartfactory_20251014024502_cd6ee1b454394d848b548f8435ad69b2.jpeg
VRSYKL5V,2025.10.13,바지,https://cloudfront.laundrygo.com/smartfactory/smartfactory_20251014024602_be3fe5bc6c0f458fb6136a19dbd540d9.jpeg
V9GQSYD8,2025.10.13,바지,https://cloudfront.laundrygo.com/smartfactory/smartfactory_20251014001500_9a71bb01c3f04c85bb141bf8cda2e423.jpeg
ICNKZ2VE,2025.10.13,바지,https://cloudfront.laundrygo.com/smartfactory/smartfactory_20251014021202_81850316bf7c41b29261ae67f32250fe.jpeg
9SL1YYE4,2025.10.13,바지,https://cloudfront.laundrygo.com/smartfactory/smartfactory_20251014070207_d415c551cacf4bc8a3e47a5956d93ff6.jpeg
9SL1YYE4,2025.10.13,바지,https://cloudfront.laundrygo.com/smartfactory/smartfactory_20251014070307_e5610a4345964e4c934573fd378da71a.jpeg
XBOM2WLP,2025.10.13,바지,https://cloudfront.laundrygo.com/smartfactory/smartfactory_20251014054305_498c4a5e76af46fd84ae00428afe9d33.jpeg
XBOM2WLP,2025.10.13,바지,https://cloudfront.laundrygo.com/smartfactory/smartfactory_20251014054305_b4ab7e87821e4534a0687026833b03f7.jpeg
MODQ3GT2,2025.10.13,바지,https://cloudfront.laundrygo.com/smartfactory/smartfactory_20251014033103_366605b3efa8463294716bfe28a58e63.jpeg
MODQ3GT2,2025.10.13,바지,https://cloudfront.laundrygo.com/smartfactory/smartfactory_20251014033103_4075a0c95aaf4e8f9220977d1454aa49.jpeg
HALU889P,2025.10.14,바지,https://cloudfront.laundrygo.com/smartfactory/smartfactory_20251015052005_2014c09bbfa8426fad0c9eeb3bf2aa0c.jpeg
HALU889P,2025.10.14,바지,https://cloudfront.laundrygo.com/smartfactory/smartfactory_20251015052305_657bc44aae6a44d9b4facf35bd9bf1b8.jpeg
FPP9YBNG,2025.10.14,바지,https://cloudfront.laundrygo.com/smartfactory/smartfactory_20251015084908_9a7c6d2c6e904c64b0d462c293c62ed0.jpeg
FPP9YBNG,2025.10.14,바지,https://cloudfront.laundrygo.com/smartfactory/smartfactory_20251015084908_5954a3ed886a4e739c57c330c709acae.jpeg
XHH0DT03,2025.10.14,바지,https://cloudfront.laundrygo.com/smartfactory/smartfactory_20251015055005_28cc2a1f2a0442d7ab8414b87ab6c705.jpeg
XHH0DT03,2025.10.14,바지,https://cloudfront.laundrygo.com/smartfactory/smartfactory_20251015055105_586343aeba794b47b87772b947e2497d.jpeg
45WXISEL,2025.10.14,바지,https://cloudfront.laundrygo.com/smartfactory/smartfactory_20251016103210_0ce148d2f944495d8097898f8a9d8ddc.jpeg
45WXISEL,2025.10.14,바지,https://cloudfront.laundrygo.com/smartfactory/smartfactory_20251016103410_580d7a45899f44c6bf774d7072983f03.jpeg
45WXISEL,2025.10.14,바지,https://cloudfront.laundrygo.com/smartfactory/smartfactory_20251016103510_728f555d31d149bc8a59522fa2ef4b14.jpeg
MWZ1GY0S,2025.10.14,바지,https://cloudfront.laundrygo.com/smartfactory/smartfactory_20251015051905_5162cce86616420084eef1ec799f1252.jpeg
25RM4V07,2025.10.14,바지,https://cloudfront.laundrygo.com/smartfactory/smartfactory_20251015052905_e66ccda71ed344349e7d27526e82e04e.jpeg
25RM4V07,2025.10.14,바지,https://cloudfront.laundrygo.com/smartfactory/smartfactory_20251015052905_df8e40c060fc4d19821069f7fc36d7a7.jpeg
25RM4V07,2025.10.14,바지,https://cloudfront.laundrygo.com/smartfactory/smartfactory_20251015053005_12ff49cca8e54e7a83c50ffe79295545.jpeg
JC1PB4D0,2025.10.14,바지,https://cloudfront.laundrygo.com/smartfactory/smartfactory_20251015095809_f0b613c16d67488588e34e0cfa01c2b9.jpeg
JC1PB4D0,2025.10.14,바지,https://cloudfront.laundrygo.com/smartfactory/smartfactory_20251015095909_79386f435bd743d5999a672bf3dd4528.jpeg
JC1PB4D0,2025.10.14,바지,https://cloudfront.laundrygo.com/smartfactory/smartfactory_20251015100010_41a0c0cf0fad4fc9a092b2816dbb2a73.jpeg
7HDMDDBX,2025.10.15,바지,https://cloudfront.laundrygo.com/smartfactory/smartfactory_20251017144314_2c1b0e849a87434ca08a181465f6efea.jpeg
7HDMDDBX,2025.10.15,바지,https://cloudfront.laundrygo.com/smartfactory/smartfactory_20251017144414_0bf6f52fc331477bbed54925a562dab6.jpeg
K4H90WNS,2025.10.15,바지,https://cloudfront.laundrygo.com/smartfactory/smartfactory_20251016064806_eae3b2934c2f4747a9d206e288c4d3eb.jpeg
K4H90WNS,2025.10.15,바지,https://cloudfront.laundrygo.com/smartfactory/smartfactory_20251016064806_48efdb61a2ae4957b56496d4fae0508e.jpeg
K4H90WNS,2025.10.15,바지,https://cloudfront.laundrygo.com/smartfactory/smartfactory_20251016064906_0538ed41b9504c0e8d8ae1710c7f1f96.jpeg
72EDSUXD,2025.10.15,바지,https://cloudfront.laundrygo.com/smartfactory/smartfactory_20251016055505_ba51419a91744870a04600886fe5c67e.jpeg
72EDSUXD,2025.10.15,바지,https://cloudfront.laundrygo.com/smartfactory/smartfactory_20251016055605_ec6ad4d713c1470e8baa125652ac60d6.jpeg
72EDSUXD,2025.10.15,바지,https://cloudfront.laundrygo.com/smartfactory/smartfactory_20251016055705_370ff0bcbfe34439a704ac90c96555ae.jpeg
2R0JSXFA,2025.10.15,바지,https://cloudfront.laundrygo.com/smartfactory/smartfactory_20251016035303_57ace7d4b4bb4dcf9649913c0c205e23.jpeg
QCZ2BL2B,2025.10.15,바지,https://cloudfront.laundrygo.com/smartfactory/smartfactory_20251016021802_2d8e91d0e2c543479e8ea0b7541d73dc.jpeg
QCZ2BL2B,2025.10.15,바지,https://cloudfront.laundrygo.com/smartfactory/smartfactory_20251016021802_56066d87c16c43ba94f2c4aa25e4f884.jpeg
XBOM2WLP,2025.10.15,바지,https://cloudfront.laundrygo.com/smartfactory/smartfactory_20251016051605_b20015cb38474d59b9f63834529e0f9c.jpeg
XBOM2WLP,2025.10.15,바지,https://cloudfront.laundrygo.com/smartfactory/smartfactory_20251016051705_87f15ecb25e74c60ac479ed71053734b.jpeg
ET8D4PJN,2025.10.15,바지,https://cloudfront.laundrygo.com/smartfactory/smartfactory_20251016073007_641ccdfd3f7c42548d85d8d7b7e8081a.jpeg
Y2T4QE83,2025.10.15,바지,https://cloudfront.laundrygo.com/smartfactory/smartfactory_20251016150415_ae3c410373234070a4287369775058ef.jpeg
J1MCKRAU,2025.10.15,바지,https://cloudfront.laundrygo.com/smartfactory/smartfactory_20251016072607_66af268177304f92abe320949bd27f47.jpeg
GSHKANZM,2025.10.16,바지,https://cloudfront.laundrygo.com/smartfactory/smartfactory_20251017053305_54b711df0a924998b23c180e7ab8b951.jpeg
8MC89PTD,2025.10.16,바지,https://cloudfront.laundrygo.com/smartfactory/smartfactory_20251017014601_18f1fde81814467b8d30a426f0da4516.jpeg
8MC89PTD,2025.10.16,바지,https://cloudfront.laundrygo.com/smartfactory/smartfactory_20251017014701_c715192f7d494c0b8c50f3a35f3fe440.jpeg
8MC89PTD,2025.10.16,바지,https://cloudfront.laundrygo.com/smartfactory/smartfactory_20251017014701_44df1209eeab41aeb177c225f8a9f563.jpeg
IV9F6UUB,2025.10.16,바지,https://cloudfront.laundrygo.com/smartfactory/smartfactory_20251017030303_87ca25c5c4db441082a64334acde7383.jpeg
XHH0DT03,2025.10.16,바지,https://cloudfront.laundrygo.com/smartfactory/smartfactory_20251017070507_4a51e2c30d1c4d2c8c229419d06ac556.jpeg
SSVQUE6Q,2025.10.16,바지,https://cloudfront.laundrygo.com/smartfactory/smartfactory_20251017054505_cf4220dc49cc4d3a89cf4a62769649b4.jpeg
JY6ZWQZL,2025.10.16,바지,https://cloudfront.laundrygo.com/smartfactory/smartfactory_20251017011501_ec6fce5910a64923b3b6c1d185e9d0db.jpeg
R5LA935F,2025.10.16,바지,https://cloudfront.laundrygo.com/smartfactory/smartfactory_20251018011701_067ca75437a44ec8ae2fd67a29c23ff2.jpeg
R5LA935F,2025.10.16,바지,https://cloudfront.laundrygo.com/smartfactory/smartfactory_20251018011701_1dc978b49d55432d84999f5f426d9d2d.jpeg
3ZJHQZX1,2025.10.16,바지,https://cloudfront.laundrygo.com/smartfactory/smartfactory_20251017092009_cfb0513d0c8c4519ae15f3b48514bfb9.jpeg
3ZJHQZX1,2025.10.16,바지,https://cloudfront.laundrygo.com/smartfactory/smartfactory_20251017092209_751a50ece82d4f7982f0d508be0eb2ff.jpeg
3ZJHQZX1,2025.10.16,바지,https://cloudfront.laundrygo.com/smartfactory/smartfactory_20251017092209_e8461378703e4bb38fa130c7cef7c5fb.jpeg
ASJ4Q5WR,2025.10.17,바지,https://cloudfront.laundrygo.com/smartfactory/smartfactory_20251018065606_2bbc160f36cf432182f2f3fa8ac81944.jpeg
GVRSSYRJ,2025.10.17,바지,https://cloudfront.laundrygo.com/smartfactory/smartfactory_20251018011901_81be11a256f74250b64bb834156f685b.jpeg
QV78M8P9,2025.10.17,바지,https://cloudfront.laundrygo.com/smartfactory/smartfactory_20251018005800_5fbac253f56a44e1827cd49b02864896.jpeg
QV78M8P9,2025.10.17,바지,https://cloudfront.laundrygo.com/smartfactory/smartfactory_20251018005900_bde6a8c7cc4f44daabe29c4305644c89.jpeg
6FTJ6NJJ,2025.10.17,바지,https://cloudfront.laundrygo.com/smartfactory/smartfactory_20251020143714_8af54d473eeb4c948d65d2bd0f4ec798.jpeg
6FTJ6NJJ,2025.10.17,바지,https://cloudfront.laundrygo.com/smartfactory/smartfactory_20251020143914_f28c4c6af044449fb5d8d5a6bd5e41b7.jpeg
6FTJ6NJJ,2025.10.17,바지,https://cloudfront.laundrygo.com/smartfactory/smartfactory_20251020143914_e96e4feed3444fd58b4f35ed70b807f8.jpeg
6FTJ6NJJ,2025.10.17,바지,https://cloudfront.laundrygo.com/smartfactory/smartfactory_20251020144014_ff19cb5d4c454bb28a9a32edda6d8ba3.jpeg
6FTJ6NJJ,2025.10.17,바지,https://cloudfront.laundrygo.com/smartfactory/smartfactory_20251020144014_8d39382713ad4c93850f23e4e13cdba9.jpeg
RNBX7YSD,2025.10.17,바지,https://cloudfront.laundrygo.com/smartfactory/smartfactory_20251018025002_4c17e962ce0a4722bee6b8353b546385.jpeg
RNBX7YSD,2025.10.17,바지,https://cloudfront.laundrygo.com/smartfactory/smartfactory_20251018025002_63d74b09548d4a909b93d564d8299d00.jpeg
RNBX7YSD,2025.10.17,바지,https://cloudfront.laundrygo.com/smartfactory/smartfactory_20251018025002_295bc4d8e3e64c46a7cb343e6f7be6f1.jpeg
VRSYKL5V,2025.10.17,바지,https://cloudfront.laundrygo.com/smartfactory/smartfactory_20251018012101_0b253c62bac0415592e96ea49f25b4c0.jpeg
BU5VJDRB,2025.10.17,바지,https://cloudfront.laundrygo.com/smartfactory/smartfactory_20251018070907_372d9ba8d5e54ac3a171759a1aa79a03.jpeg
5FYSJ52V,2025.10.17,바지,https://cloudfront.laundrygo.com/smartfactory/smartfactory_20251018073007_bd86b79682714ab5a0773e8938350c66.jpeg
IXRRIYAJ,2025.10.17,바지,https://cloudfront.laundrygo.com/smartfactory/smartfactory_20251018080108_9bdab560392847faa50454040678ff16.jpeg
IXRRIYAJ,2025.10.17,바지,https://cloudfront.laundrygo.com/smartfactory/smartfactory_20251018080108_e0078babe99c454190f0a93942ee22b3.jpeg
IXRRIYAJ,2025.10.17,바지,https://cloudfront.laundrygo.com/smartfactory/smartfactory_20251018080308_18b8ac54246a46b4b1ebec566452018b.jpeg
IXRRIYAJ,2025.10.17,바지,https://cloudfront.laundrygo.com/smartfactory/smartfactory_20251018080408_f1969dd7c63244bc8a6403f207e778f5.jpeg
IXRRIYAJ,2025.10.17,바지,https://cloudfront.laundrygo.com/smartfactory/smartfactory_20251018080608_b9b65f3e07df4f9f87284a91516ab03b.jpeg
IXRRIYAJ,2025.10.17,바지,https://cloudfront.laundrygo.com/smartfactory/smartfactory_20251018080608_5cac2ad29e94444d80a99b75727b998d.jpeg
7FNBXTGJ,2025.10.18,바지,https://cloudfront.laundrygo.com/smartfactory/smartfactory_20251019032403_fa8cccec180d48c08e68b396e156eda5.jpeg
7FNBXTGJ,2025.10.18,바지,https://cloudfront.laundrygo.com/smartfactory/smartfactory_20251019082308_9ccbbd7826bd496f849e78009e6ffba1.jpeg
7FNBXTGJ,2025.10.18,바지,https://cloudfront.laundrygo.com/smartfactory/smartfactory_20251019082308_52d2fdc333274626b0358042be27f901.jpeg
7FNBXTGJ,2025.10.18,바지,https://cloudfront.laundrygo.com/smartfactory/smartfactory_20251019082308_eb5798c876ee4f47981b937938b285fb.jpeg
7FNBXTGJ,2025.10.18,바지,https://cloudfront.laundrygo.com/smartfactory/smartfactory_20251019082308_97a51f69bd094a0db2f0cfafd8184328.jpeg
7FNBXTGJ,2025.10.18,바지,https://cloudfront.laundrygo.com/smartfactory/smartfactory_20251019032703_043aad821866476591b5c6f098798b5a.jpeg
MVTHZ2WK,2025.10.18,바지,https://cloudfront.laundrygo.com/smartfactory/smartfactory_20251019002800_86f538449bb44331afb84047feed3621.jpeg
2R0JSXFA,2025.10.18,바지,https://cloudfront.laundrygo.com/smartfactory/smartfactory_20251019101610_afc43a0f150a485ca6ecd7d8b5120355.jpeg
2R0JSXFA,2025.10.18,바지,https://cloudfront.laundrygo.com/smartfactory/smartfactory_20251019101710_4479ad9dace34677a6ead625b69a87c5.jpeg
45WXISEL,2025.10.18,바지,https://cloudfront.laundrygo.com/smartfactory/smartfactory_20251020153515_31182d4e7f854431a4c1c75e7286ee90.jpeg
BGQD38SR,2025.10.18,바지,https://cloudfront.laundrygo.com/smartfactory/smartfactory_20251019081308_fe86ac1eaf57409d90942dd3246be7e0.jpeg
GGE6DSVW,2025.10.18,바지,https://cloudfront.laundrygo.com/smartfactory/smartfactory_20251019091909_97ab613fa7b44c72bbdf19516e33c3ce.jpeg
GGE6DSVW,2025.10.18,바지,https://cloudfront.laundrygo.com/smartfactory/smartfactory_20251019092009_b9a952b40d924fb1bf241e4c853e4ccc.jpeg
LUUGZBF5,2025.10.19,바지,https://cloudfront.laundrygo.com/smartfactory/smartfactory_20251022135913_f8da13e5d89342cb9f05f111ad0f1268.jpeg
EL2TR2R9,2025.10.19,바지,https://cloudfront.laundrygo.com/smartfactory/smartfactory_20251020011701_fe22eeffc3294637b63a2f6a0f4db95c.jpeg
HALU889P,2025.10.19,바지,https://cloudfront.laundrygo.com/smartfactory/smartfactory_20251020013701_3dafc4b94a1a4028a1f21c512e9e9e2d.jpeg
HALU889P,2025.10.19,바지,https://cloudfront.laundrygo.com/smartfactory/smartfactory_20251020014001_5ee2d3da011b43dbb0171d2afba174a8.jpeg
JJBXMWPT,2025.10.19,바지,https://cloudfront.laundrygo.com/smartfactory/smartfactory_20251020082708_9fdcec290f2049149595140efe225c0e.jpeg
JJBXMWPT,2025.10.19,바지,https://cloudfront.laundrygo.com/smartfactory/smartfactory_20251020082708_4084092085de44d09593988853768013.jpeg
T8E6FEJW,2025.10.19,바지,https://cloudfront.laundrygo.com/smartfactory/smartfactory_20251020022402_0238f8c5c4154744894abb54fbf325e5.jpeg
T8E6FEJW,2025.10.19,바지,https://cloudfront.laundrygo.com/smartfactory/smartfactory_20251020022602_d19077cf734b4e79858f66635b9517ce.jpeg
T8E6FEJW,2025.10.19,바지,https://cloudfront.laundrygo.com/smartfactory/smartfactory_20251020022602_8c0c14f8aaa9497cb22384790dc99005.jpeg
T8E6FEJW,2025.10.19,바지,https://cloudfront.laundrygo.com/smartfactory/smartfactory_20251020022702_c843fab36b344fb48748a59ff410a49d.jpeg
T8E6FEJW,2025.10.19,바지,https://cloudfront.laundrygo.com/smartfactory/smartfactory_20251020022802_100ec79e3cd942a79964a7a7b56b883d.jpeg
86BNR2K3,2025.10.19,바지,https://cloudfront.laundrygo.com/smartfactory/smartfactory_20251020002900_e15c01fa718649e59a0ce8158bd85be7.jpeg
OJ7AR6QZ,2025.10.19,바지,https://cloudfront.laundrygo.com/smartfactory/smartfactory_20251020102510_8efde5565d914eb2b0e28909546262e5.jpeg
OJ7AR6QZ,2025.10.19,바지,https://cloudfront.laundrygo.com/smartfactory/smartfactory_20251020102810_a720b16f97f74cd18684b40b6ef434a0.jpeg
25RM4V07,2025.10.19,바지,https://cloudfront.laundrygo.com/smartfactory/smartfactory_20251020043504_334d635d7c0148c589b136df98d9f507.jpeg
JC1PB4D0,2025.10.19,바지,https://cloudfront.laundrygo.com/smartfactory/smartfactory_20251020110511_3057ccbfa9db46d7bfe852464981342a.jpeg
JC1PB4D0,2025.10.19,바지,https://cloudfront.laundrygo.com/smartfactory/smartfactory_20251020110711_239bee0ffdf3497d9a44d65bf46a69fb.jpeg
JC1PB4D0,2025.10.19,바지,https://cloudfront.laundrygo.com/smartfactory/smartfactory_20251020110911_78590e0256bc47d0b5e0f0eef198bc43.jpeg
JC1PB4D0,2025.10.19,바지,https://cloudfront.laundrygo.com/smartfactory/smartfactory_20251020111211_a1512e8e90e34e7cbf5b40b58a027427.jpeg
JC1PB4D0,2025.10.19,바지,https://cloudfront.laundrygo.com/smartfactory/smartfactory_20251020111311_906950ee445d4bc9b6a1dcee90ae94e4.jpeg
U2DTD8RO,2025.10.19,바지,https://cloudfront.laundrygo.com/smartfactory/smartfactory_20251021132413_69688b9b33ae4f049ce484a3dc0ee7e1.jpeg
U2DTD8RO,2025.10.19,바지,https://cloudfront.laundrygo.com/smartfactory/smartfactory_20251021133013_9849bb5790fc48f991604cc593d44eb5.jpeg
6GS9JIYM,2025.10.19,바지,https://cloudfront.laundrygo.com/smartfactory/smartfactory_20251022150915_810bac7cdc9a41b3b9d741e90d4c386d.jpeg
6GS9JIYM,2025.10.19,바지,https://cloudfront.laundrygo.com/smartfactory/smartfactory_20251022151015_d1c828cbd1d74ad0b484c5a3fb112394.jpeg
XMLHFOZQ,2025.10.19,바지,https://cloudfront.laundrygo.com/smartfactory/smartfactory_20251020073107_12223f2cff32446f904fc4c6308f5ace.jpeg
XMLHFOZQ,2025.10.19,바지,https://cloudfront.laundrygo.com/smartfactory/smartfactory_20251020073207_ae4a6b07a756408295f1a284c5c43eb4.jpeg
YZZ7MWRL,2025.10.20,바지,https://cloudfront.laundrygo.com/smartfactory/smartfactory_20251021023902_00e90363dcc44b3cab625b49d42074e7.jpeg
YZZ7MWRL,2025.10.20,바지,https://cloudfront.laundrygo.com/smartfactory/smartfactory_20251021024102_18d8ad86c9bb4c37be1f4564446f3849.jpeg
QV78M8P9,2025.10.20,바지,https://cloudfront.laundrygo.com/smartfactory/smartfactory_20251021003500_5a41c4d9b76c4796b63effda8bb6b178.jpeg
VRSYKL5V,2025.10.20,바지,https://cloudfront.laundrygo.com/smartfactory/smartfactory_20251021024302_70dabb4bbe6747499d34b6a37068e4af.jpeg
ET8D4PJN,2025.10.20,바지,https://cloudfront.laundrygo.com/smartfactory/smartfactory_20251021121412_5ab3c9218f8f4f07931b5d229e5e4866.jpeg
GJC2KN3Y,2025.10.21,바지,https://cloudfront.laundrygo.com/smartfactory/smartfactory_20251022025002_643f6dac86e84baba7a6a2005bacc51e.jpeg
GJC2KN3Y,2025.10.21,바지,https://cloudfront.laundrygo.com/smartfactory/smartfactory_20251022025002_0fe7ff43739b459696beb2c1005f7b2e.jpeg
UQAF7PCB,2025.10.21,바지,https://cloudfront.laundrygo.com/smartfactory/smartfactory_20251022055805_edec7f3482ab45fd87b87a8844a07ad6.jpeg
GVRSSYRJ,2025.10.21,바지,https://cloudfront.laundrygo.com/smartfactory/smartfactory_20251022004900_5469a1f218b147e8bd125a3e87dc2851.jpeg
XHH0DT03,2025.10.21,바지,https://cloudfront.laundrygo.com/smartfactory/smartfactory_20251022044204_5c9df3b34a104d74a52117e2f31218fe.jpeg
907MFCA9,2025.10.21,바지,https://cloudfront.laundrygo.com/smartfactory/smartfactory_20251022094009_f27dc9b646844a5ca916e12da33733aa.jpeg
907MFCA9,2025.10.21,바지,https://cloudfront.laundrygo.com/smartfactory/smartfactory_20251022094109_0dd8a92ad28a40f487bc9e2ddd2e0f54.jpeg
907MFCA9,2025.10.21,바지,https://cloudfront.laundrygo.com/smartfactory/smartfactory_20251022094309_cba98ea41b2346978a29a95b42c5a7d4.jpeg
907MFCA9,2025.10.21,바지,https://cloudfront.laundrygo.com/smartfactory/smartfactory_20251022094309_c4366be7efb745d2a4bcc8440f5d7104.jpeg
907MFCA9,2025.10.21,바지,https://cloudfront.laundrygo.com/smartfactory/smartfactory_20251022094309_902e15274af44e4fab6d5681874f1547.jpeg
907MFCA9,2025.10.21,바지,https://cloudfront.laundrygo.com/smartfactory/smartfactory_20251022094509_53d76816c28a42689a0bafe316479f15.jpeg
J8EKVUY9,2025.10.22,바지,https://cloudfront.laundrygo.com/smartfactory/smartfactory_20251023030403_c05319ca58de48b9bae3eb13f2da9066.jpeg
J8EKVUY9,2025.10.22,바지,https://cloudfront.laundrygo.com/smartfactory/smartfactory_20251023030403_f8b9b9555884405da57e88aa40901853.jpeg
7HDMDDBX,2025.10.22,바지,https://cloudfront.laundrygo.com/smartfactory/smartfactory_20251023060706_11d318c27bcb49d4a602d2e2fccbaebc.jpeg
7HDMDDBX,2025.10.22,바지,https://cloudfront.laundrygo.com/smartfactory/smartfactory_20251023060706_8e6533b180264503a781b8ad01de6dd4.jpeg
7HDMDDBX,2025.10.22,바지,https://cloudfront.laundrygo.com/smartfactory/smartfactory_20251023061006_33de003b28b44293827a5d2ef67b8a80.jpeg
9SL1YYE4,2025.10.22,바지,https://cloudfront.laundrygo.com/smartfactory/smartfactory_20251023103110_240119756a80436584ae5345a7040d21.jpeg
K4H90WNS,2025.10.22,바지,https://cloudfront.laundrygo.com/smartfactory/smartfactory_20251023032703_24a7cb4f2ac342c7b6703f84567fe92d.jpeg
K4H90WNS,2025.10.22,바지,https://cloudfront.laundrygo.com/smartfactory/smartfactory_20251023032703_932731429e6c4bf0b95ec33c33f5faf0.jpeg
K4H90WNS,2025.10.22,바지,https://cloudfront.laundrygo.com/smartfactory/smartfactory_20251023032703_20946d35df78488388959d0a8eec97b0.jpeg
QCZ2BL2B,2025.10.22,바지,https://cloudfront.laundrygo.com/smartfactory/smartfactory_20251023024502_fcfea31ba59a42ef9afc7a06e407eb74.jpeg
GGE6DSVW,2025.10.22,바지,https://cloudfront.laundrygo.com/smartfactory/smartfactory_20251023055705_39b1e63367504cc5a11036466b381119.jpeg
MXBK9AFC,2025.10.23,바지,https://cloudfront.laundrygo.com/smartfactory/smartfactory_20251024074107_180ae6d9bd85431897cba1b6945cd7f1.jpeg
MXBK9AFC,2025.10.23,바지,https://cloudfront.laundrygo.com/smartfactory/smartfactory_20251024074207_05b700eaed27436ba3bbb98315b3b8c5.jpeg
SLKT5QUA,2025.10.23,바지,https://cloudfront.laundrygo.com/smartfactory/smartfactory_20251024032703_3a70027278c046dd9786ccf0602d486e.jpeg
8MC89PTD,2025.10.23,바지,https://cloudfront.laundrygo.com/smartfactory/smartfactory_20251024014801_0d46741604ee46b1886ddd094d3bce6a.jpeg
8MC89PTD,2025.10.23,바지,https://cloudfront.laundrygo.com/smartfactory/smartfactory_20251024014801_8e6823ae16414ba396ef8fead4929c4d.jpeg
8MC89PTD,2025.10.23,바지,https://cloudfront.laundrygo.com/smartfactory/smartfactory_20251024014901_dcbaa30b555545b69133ff721e5a4f38.jpeg
8MC89PTD,2025.10.23,바지,https://cloudfront.laundrygo.com/smartfactory/smartfactory_20251024014901_d5f17bdcc95e45eca5601cbaa58b5db6.jpeg
8MC89PTD,2025.10.23,바지,https://cloudfront.laundrygo.com/smartfactory/smartfactory_20251024014901_4093c1f89940461cb617ebf43775c475.jpeg
2Y5DSM48,2025.10.23,바지,https://cloudfront.laundrygo.com/smartfactory/smartfactory_20251024071807_24b626f968d4437586af239d956dae85.jpeg
Q2O88T5H,2025.10.23,바지,https://cloudfront.laundrygo.com/smartfactory/smartfactory_20251024065806_99a9d89e1b794a74b3891106e1344d11.jpeg
XBOM2WLP,2025.10.23,바지,https://cloudfront.laundrygo.com/smartfactory/smartfactory_20251024081508_fbb53a73ea7b419e81f0c50862858cdb.jpeg
XBOM2WLP,2025.10.23,바지,https://cloudfront.laundrygo.com/smartfactory/smartfactory_20251024081508_03b8933ce7fd4abd855d69b9be023f73.jpeg
XBOM2WLP,2025.10.23,바지,https://cloudfront.laundrygo.com/smartfactory/smartfactory_20251024081608_4c4bca2c14644b63b7800d28d50acb0a.jpeg
25RM4V07,2025.10.23,바지,https://cloudfront.laundrygo.com/smartfactory/smartfactory_20251024025902_49ac20995b814662911ca29841c92385.jpeg
25RM4V07,2025.10.23,바지,https://cloudfront.laundrygo.com/smartfactory/smartfactory_20251024030103_3c7a6f3e040d49729b5b150cb36c29a2.jpeg
25RM4V07,2025.10.23,바지,https://cloudfront.laundrygo.com/smartfactory/smartfactory_20251024030103_6fae7328e39d4754b313e4849f82414b.jpeg
JC1PB4D0,2025.10.23,바지,https://cloudfront.laundrygo.com/smartfactory/smartfactory_20251024111711_7e5006e4a2ab479b94e8f7aeddd8d9d7.jpeg
JC1PB4D0,2025.10.23,바지,https://cloudfront.laundrygo.com/smartfactory/smartfactory_20251024111711_a0cbf35daf5c471d92c1fa336f846d7f.jpeg
JC1PB4D0,2025.10.23,바지,https://cloudfront.laundrygo.com/smartfactory/smartfactory_20251024111811_37ae44a0d575420ea88838592bb2cf6b.jpeg
JC1PB4D0,2025.10.23,바지,https://cloudfront.laundrygo.com/smartfactory/smartfactory_20251024111811_7f7bf1e78ca94003a993c2b737462cd6.jpeg
JC1PB4D0,2025.10.23,바지,https://cloudfront.laundrygo.com/smartfactory/smartfactory_20251024111911_081df228c52f4ef4b44cb7d688184d59.jpeg
BGQD38SR,2025.10.23,바지,https://cloudfront.laundrygo.com/smartfactory/smartfactory_20251024063706_ac986342d3984abf9a68a3f03219da3d.jpeg
SHXBN6P7,2025.10.24,바지,https://cloudfront.laundrygo.com/smartfactory/smartfactory_20251025075807_65638bd7a8374bf48f0c3c7260f04d62.jpeg
GSHKANZM,2025.10.24,바지,https://cloudfront.laundrygo.com/smartfactory/smartfactory_20251025085308_b213df4f6ac3456faea4ddd33fa7b9f8.jpeg
ASJ4Q5WR,2025.10.24,바지,https://cloudfront.laundrygo.com/smartfactory/smartfactory_20251025091409_dca0d2940d7741a485c5c5f07cfc8d07.jpeg
7HDMDDBX,2025.10.24,바지,https://cloudfront.laundrygo.com/smartfactory/smartfactory_20251025005000_4372c7aeb89a403ab2785c9c19df3ee9.jpeg
6FTJ6NJJ,2025.10.24,바지,https://cloudfront.laundrygo.com/smartfactory/smartfactory_20251025084408_c94dab743a944101bc07b9c2b201c673.jpeg
6FTJ6NJJ,2025.10.24,바지,https://cloudfront.laundrygo.com/smartfactory/smartfactory_20251025084508_b8bde3ffd7b5476a9990e6d25c1bcded.jpeg
6FTJ6NJJ,2025.10.24,바지,https://cloudfront.laundrygo.com/smartfactory/smartfactory_20251025084508_9da627765ee54a5c91d331e31bb57255.jpeg
6FTJ6NJJ,2025.10.24,바지,https://cloudfront.laundrygo.com/smartfactory/smartfactory_20251025084508_8e6b726b011d42a9b7f324a8a4824be1.jpeg
6FTJ6NJJ,2025.10.24,바지,https://cloudfront.laundrygo.com/smartfactory/smartfactory_20251025084608_ad7123d14c5445ada6bfc20ce0cb8122.jpeg
6FTJ6NJJ,2025.10.24,바지,https://cloudfront.laundrygo.com/smartfactory/smartfactory_20251025084608_cf467628c8dc46b9b078661ab9008b7b.jpeg
6FTJ6NJJ,2025.10.24,바지,https://cloudfront.laundrygo.com/smartfactory/smartfactory_20251025084708_a7740bee2a4b4df3a324c13219c6b3ff.jpeg
6FTJ6NJJ,2025.10.24,바지,https://cloudfront.laundrygo.com/smartfactory/smartfactory_20251025084808_e4ea18da533742aebbfacd75c6946f09.jpeg
6FTJ6NJJ,2025.10.24,바지,https://cloudfront.laundrygo.com/smartfactory/smartfactory_20251025085008_84186052aee145438d9c814f4b70a35f.jpeg
RNBX7YSD,2025.10.24,바지,https://cloudfront.laundrygo.com/smartfactory/smartfactory_20251025041704_430d624ebd9a4b2c940eaa696a073baf.jpeg
VRSYKL5V,2025.10.24,바지,https://cloudfront.laundrygo.com/smartfactory/smartfactory_20251025061706_dcc8c397c5254972b78e0d4e90598ec2.jpeg
Y2T4QE83,2025.10.24,바지,https://cloudfront.laundrygo.com/smartfactory/smartfactory_20251025054205_debaaec5fbe04b04985c13b7cb711adb.jpeg
5FYSJ52V,2025.10.24,바지,https://cloudfront.laundrygo.com/smartfactory/smartfactory_20251025025502_728f3cd35e904b2bb8a606b7eec6abf2.jpeg
IXRRIYAJ,2025.10.24,바지,https://cloudfront.laundrygo.com/smartfactory/smartfactory_20251025021802_57ceb0b0d4b14ba789bd1f55aaa16115.jpeg
IXRRIYAJ,2025.10.24,바지,https://cloudfront.laundrygo.com/smartfactory/smartfactory_20251025021802_40a6b71e19b54db5a0702d8b038d668b.jpeg
IXRRIYAJ,2025.10.24,바지,https://cloudfront.laundrygo.com/smartfactory/smartfactory_20251025021802_783abe50dc964cbaa40b8361b312814b.jpeg
IXRRIYAJ,2025.10.24,바지,https://cloudfront.laundrygo.com/smartfactory/smartfactory_20251025021902_48b4e45f7e0f43b987ee4e930a2687bf.jpeg
J1MCKRAU,2025.10.24,바지,https://cloudfront.laundrygo.com/smartfactory/smartfactory_20251025050405_ea267056de1d4c378be0a25a97dd583c.jpeg
J1MCKRAU,2025.10.24,바지,https://cloudfront.laundrygo.com/smartfactory/smartfactory_20251025050505_fde5c833975b45b9bdfc4795a5fc28d1.jpeg
GK9XEPAK,2025.10.24,바지,https://cloudfront.laundrygo.com/smartfactory/smartfactory_20251025051405_d121fe4a9b3045b1b95a4c5c9857e58f.jpeg
GK9XEPAK,2025.10.24,바지,https://cloudfront.laundrygo.com/smartfactory/smartfactory_20251025051505_1caa2637380b4f3684538b2360ac48ae.jpeg
3ZJHQZX1,2025.10.24,바지,https://cloudfront.laundrygo.com/smartfactory/smartfactory_20251025092609_e56bf3a121d545c2a241d7f64444dfe9.jpeg
GJC2KN3Y,2025.10.25,바지,https://cloudfront.laundrygo.com/smartfactory/smartfactory_20251026095809_2432df71c49348ba86ae657de6a195b6.jpeg
AZD3BJMZ,2025.10.25,바지,https://cloudfront.laundrygo.com/smartfactory/smartfactory_20251026071307_d9fb9ebf242b4facad4e311e18e3db46.jpeg
76K6BC89,2025.10.25,바지,https://cloudfront.laundrygo.com/smartfactory/smartfactory_20251026102410_e54854d1d79149408bd45061c890811b.jpeg
T8E6FEJW,2025.10.25,바지,https://cloudfront.laundrygo.com/smartfactory/smartfactory_20251026021102_8edeb5f92581451ba2c18e9ce4d71092.jpeg
T8E6FEJW,2025.10.25,바지,https://cloudfront.laundrygo.com/smartfactory/smartfactory_20251026021302_71e333827ffb46ffae75860b7d173bab.jpeg
T8E6FEJW,2025.10.25,바지,https://cloudfront.laundrygo.com/smartfactory/smartfactory_20251026021402_fa733cc513c3448cb03f1e094bc6c6dd.jpeg
T8E6FEJW,2025.10.25,바지,https://cloudfront.laundrygo.com/smartfactory/smartfactory_20251026021402_8a265517dfff410d930c387536b5262b.jpeg
72EDSUXD,2025.10.25,바지,https://cloudfront.laundrygo.com/smartfactory/smartfactory_20251026074807_783cc0c3725c4bfbbe76624b5c6d29a2.jpeg
72EDSUXD,2025.10.25,바지,https://cloudfront.laundrygo.com/smartfactory/smartfactory_20251026074807_72dd7b6a6b844776b2fc38698e80b102.jpeg
2R0JSXFA,2025.10.25,바지,https://cloudfront.laundrygo.com/smartfactory/smartfactory_20251026070307_d9d9503d6adb4c519f10ca0c523ea081.jpeg
2R0JSXFA,2025.10.25,바지,https://cloudfront.laundrygo.com/smartfactory/smartfactory_20251026070407_26d4e7b6e63b44aeaeceb859648e9b0d.jpeg
2R0JSXFA,2025.10.25,바지,https://cloudfront.laundrygo.com/smartfactory/smartfactory_20251026070507_37e115ae0a224998a188dc66f3132574.jpeg
X7PTBDGH,2025.10.25,바지,https://cloudfront.laundrygo.com/smartfactory/smartfactory_20251027164016_bbac1e72495146f295d95a1863c71a5d.jpeg
BU5VJDRB,2025.10.25,바지,https://cloudfront.laundrygo.com/smartfactory/smartfactory_20251026101810_156cf365a8de458fa353bad9e03c82a6.jpeg
BU5VJDRB,2025.10.25,바지,https://cloudfront.laundrygo.com/smartfactory/smartfactory_20251026101810_d6794d3b31f94445ad9ad22265ec2c2e.jpeg
BU5VJDRB,2025.10.25,바지,https://cloudfront.laundrygo.com/smartfactory/smartfactory_20251026101910_efef4c00103b4c70b797fd7f2848013a.jpeg
MODQ3GT2,2025.10.25,바지,https://cloudfront.laundrygo.com/smartfactory/smartfactory_20251026051205_723d2029ade94ad78485733b0a184c16.jpeg
MODQ3GT2,2025.10.25,바지,https://cloudfront.laundrygo.com/smartfactory/smartfactory_20251026051205_cad7a950304c4be9974525d69a0e71ac.jpeg
MODQ3GT2,2025.10.25,바지,https://cloudfront.laundrygo.com/smartfactory/smartfactory_20251026051205_d166898d2660434cb2c0384bb1f372c6.jpeg
25RM4V07,2025.10.25,바지,https://cloudfront.laundrygo.com/smartfactory/smartfactory_20251026055505_edf6650659164ff6ad993f3102815a59.jpeg
FHKESRS8,2025.10.25,바지,https://cloudfront.laundrygo.com/smartfactory/smartfactory_20251026025302_01547804171c4ed6b6b934b6f0185539.jpeg
BUQT9RB3,2025.10.26,바지,https://cloudfront.laundrygo.com/smartfactory/smartfactory_20251031184118_cfa2cbe930d344378388081d62c24c34.jpeg
BUQT9RB3,2025.10.26,바지,https://cloudfront.laundrygo.com/smartfactory/smartfactory_20251031184118_197ca21252ed4278a49b72e77a4eb9e4.jpeg
BUQT9RB3,2025.10.26,바지,https://cloudfront.laundrygo.com/smartfactory/smartfactory_20251031184118_4a55ff0e87654c0a82d126dfbf96c474.jpeg
6DLQGTBF,2025.10.26,바지,https://cloudfront.laundrygo.com/smartfactory/smartfactory_20251027141714_4ae15e232afa42709511049ef140a790.jpeg
86BNR2K3,2025.10.26,바지,https://cloudfront.laundrygo.com/smartfactory/smartfactory_20251027110711_cd2e33ce8bef461596a9d1dc138e5f62.jpeg
86BNR2K3,2025.10.26,바지,https://cloudfront.laundrygo.com/smartfactory/smartfactory_20251027110811_f5a304aed53c4e52a65c9dd5855e44c4.jpeg
86BNR2K3,2025.10.26,바지,https://cloudfront.laundrygo.com/smartfactory/smartfactory_20251027110911_3c552d8d59184da286281fa0f44514cd.jpeg
CF4EXSN3,2025.10.26,바지,https://cloudfront.laundrygo.com/smartfactory/smartfactory_20251027074007_6422ef0fd7d74429af5f8e340c8241b2.jpeg
907MFCA9,2025.10.26,바지,https://cloudfront.laundrygo.com/smartfactory/smartfactory_20251027100210_b8bb7e949f2c412a833b7dbd81a2d568.jpeg
907MFCA9,2025.10.26,바지,https://cloudfront.laundrygo.com/smartfactory/smartfactory_20251027100410_feac6f51bffe4320b04a9be8859849dc.jpeg
QCZ2BL2B,2025.10.26,바지,https://cloudfront.laundrygo.com/smartfactory/smartfactory_20251027023802_13e11c86f0324af997b51553d1a7bd8e.jpeg
OJ7AR6QZ,2025.10.26,바지,https://cloudfront.laundrygo.com/smartfactory/smartfactory_20251027134213_2b8edb8e4c294b8baad95dd1f5e444a6.jpeg
OJ7AR6QZ,2025.10.26,바지,https://cloudfront.laundrygo.com/smartfactory/smartfactory_20251027134213_693f9d6c677d4ca685f92a3f11ee56b6.jpeg
OJ7AR6QZ,2025.10.26,바지,https://cloudfront.laundrygo.com/smartfactory/smartfactory_20251027134313_9a63029fd1994abf8c6d151bbefb995c.jpeg
V7HCX6D0,2025.10.26,바지,https://cloudfront.laundrygo.com/smartfactory/smartfactory_20251027035703_e11c0735d5df46958c01310a302c5447.jpeg
V7HCX6D0,2025.10.26,바지,https://cloudfront.laundrygo.com/smartfactory/smartfactory_20251027035803_2e4e627336944afab05e8b9a03479fcf.jpeg
V7HCX6D0,2025.10.26,바지,https://cloudfront.laundrygo.com/smartfactory/smartfactory_20251027035803_2a0832fc0da14598b24cead019eca908.jpeg
6GS9JIYM,2025.10.26,바지,https://cloudfront.laundrygo.com/smartfactory/smartfactory_20251029095909_6ec27dab00bc4739ae63b42a977c9ec6.jpeg
VRSYKL5V,2025.10.27,바지,https://cloudfront.laundrygo.com/smartfactory/smartfactory_20251028025402_59a686c677da4a819e79516abcbdee32.jpeg
VRSYKL5V,2025.10.27,바지,https://cloudfront.laundrygo.com/smartfactory/smartfactory_20251028025402_a95445f6b42c48599ca333115d4e43ae.jpeg
JC1PB4D0,2025.10.27,바지,https://cloudfront.laundrygo.com/smartfactory/smartfactory_20251028105010_50da706068a34374a8d3fd50e4573685.jpeg
JC1PB4D0,2025.10.27,바지,https://cloudfront.laundrygo.com/smartfactory/smartfactory_20251028105110_2ca668f5e3434ee8b854ae5d20bb467c.jpeg
NJ5SZABP,2025.10.28,바지,https://cloudfront.laundrygo.com/smartfactory/smartfactory_20251029054705_cd14962d8116453e8e9e327a29557698.jpeg
NJ5SZABP,2025.10.28,바지,https://cloudfront.laundrygo.com/smartfactory/smartfactory_20251029054705_2be7027b444b4626a4bc023aaae637e8.jpeg
FPP9YBNG,2025.10.28,바지,https://cloudfront.laundrygo.com/smartfactory/smartfactory_20251029085408_9f4f51cb2c164e93ad70bbd6813ba992.jpeg
86BNR2K3,2025.10.28,바지,https://cloudfront.laundrygo.com/smartfactory/smartfactory_20251029054805_30dc95fc90eb44968f1fbbd39b5c6261.jpeg
86BNR2K3,2025.10.28,바지,https://cloudfront.laundrygo.com/smartfactory/smartfactory_20251029054805_64523ce9d3b74b658d75315a73891d43.jpeg
ICNKZ2VE,2025.10.28,바지,https://cloudfront.laundrygo.com/smartfactory/smartfactory_20251029051405_cc3a816addc64f4f942fbe6fb0ac297a.jpeg
ICNKZ2VE,2025.10.28,바지,https://cloudfront.laundrygo.com/smartfactory/smartfactory_20251029051505_d8773c511b844a2fa8de8909cdbca1b4.jpeg
K4H90WNS,2025.10.28,바지,https://cloudfront.laundrygo.com/smartfactory/smartfactory_20251029075107_60b9ee7c8c954a6fb88fc6c2ab63d7c3.jpeg
K4H90WNS,2025.10.28,바지,https://cloudfront.laundrygo.com/smartfactory/smartfactory_20251029075107_0b040a25bd0e424fa01697d77aa9fa7d.jpeg
45WXISEL,2025.10.28,바지,https://cloudfront.laundrygo.com/smartfactory/smartfactory_20251029081108_5f52ff3283e34e9bb6e3f3b079d1d804.jpeg
45WXISEL,2025.10.28,바지,https://cloudfront.laundrygo.com/smartfactory/smartfactory_20251029081208_507a88d2e7494f16aadb197a83e1afa6.jpeg
SSVQUE6Q,2025.10.28,바지,https://cloudfront.laundrygo.com/smartfactory/smartfactory_20251029051705_2b98fa35f3ce44e5a1c7201981c2a88e.jpeg
SSVQUE6Q,2025.10.28,바지,https://cloudfront.laundrygo.com/smartfactory/smartfactory_20251029051805_fbd1605deda4488b89679ff2967c9883.jpeg
XBOM2WLP,2025.10.28,바지,https://cloudfront.laundrygo.com/smartfactory/smartfactory_20251029010101_631334b93a6b4012b66f01e8a05e521e.jpeg
J8YGVZLD,2025.10.28,바지,https://cloudfront.laundrygo.com/smartfactory/smartfactory_20251029124812_ed847d5ae0484890823a2fa163980074.jpeg
HALU889P,2025.10.29,바지,https://cloudfront.laundrygo.com/smartfactory/smartfactory_20251030064406_9bd854fca2034dad8616738be5f9d66d.jpeg
HALU889P,2025.10.29,바지,https://cloudfront.laundrygo.com/smartfactory/smartfactory_20251030064506_733b39bd26034c0abf52c356e8473653.jpeg
HALU889P,2025.10.29,바지,https://cloudfront.laundrygo.com/smartfactory/smartfactory_20251030064506_bc09ea76db3d4ae99f3ee7ecea06933e.jpeg
HALU889P,2025.10.29,바지,https://cloudfront.laundrygo.com/smartfactory/smartfactory_20251030064606_a4426bdcfdab4a91af0cd39c43b31aad.jpeg
J8EKVUY9,2025.10.29,바지,https://cloudfront.laundrygo.com/smartfactory/smartfactory_20251030012801_7e9bc1d6f8fa4d85a357013a03bb8d8f.jpeg
J8EKVUY9,2025.10.29,바지,https://cloudfront.laundrygo.com/smartfactory/smartfactory_20251030012901_3169222771314b0398908ddeb336f331.jpeg
J8EKVUY9,2025.10.29,바지,https://cloudfront.laundrygo.com/smartfactory/smartfactory_20251030012901_4892931ec4b14ad98c60b859a2ca5cba.jpeg
J8EKVUY9,2025.10.29,바지,https://cloudfront.laundrygo.com/smartfactory/smartfactory_20251030013001_80b40c8fc15847dfa54d86c5d4d8e89e.jpeg
J8EKVUY9,2025.10.29,바지,https://cloudfront.laundrygo.com/smartfactory/smartfactory_20251030013101_b2b04e39b74440ec9586f5df697ecf31.jpeg
V9GQSYD8,2025.10.29,바지,https://cloudfront.laundrygo.com/smartfactory/smartfactory_20251030035503_e430e3bf6d8c469f88c36634af285e4a.jpeg
JY6ZWQZL,2025.10.29,바지,https://cloudfront.laundrygo.com/smartfactory/smartfactory_20251030011501_f67510722781450ca68cb5a8b24c1b40.jpeg
MWZ1GY0S,2025.10.29,바지,https://cloudfront.laundrygo.com/smartfactory/smartfactory_20251030055705_186b40551d5b42c396b773664c5500d9.jpeg
GVWBKFEI,2025.10.29,바지,https://cloudfront.laundrygo.com/smartfactory/smartfactory_20251030082308_19b898cf517344e5b6922d6b95573339.jpeg
R5LA935F,2025.10.29,바지,https://cloudfront.laundrygo.com/smartfactory/smartfactory_20251031015201_f85849edf6864c8f99f43b84ec2789f9.jpeg
R5LA935F,2025.10.29,바지,https://cloudfront.laundrygo.com/smartfactory/smartfactory_20251031015301_ce28374a9a56412b9d8094117388a7c3.jpeg
3YGPHYZV,2025.10.30,바지,https://cloudfront.laundrygo.com/smartfactory/smartfactory_20251031033003_ae8e3e3a351941a3968e1d20b7f5b6f7.jpeg
VRSYKL5V,2025.10.30,바지,https://cloudfront.laundrygo.com/smartfactory/smartfactory_20251031010701_131ea84156314992badb294d7e7d4b78.jpeg
9SL1YYE4,2025.10.30,바지,https://cloudfront.laundrygo.com/smartfactory/smartfactory_20251031035103_dd8353c5bdb74a01a6c25d7f6c299c98.jpeg
9SL1YYE4,2025.10.30,바지,https://cloudfront.laundrygo.com/smartfactory/smartfactory_20251031035203_0010237be38d4de9ac8a2026510f1ea1.jpeg
GSHKANZM,2025.10.31,바지,https://cloudfront.laundrygo.com/smartfactory/smartfactory_20251101004300_a3094dca7c954f1fb835e2abfc46c44e.jpeg
GSHKANZM,2025.10.31,바지,https://cloudfront.laundrygo.com/smartfactory/smartfactory_20251101004400_d29977d82562466c98ae63efc53a7592.jpeg
ASJ4Q5WR,2025.10.31,바지,https://cloudfront.laundrygo.com/smartfactory/smartfactory_20251101050405_bbfb8bd3b9be4300b89af26fc4474c9b.jpeg
JJBXMWPT,2025.10.31,바지,https://cloudfront.laundrygo.com/smartfactory/smartfactory_20251101013101_b53578911a3042bd8aa580e73fa74090.jpeg
JJBXMWPT,2025.10.31,바지,https://cloudfront.laundrygo.com/smartfactory/smartfactory_20251101013301_ef20676df853456594bc5a537ab82226.jpeg
8MC89PTD,2025.10.31,바지,https://cloudfront.laundrygo.com/smartfactory/smartfactory_20251101050305_58424de8ee0741f48681210dbf5a0289.jpeg
8MC89PTD,2025.10.31,바지,https://cloudfront.laundrygo.com/smartfactory/smartfactory_20251101050305_56124de7574c4fa985634b216035bf4a.jpeg
8MC89PTD,2025.10.31,바지,https://cloudfront.laundrygo.com/smartfactory/smartfactory_20251101050405_a67ba78637d248618e7c91013e3ebb2a.jpeg
8MC89PTD,2025.10.31,바지,https://cloudfront.laundrygo.com/smartfactory/smartfactory_20251101050405_2740906519654ea88d7a65d2722ab6bb.jpeg
8MC89PTD,2025.10.31,바지,https://cloudfront.laundrygo.com/smartfactory/smartfactory_20251101050405_c6bc7de1c053403aaf889d42326e406e.jpeg
8MC89PTD,2025.10.31,바지,https://cloudfront.laundrygo.com/smartfactory/smartfactory_20251101050505_f8dfb1ab442d4d3a981fc63a41890988.jpeg
RNBX7YSD,2025.10.31,바지,https://cloudfront.laundrygo.com/smartfactory/smartfactory_20251101093309_1662c9b55d01418881970570d4fe2feb.jpeg
T8E6FEJW,2025.10.31,바지,https://cloudfront.laundrygo.com/smartfactory/smartfactory_20251101051005_4549055e9b0848ea88cd18582ce33255.jpeg
T8E6FEJW,2025.10.31,바지,https://cloudfront.laundrygo.com/smartfactory/smartfactory_20251101051105_45b12df0f1e04fa6aa09c8507d2d06ab.jpeg
T8E6FEJW,2025.10.31,바지,https://cloudfront.laundrygo.com/smartfactory/smartfactory_20251101051205_a2b3f0a2cacb4f1ba958ad09d425de98.jpeg
T8E6FEJW,2025.10.31,바지,https://cloudfront.laundrygo.com/smartfactory/smartfactory_20251101051405_47858233e4fe425ca3a8067556686e6f.jpeg
2R0JSXFA,2025.10.31,바지,https://cloudfront.laundrygo.com/smartfactory/smartfactory_20251101044804_76cb6300fc514eb8a9bf41767d7280ee.jpeg
2R0JSXFA,2025.10.31,바지,https://cloudfront.laundrygo.com/smartfactory/smartfactory_20251101044904_404d37aa645248a89e209dcdf8a86ce2.jpeg
2R0JSXFA,2025.10.31,바지,https://cloudfront.laundrygo.com/smartfactory/smartfactory_20251101045004_b96964e57f23414d84997e7c2992e312.jpeg
2R0JSXFA,2025.10.31,바지,https://cloudfront.laundrygo.com/smartfactory/smartfactory_20251101045004_1e2c4d1f58bd443e90258ca5f6390f49.jpeg
2R0JSXFA,2025.10.31,바지,https://cloudfront.laundrygo.com/smartfactory/smartfactory_20251101045104_97a36f6bda1a4fc68b277913d136ef05.jpeg
BU5VJDRB,2025.10.31,바지,https://cloudfront.laundrygo.com/smartfactory/smartfactory_20251101080508_2ed2476fe15c490085f1ea80443fa1e9.jpeg
XBOM2WLP,2025.10.31,바지,https://cloudfront.laundrygo.com/smartfactory/smartfactory_20251101005000_f3667c7bf21f4f53adcbd6fdaf8e1817.jpeg
Y2T4QE83,2025.10.31,바지,https://cloudfront.laundrygo.com/smartfactory/smartfactory_20251101064306_2d2945d016e14e61a421c01acfbc8a34.jpeg
Y2T4QE83,2025.10.31,바지,https://cloudfront.laundrygo.com/smartfactory/smartfactory_20251101065006_e8f3dd1098c64f35b682ff45387c4d1c.jpeg
Y2T4QE83,2025.10.31,바지,https://cloudfront.laundrygo.com/smartfactory/smartfactory_20251101065006_0ae182cac9fc4ab4a5aa85276f0b5159.jpeg
IXRRIYAJ,2025.10.31,바지,https://cloudfront.laundrygo.com/smartfactory/smartfactory_20251101021902_14e5e745865449249efbb578334e8c9a.jpeg
IXRRIYAJ,2025.10.31,바지,https://cloudfront.laundrygo.com/smartfactory/smartfactory_20251101022002_d3a9b309a6dc4b3f9e96dc83324fcd6e.jpeg
IXRRIYAJ,2025.10.31,바지,https://cloudfront.laundrygo.com/smartfactory/smartfactory_20251101022102_aee65a938b604ae2852e329681786089.jpeg
IXRRIYAJ,2025.10.31,바지,https://cloudfront.laundrygo.com/smartfactory/smartfactory_20251101022102_7a65e5fba6734d2a8e1f5806501abe7b.jpeg
IXRRIYAJ,2025.10.31,바지,https://cloudfront.laundrygo.com/smartfactory/smartfactory_20251101022102_58f289dd12c945f89ca342b40ef45efa.jpeg
EL2TR2R9,2025.11.1,바지,https://cloudfront.laundrygo.com/smartfactory/smartfactory_20251102055005_acc9aa1cddba4dbdac15edcc74ad327f.jpeg
EL2TR2R9,2025.11.1,바지,https://cloudfront.laundrygo.com/smartfactory/smartfactory_20251102055005_fd80c9c126fe474a9839459bf25db871.jpeg
EL2TR2R9,2025.11.1,바지,https://cloudfront.laundrygo.com/smartfactory/smartfactory_20251102085508_a11651433dae46f58a537267cf7e4435.jpeg
EL2TR2R9,2025.11.1,바지,https://cloudfront.laundrygo.com/smartfactory/smartfactory_20251102085508_45a35cef9c1b4b678898ee45330cfdc9.jpeg
EL2TR2R9,2025.11.1,바지,https://cloudfront.laundrygo.com/smartfactory/smartfactory_20251102085508_c087735bf6834cdbb396ba73aaff1318.jpeg
EL2TR2R9,2025.11.1,바지,https://cloudfront.laundrygo.com/smartfactory/smartfactory_20251102085508_074e2443f5e14a63aa10c9368cea1efc.jpeg
EL2TR2R9,2025.11.1,바지,https://cloudfront.laundrygo.com/smartfactory/smartfactory_20251102085608_04f09eb0b9764e3cbb958e2d1c96e307.jpeg
EL2TR2R9,2025.11.1,바지,https://cloudfront.laundrygo.com/smartfactory/smartfactory_20251102055105_981bca159ff044bd81c79f65062a5958.jpeg
MNYDQ5UU,2025.11.1,바지,https://cloudfront.laundrygo.com/smartfactory/smartfactory_20251102093609_2b4bf18b4e9e43919ceb01bf493b3796.jpeg
MNYDQ5UU,2025.11.1,바지,https://cloudfront.laundrygo.com/smartfactory/smartfactory_20251102093609_f05ae03892ca44ec9ccb1dfb720a6dd9.jpeg
YZZ7MWRL,2025.11.1,바지,https://cloudfront.laundrygo.com/smartfactory/smartfactory_20251102053105_9f6d64d4e3534252bb483f9f17d0fdea.jpeg
YZZ7MWRL,2025.11.1,바지,https://cloudfront.laundrygo.com/smartfactory/smartfactory_20251102053205_f04f2d935dca4deaab0ec2932de73650.jpeg
YZZ7MWRL,2025.11.1,바지,https://cloudfront.laundrygo.com/smartfactory/smartfactory_20251102053605_21ca6b2225d34c37a3cbccb0fc6b8f15.jpeg
YZZ7MWRL,2025.11.1,바지,https://cloudfront.laundrygo.com/smartfactory/smartfactory_20251102053705_a005fde8b32a47749bf6f246b5e1d6ef.jpeg
YZZ7MWRL,2025.11.1,바지,https://cloudfront.laundrygo.com/smartfactory/smartfactory_20251102053705_d785838e851b4f8881a68f8441e1c8b2.jpeg
YZZ7MWRL,2025.11.1,바지,https://cloudfront.laundrygo.com/smartfactory/smartfactory_20251102053705_20eba7802b7845a089824de3f7bea977.jpeg
YZZ7MWRL,2025.11.1,바지,https://cloudfront.laundrygo.com/smartfactory/smartfactory_20251102053705_f08c3241428247efae1dbe041c985bb5.jpeg
YZZ7MWRL,2025.11.1,바지,https://cloudfront.laundrygo.com/smartfactory/smartfactory_20251102053805_ff66b13b985346c58d6ba7dfc932f2a9.jpeg
GJC2KN3Y,2025.11.1,바지,https://cloudfront.laundrygo.com/smartfactory/smartfactory_20251102041604_8c23ead9461147a6b5921cd43e7ac3dc.jpeg
76K6BC89,2025.11.1,바지,https://cloudfront.laundrygo.com/smartfactory/smartfactory_20251102053305_6456f5d5b18d4390bf19ab11a27f8b5a.jpeg
6FTJ6NJJ,2025.11.1,바지,https://cloudfront.laundrygo.com/smartfactory/smartfactory_20251102023902_3eb09a8361c14d5592e4ee2890343a52.jpeg
6FTJ6NJJ,2025.11.1,바지,https://cloudfront.laundrygo.com/smartfactory/smartfactory_20251102024002_a8054455901545b6b404a4d08bccd700.jpeg
V9GQSYD8,2025.11.1,바지,https://cloudfront.laundrygo.com/smartfactory/smartfactory_20251102043604_4f0253f6e8cf4389be01d165ec71369f.jpeg
SSVQUE6Q,2025.11.1,바지,https://cloudfront.laundrygo.com/smartfactory/smartfactory_20251102083908_8b06075e6b4e4bbcb527e4e25b1ada8c.jpeg
SSVQUE6Q,2025.11.1,바지,https://cloudfront.laundrygo.com/smartfactory/smartfactory_20251102083908_7580e6572b0a40a9be677765bf5e09c8.jpeg
SSVQUE6Q,2025.11.1,바지,https://cloudfront.laundrygo.com/smartfactory/smartfactory_20251102084008_82cbda6b7b274b0b8bacc169d0a08a2b.jpeg
5FYSJ52V,2025.11.1,바지,https://cloudfront.laundrygo.com/smartfactory/smartfactory_20251102074007_9d651237832f48f5b4af1ae86641c0ca.jpeg
W4JH9RHN,2025.11.1,바지,https://cloudfront.laundrygo.com/smartfactory/smartfactory_20251102094509_9593228e87fc4a6dbe19e8e169945297.jpeg
W4JH9RHN,2025.11.1,바지,https://cloudfront.laundrygo.com/smartfactory/smartfactory_20251102094509_1a623cc0334b4ee3bee7419504360b55.jpeg
J1MCKRAU,2025.11.1,바지,https://cloudfront.laundrygo.com/smartfactory/smartfactory_20251102072307_9d84a5ce0a4041e7badbe7ec7df6c46a.jpeg
GGE6DSVW,2025.11.1,바지,https://cloudfront.laundrygo.com/smartfactory/smartfactory_20251102000800_6a880a8136c1424ab1deabffeccdaf1f.jpeg
IV9F6UUB,2025.9.4,무릎담요,https://cloudfront.laundrygo.com/smartfactory/smartfactory_20250905024402_2e7d22b108264908aa0a88fda523ea5d.jpeg
BUQT9RB3,2025.8.10,모자,https://cloudfront.laundrygo.com/smartfactory/smartfactory_20250811162416_fa0be73b70e74793a0c66c5d30290401.jpeg
QV78M8P9,2025.8.12,모자,https://cloudfront.laundrygo.com/smartfactory/smartfactory_20250813014801_1868aab04b9b4e56a6502a4aa7aa08e2.jpeg
JC1PB4D0,2025.8.12,모자,https://cloudfront.laundrygo.com/smartfactory/smartfactory_20250813050905_bbcbfca5baf243c79da5ec9a022a09b4.jpeg
JC1PB4D0,2025.8.12,모자,https://cloudfront.laundrygo.com/smartfactory/smartfactory_20250813050905_54c1817374dc4d72880a25184bda26c3.jpeg
907MFCA9,2025.8.14,모자,https://cloudfront.laundrygo.com/smartfactory/smartfactory_20250815095209_e43e9226753b44d388b814f2286e999b.jpeg
J1MCKRAU,2025.8.14,모자,https://cloudfront.laundrygo.com/smartfactory/smartfactory_20250815081208_746aab395e5940efb9e8bae33f0cf572.jpeg
J1MCKRAU,2025.8.14,모자,https://cloudfront.laundrygo.com/smartfactory/smartfactory_20250815081308_f88741887d7b4556b8cd4e3450f461f9.jpeg
J1MCKRAU,2025.8.14,모자,https://cloudfront.laundrygo.com/smartfactory/smartfactory_20250815081308_9ebeff8012d24bb799b64c94571a96c5.jpeg
QCZ2BL2B,2025.8.18,모자,https://cloudfront.laundrygo.com/smartfactory/smartfactory_20250819075807_17b971dff3d54e0698da8f578a38f92f.jpeg
QCZ2BL2B,2025.8.18,모자,https://cloudfront.laundrygo.com/smartfactory/smartfactory_20250819075907_5aa358e076da475e92678fcef4a0db27.jpeg
X7PTBDGH,2025.8.21,모자,https://cloudfront.laundrygo.com/smartfactory/smartfactory_20250822003400_432db49cfb6b412186d6ee13c7060e0a.jpeg
Y2T4QE83,2025.8.21,모자,https://cloudfront.laundrygo.com/smartfactory/smartfactory_20250822113911_ab897dc591654ffd8789650323333285.jpeg
IXRRIYAJ,2025.8.26,모자,https://cloudfront.laundrygo.com/smartfactory/smartfactory_20250827090809_dfdf92f1f554466db2a20655adf25780.jpeg
LUUGZBF5,2025.8.29,모자,https://cloudfront.laundrygo.com/smartfactory/smartfactory_20250830002700_b6cee17c32ce4568b12d313edaf98b8e.jpeg
25RM4V07,2025.8.31,모자,https://cloudfront.laundrygo.com/smartfactory/smartfactory_20250901021502_33d749ea245b473cb385d0e0b671dfce.jpeg
FHKESRS8,2025.9.7,모자,https://cloudfront.laundrygo.com/smartfactory/smartfactory_20250908051105_4fee50fbe62e46499180c86511c26663.jpeg
FHKESRS8,2025.9.7,모자,https://cloudfront.laundrygo.com/smartfactory/smartfactory_20250908051205_edbb0edd294d4cfd856745e069ae45bb.jpeg
FHKESRS8,2025.9.7,모자,https://cloudfront.laundrygo.com/smartfactory/smartfactory_20250908051205_5b7cac1e6b134cbabc4702f8ced29be4.jpeg
FHKESRS8,2025.9.7,모자,https://cloudfront.laundrygo.com/smartfactory/smartfactory_20250908051205_9e60b1d3ab9c48f88111c9739a525e65.jpeg
J8EKVUY9,2025.9.8,모자,https://cloudfront.laundrygo.com/smartfactory/smartfactory_20250909034903_ca431155c95c4d10b6953b38e963a369.jpeg
EYW7JWTJ,2025.9.12,모자,https://cloudfront.laundrygo.com/smartfactory/smartfactory_20250913054505_216c386de4ca41959e43431a83e32572.jpeg
EYW7JWTJ,2025.9.12,모자,https://cloudfront.laundrygo.com/smartfactory/smartfactory_20250913054505_75735e5e47fe453bb90e7f510c297dfc.jpeg
FHKESRS8,2025.9.13,모자,https://cloudfront.laundrygo.com/smartfactory/smartfactory_20250914010901_93f479131bd54840b6c3c92b7ac6d6c7.jpeg
FHKESRS8,2025.9.13,모자,https://cloudfront.laundrygo.com/smartfactory/smartfactory_20250914011101_e32156f91b0e4d20b33e11905c309a92.jpeg
BUQT9RB3,2025.9.15,모자,https://cloudfront.laundrygo.com/smartfactory/smartfactory_20250917071807_7cb14b6cfb1e47358fdf716718759dad.jpeg
7JJBH069,2025.9.23,모자,https://cloudfront.laundrygo.com/smartfactory/smartfactory_20250924104910_5db72362b7084974aa1bc7cca402e9df.jpeg
YTYI58HG,2025.9.29,모자,https://cloudfront.laundrygo.com/smartfactory/smartfactory_20250930011501_6ae844db80374b848a9c9f42350ea5d5.jpeg
YTYI58HG,2025.9.29,모자,https://cloudfront.laundrygo.com/smartfactory/smartfactory_20250930011501_657840d6fb134e6597a41e980c4cbaec.jpeg
EYW7JWTJ,2025.10.1,모자,https://cloudfront.laundrygo.com/smartfactory/smartfactory_20251002050005_f17e84bd3b724a1091802f9ea171dadb.jpeg
HALU889P,2025.10.9,모자,https://cloudfront.laundrygo.com/smartfactory/smartfactory_20251010075007_943e6e323164411c8d4f8f0f6d8c29db.jpeg
LUUGZBF5,2025.10.11,모자,https://cloudfront.laundrygo.com/smartfactory/smartfactory_20251014135713_58cc6555f45e423289358c8dba217035.jpeg
7JJBH069,2025.10.14,모자,https://cloudfront.laundrygo.com/smartfactory/smartfactory_20251015050605_c4bd4bba8ce149879a7286d922e19302.jpeg
Y2T4QE83,2025.10.15,모자,https://cloudfront.laundrygo.com/smartfactory/smartfactory_20251016150315_c8a7bb5e04e448c68541b41967decf9c.jpeg
907MFCA9,2025.10.21,모자,https://cloudfront.laundrygo.com/smartfactory/smartfactory_20251022094509_0a5f84d42738496db16920295a32d280.jpeg
LUUGZBF5,2025.10.26,모자,https://cloudfront.laundrygo.com/smartfactory/smartfactory_20251027091309_d82d3089ab1d46a5a9fe9b1d739f7b0f.jpeg
LUUGZBF5,2025.10.26,모자,https://cloudfront.laundrygo.com/smartfactory/smartfactory_20251027091509_303a2b78f18342c18a4937ddf784a2f8.jpeg
LUUGZBF5,2025.10.26,모자,https://cloudfront.laundrygo.com/smartfactory/smartfactory_20251027091609_0916127cc80d4233ab9e44005c7b515a.jpeg
45WXISEL,2025.10.28,모자,https://cloudfront.laundrygo.com/smartfactory/smartfactory_20251029081608_6d595d850217449f8e9b2efeb24b9dc2.jpeg
SHXBN6P7,2025.9.23,머플러,https://cloudfront.laundrygo.com/smartfactory/smartfactory_20250924001900_e8421044860d41dea6c62b2a89181b6a.jpeg
3ZJHQZX1,2025.9.26,머플러,https://cloudfront.laundrygo.com/smartfactory/smartfactory_20250927081008_c56e06e80f104c6d94f8e4a59f05701c.jpeg
Q2O88T5H,2025.10.10,머플러,https://cloudfront.laundrygo.com/smartfactory/smartfactory_20251011055705_dfcf69bdf2144058b0e62e53598c5827.jpeg
Q2O88T5H,2025.10.23,머플러,https://cloudfront.laundrygo.com/smartfactory/smartfactory_20251024065906_84d07348db21433d8a2c6a07479dc251.jpeg
3MZWPFTC,2025.8.10,롱패딩점퍼,https://cloudfront.laundrygo.com/smartfactory/smartfactory_20250811073107_db40fb8a37854f09b0020e4aea551905.jpeg
LUUGZBF5,2025.10.11,롱패딩점퍼,https://cloudfront.laundrygo.com/smartfactory/smartfactory_20251014135413_22181edcc81442ae960852745162807a.jpeg
LUUGZBF5,2025.10.11,롱패딩점퍼,https://cloudfront.laundrygo.com/smartfactory/smartfactory_20251014135513_2c643037cf24467cad342eceb96324a2.jpeg
GJC2KN3Y,2025.10.19,롱패딩점퍼,https://cloudfront.laundrygo.com/smartfactory/smartfactory_20251020022102_94378c7afe164db580bfd6febb00a888.jpeg
AIRH43HN,2025.10.26,롱패딩점퍼,https://cloudfront.laundrygo.com/smartfactory/smartfactory_20251027034403_a348b8747bbe4a5d993e6a368281dd3f.jpeg
HALU889P,2025.8.8,"니트, 스웨터",https://cloudfront.laundrygo.com/smartfactory/smartfactory_20250809052705_435c8e464a10409296562072d89c3ad5.jpeg
HALU889P,2025.8.8,"니트, 스웨터",https://cloudfront.laundrygo.com/smartfactory/smartfactory_20250809052805_7c6b7df2ac4e4f78b23be1aff797b606.jpeg
RNBX7YSD,2025.8.8,"니트, 스웨터",https://cloudfront.laundrygo.com/smartfactory/smartfactory_20250809042404_174d18d7301945298296059a55059ffb.jpeg
RNBX7YSD,2025.8.8,"니트, 스웨터",https://cloudfront.laundrygo.com/smartfactory/smartfactory_20250809042404_496ee18fa9f0447a820489a41cc72966.jpeg
JC1PB4D0,2025.8.8,"니트, 스웨터",https://cloudfront.laundrygo.com/smartfactory/smartfactory_20250809082308_eed854a8f7d8404bbc2da5d2dceed6c9.jpeg
JC1PB4D0,2025.8.8,"니트, 스웨터",https://cloudfront.laundrygo.com/smartfactory/smartfactory_20250809082308_22051a0222124577a639849f9ce5010e.jpeg
JC1PB4D0,2025.8.8,"니트, 스웨터",https://cloudfront.laundrygo.com/smartfactory/smartfactory_20250809082508_11abca9158044823a39d5800513c4e5c.jpeg
U2DTD8RO,2025.8.8,"니트, 스웨터",https://cloudfront.laundrygo.com/smartfactory/smartfactory_20250809100910_b14a584260694fd692f8861e7cc90a5e.jpeg
3ZJHQZX1,2025.8.8,"니트, 스웨터",https://cloudfront.laundrygo.com/smartfactory/smartfactory_20250809081208_2a6bc3e9c6f64f71acf5b091c7a9232d.jpeg
3ZJHQZX1,2025.8.8,"니트, 스웨터",https://cloudfront.laundrygo.com/smartfactory/smartfactory_20250809081208_4480679bec28465981b481c03a423ec9.jpeg
OJ7AR6QZ,2025.8.9,"니트, 스웨터",https://cloudfront.laundrygo.com/smartfactory/smartfactory_20250810013901_d2900fbe4e3b433dabbad0ebe28bf2ea.jpeg
OJ7AR6QZ,2025.8.9,"니트, 스웨터",https://cloudfront.laundrygo.com/smartfactory/smartfactory_20250810013901_f5abfb62c2ed4432a986ee11211e6e46.jpeg
W4JH9RHN,2025.8.9,"니트, 스웨터",https://cloudfront.laundrygo.com/smartfactory/smartfactory_20250810001900_6561449e73d14460a84643bf4471a832.jpeg
W4JH9RHN,2025.8.9,"니트, 스웨터",https://cloudfront.laundrygo.com/smartfactory/smartfactory_20250810001900_24c60491237c4c0e82a4d9df62b7cc90.jpeg
BUQT9RB3,2025.8.10,"니트, 스웨터",https://cloudfront.laundrygo.com/smartfactory/smartfactory_20250811162516_d5d55c70afe24e518077e2ff5b266951.jpeg
GSHKANZM,2025.8.10,"니트, 스웨터",https://cloudfront.laundrygo.com/smartfactory/smartfactory_20250811065806_678e4eefb0c34b39b5d650b71006e9e7.jpeg
GSHKANZM,2025.8.10,"니트, 스웨터",https://cloudfront.laundrygo.com/smartfactory/smartfactory_20250811065806_e359fddac03c4364be2d334958fa22ad.jpeg
86BNR2K3,2025.8.10,"니트, 스웨터",https://cloudfront.laundrygo.com/smartfactory/smartfactory_20250811005800_081ef960ed424c3ca1a6345f6a0642d4.jpeg
BU5VJDRB,2025.8.10,"니트, 스웨터",https://cloudfront.laundrygo.com/smartfactory/smartfactory_20250811070907_178fbabd5ec74ea9a4b650954d00cd0b.jpeg
ET8D4PJN,2025.8.10,"니트, 스웨터",https://cloudfront.laundrygo.com/smartfactory/smartfactory_20250811040104_20558c4a12a6435dbb85f019b9bbf1e6.jpeg
JC1PB4D0,2025.8.10,"니트, 스웨터",https://cloudfront.laundrygo.com/smartfactory/smartfactory_20250811035103_635aefd8bd8e424abf5499bfe26b6a64.jpeg
JC1PB4D0,2025.8.10,"니트, 스웨터",https://cloudfront.laundrygo.com/smartfactory/smartfactory_20250811035203_b67ffc2bde2a46b9a96421e8d34e7eb4.jpeg
3MZWPFTC,2025.8.10,"니트, 스웨터",https://cloudfront.laundrygo.com/smartfactory/smartfactory_20250811073207_8bb31e9829d146bd92a1c0617eadf3ab.jpeg
9SL1YYE4,2025.8.11,"니트, 스웨터",https://cloudfront.laundrygo.com/smartfactory/smartfactory_20250812052105_4ba5030ae98a4b8a991d8b2ee81369a7.jpeg
9SL1YYE4,2025.8.11,"니트, 스웨터",https://cloudfront.laundrygo.com/smartfactory/smartfactory_20250812052105_5b014b8e9f22402db742369685ad101c.jpeg
IXRRIYAJ,2025.8.11,"니트, 스웨터",https://cloudfront.laundrygo.com/smartfactory/smartfactory_20250812101310_2bd43ec1291e464ea7cd0b842a4e8aa8.jpeg
SLKT5QUA,2025.8.12,"니트, 스웨터",https://cloudfront.laundrygo.com/smartfactory/smartfactory_20250813003600_b2c6408121264056988c78da074efd55.jpeg
Q2O88T5H,2025.8.12,"니트, 스웨터",https://cloudfront.laundrygo.com/smartfactory/smartfactory_20250813070207_3d40ba81216346e3ae72fe3abf203109.jpeg
Q2O88T5H,2025.8.12,"니트, 스웨터",https://cloudfront.laundrygo.com/smartfactory/smartfactory_20250813070207_8f679c3b3df144088775c97e252bbfc9.jpeg
W4JH9RHN,2025.8.12,"니트, 스웨터",https://cloudfront.laundrygo.com/smartfactory/smartfactory_20250813053605_572508aadd514b2c8016a0b9bced194b.jpeg
W4JH9RHN,2025.8.12,"니트, 스웨터",https://cloudfront.laundrygo.com/smartfactory/smartfactory_20250813053605_507b69d255734ab5a3ef9e80f4411bb8.jpeg
JC1PB4D0,2025.8.12,"니트, 스웨터",https://cloudfront.laundrygo.com/smartfactory/smartfactory_20250813051105_d9984840e76d4e769acd2e38b46c4dec.jpeg
J8EKVUY9,2025.8.13,"니트, 스웨터",https://cloudfront.laundrygo.com/smartfactory/smartfactory_20250814002800_03c9909b9f7c469ea40b15b292a2b786.jpeg
ICNKZ2VE,2025.8.13,"니트, 스웨터",https://cloudfront.laundrygo.com/smartfactory/smartfactory_20250814063506_7563c8ffcf924c51b6fb84b1fae35af3.jpeg
45WXISEL,2025.8.14,"니트, 스웨터",https://cloudfront.laundrygo.com/smartfactory/smartfactory_20250815082908_779644d54dca4bee88d0b0a2512a5fbc.jpeg
JC1PB4D0,2025.8.14,"니트, 스웨터",https://cloudfront.laundrygo.com/smartfactory/smartfactory_20250815080708_57bfdb087e814bf68a71f3e68490d1fd.jpeg
JC1PB4D0,2025.8.14,"니트, 스웨터",https://cloudfront.laundrygo.com/smartfactory/smartfactory_20250815080708_e65eb86c14bd4eb1ab25d0b34bf4ae9b.jpeg
JC1PB4D0,2025.8.14,"니트, 스웨터",https://cloudfront.laundrygo.com/smartfactory/smartfactory_20250815080808_0d5ea51481134617a246ae6b9c0300d3.jpeg
EL2TR2R9,2025.8.15,"니트, 스웨터",https://cloudfront.laundrygo.com/smartfactory/smartfactory_20250816064206_fae3d2381d754b53b9f85e3bdfd48a65.jpeg
EL2TR2R9,2025.8.15,"니트, 스웨터",https://cloudfront.laundrygo.com/smartfactory/smartfactory_20250816064806_311238437fe3471abd2e567804e65763.jpeg
5PJTZX7B,2025.8.15,"니트, 스웨터",https://cloudfront.laundrygo.com/smartfactory/smartfactory_20250816004500_7aa8edfecabc4d87abf96101b2367ce6.jpeg
RNBX7YSD,2025.8.15,"니트, 스웨터",https://cloudfront.laundrygo.com/smartfactory/smartfactory_20250816051405_d703af1130814fb9a0b36900ca5d06a1.jpeg
2Y5DSM48,2025.8.15,"니트, 스웨터",https://cloudfront.laundrygo.com/smartfactory/smartfactory_20250816011101_94f8b547d7a347e2af200393c620fbb1.jpeg
9SL1YYE4,2025.8.15,"니트, 스웨터",https://cloudfront.laundrygo.com/smartfactory/smartfactory_20250816052405_9cf453f1b4f1465fa9cbbfb80cab18e7.jpeg
3ZJHQZX1,2025.8.15,"니트, 스웨터",https://cloudfront.laundrygo.com/smartfactory/smartfactory_20250816045604_af3b7365ad9c42f388efcb3f28ebb0ce.jpeg
YZZ7MWRL,2025.8.16,"니트, 스웨터",https://cloudfront.laundrygo.com/smartfactory/smartfactory_20250817012601_c1238c41d05c4840b145837b022e0498.jpeg
MVTHZ2WK,2025.8.16,"니트, 스웨터",https://cloudfront.laundrygo.com/smartfactory/smartfactory_20250817063206_a410c349e16f45aebfc0a1bc9217c718.jpeg
T8E6FEJW,2025.8.16,"니트, 스웨터",https://cloudfront.laundrygo.com/smartfactory/smartfactory_20250817032903_80dab187e66f431e896e3ab24e40da33.jpeg
T8E6FEJW,2025.8.16,"니트, 스웨터",https://cloudfront.laundrygo.com/smartfactory/smartfactory_20250817033203_28652ce2d8654d97bac66e83a4bcb46c.jpeg
GSHKANZM,2025.8.17,"니트, 스웨터",https://cloudfront.laundrygo.com/smartfactory/smartfactory_20250818031703_66c8bc7a84844bf6b14335240293dd17.jpeg
GSHKANZM,2025.8.17,"니트, 스웨터",https://cloudfront.laundrygo.com/smartfactory/smartfactory_20250818032003_26fcf26b54ad4edd995fc4b9c878e1b1.jpeg
JC1PB4D0,2025.8.17,"니트, 스웨터",https://cloudfront.laundrygo.com/smartfactory/smartfactory_20250818095609_dffc430480ac49c991f75cd09a9ef460.jpeg
Q2O88T5H,2025.8.18,"니트, 스웨터",https://cloudfront.laundrygo.com/smartfactory/smartfactory_20250819052105_b23feacabc474fcfb96484809f3b33c9.jpeg
3ZJHQZX1,2025.8.18,"니트, 스웨터",https://cloudfront.laundrygo.com/smartfactory/smartfactory_20250819054005_b578dcb7f290450c8f220c3467a1471d.jpeg
3ZJHQZX1,2025.8.18,"니트, 스웨터",https://cloudfront.laundrygo.com/smartfactory/smartfactory_20250819054005_3f2a935e6c154dd19e038739b751128b.jpeg
HALU889P,2025.8.19,"니트, 스웨터",https://cloudfront.laundrygo.com/smartfactory/smartfactory_20250820014801_115a4d80f68f482092e6f2930f8542f2.jpeg
HALU889P,2025.8.19,"니트, 스웨터",https://cloudfront.laundrygo.com/smartfactory/smartfactory_20250820014801_8c67fa283c1f4bd7b27683a4e73184b3.jpeg
HALU889P,2025.8.19,"니트, 스웨터",https://cloudfront.laundrygo.com/smartfactory/smartfactory_20250820015701_ea9f2e357afa462797273fbfd48cb9b2.jpeg
XHH0DT03,2025.8.19,"니트, 스웨터",https://cloudfront.laundrygo.com/smartfactory/smartfactory_20250820033903_9ee0ff494a7e4a7a823b09e3db659c29.jpeg
45WXISEL,2025.8.19,"니트, 스웨터",https://cloudfront.laundrygo.com/smartfactory/smartfactory_20250820064806_c2315664784e43ecac3e0eae8b7d3eb1.jpeg
W4JH9RHN,2025.8.19,"니트, 스웨터",https://cloudfront.laundrygo.com/smartfactory/smartfactory_20250820051805_5ba7da0ff2624003bac190381b0463aa.jpeg
W4JH9RHN,2025.8.19,"니트, 스웨터",https://cloudfront.laundrygo.com/smartfactory/smartfactory_20250820051805_435fbadd49ce4e25970e30d213bc9f5b.jpeg
W4JH9RHN,2025.8.19,"니트, 스웨터",https://cloudfront.laundrygo.com/smartfactory/smartfactory_20250820051905_ce95b278e1d44445810ddd7b9a4561d7.jpeg
LUUGZBF5,2025.8.20,"니트, 스웨터",https://cloudfront.laundrygo.com/smartfactory/smartfactory_20250821010801_f9b911e4af0b4f43a320827b0446f98e.jpeg
MXBK9AFC,2025.8.20,"니트, 스웨터",https://cloudfront.laundrygo.com/smartfactory/smartfactory_20250821064806_5e1b306431c446d6841488a2589f1368.jpeg
K4H90WNS,2025.8.20,"니트, 스웨터",https://cloudfront.laundrygo.com/smartfactory/smartfactory_20250821060806_7049cdd1f0d44196905eb7413a431d27.jpeg
K4H90WNS,2025.8.20,"니트, 스웨터",https://cloudfront.laundrygo.com/smartfactory/smartfactory_20250821060906_58e09043553940b6990f9b6454010293.jpeg
BU5VJDRB,2025.8.20,"니트, 스웨터",https://cloudfront.laundrygo.com/smartfactory/smartfactory_20250821074507_c0a3121bf7d7494fa45a3e68b7bdbb7a.jpeg
ICNKZ2VE,2025.8.21,"니트, 스웨터",https://cloudfront.laundrygo.com/smartfactory/smartfactory_20250822062506_3f477b801845434bbd4ebfae1bbbd675.jpeg
ICNKZ2VE,2025.8.21,"니트, 스웨터",https://cloudfront.laundrygo.com/smartfactory/smartfactory_20250822062606_454b4fcb03da4ef1a28fd58970697374.jpeg
JC1PB4D0,2025.8.21,"니트, 스웨터",https://cloudfront.laundrygo.com/smartfactory/smartfactory_20250822100910_ad53dda5f1544eac997a05a463ad7888.jpeg
JC1PB4D0,2025.8.21,"니트, 스웨터",https://cloudfront.laundrygo.com/smartfactory/smartfactory_20250822101110_d08d292b61054569935fbfd93b54f76e.jpeg
GVWBKFEI,2025.8.21,"니트, 스웨터",https://cloudfront.laundrygo.com/smartfactory/smartfactory_20250822101010_8fbe3bc38f6a4acebf1469650a30b742.jpeg
GVWBKFEI,2025.8.21,"니트, 스웨터",https://cloudfront.laundrygo.com/smartfactory/smartfactory_20250822101110_0f6a6ddabee5454591e456402e5b29cc.jpeg
EL2TR2R9,2025.8.22,"니트, 스웨터",https://cloudfront.laundrygo.com/smartfactory/smartfactory_20250823052705_dc16fd84ebd24cdc8ebb4e4509c5ce43.jpeg
AZD3BJMZ,2025.8.22,"니트, 스웨터",https://cloudfront.laundrygo.com/smartfactory/smartfactory_20250823034303_59602bb90d414efb89f2d793c47b6f91.jpeg
AZD3BJMZ,2025.8.22,"니트, 스웨터",https://cloudfront.laundrygo.com/smartfactory/smartfactory_20250823034303_65dee861a99c45d1a780b50d570006e4.jpeg
6FTJ6NJJ,2025.8.22,"니트, 스웨터",https://cloudfront.laundrygo.com/smartfactory/smartfactory_20250823051305_084b7195bc3d45cf8ab1544c8f366daf.jpeg
FPP9YBNG,2025.8.22,"니트, 스웨터",https://cloudfront.laundrygo.com/smartfactory/smartfactory_20250823014701_2eb39ed9bc1d44a8813c7a14638a280f.jpeg
9SL1YYE4,2025.8.22,"니트, 스웨터",https://cloudfront.laundrygo.com/smartfactory/smartfactory_20250823054705_9583f17c7da84e61980908c3548f00b9.jpeg
9SL1YYE4,2025.8.22,"니트, 스웨터",https://cloudfront.laundrygo.com/smartfactory/smartfactory_20250823054805_eb47a44e07a84171a98929e3421630a4.jpeg
6GS9JIYM,2025.8.22,"니트, 스웨터",https://cloudfront.laundrygo.com/smartfactory/smartfactory_20250823180518_0337c3f3a3444e50a3a1a9afd62ee42c.jpeg
FHKESRS8,2025.8.22,"니트, 스웨터",https://cloudfront.laundrygo.com/smartfactory/smartfactory_20250823002100_6492ba6953444f4f8666ff14424963d6.jpeg
3ZJHQZX1,2025.8.22,"니트, 스웨터",https://cloudfront.laundrygo.com/smartfactory/smartfactory_20250823050505_d5c47610981046948c549d55345b6260.jpeg
SHXBN6P7,2025.8.23,"니트, 스웨터",https://cloudfront.laundrygo.com/smartfactory/smartfactory_20250824043704_4ff20c7e89cd415b9e4e6035ced8c24b.jpeg
YZZ7MWRL,2025.8.23,"니트, 스웨터",https://cloudfront.laundrygo.com/smartfactory/smartfactory_20250824085608_3060cbaf46ed4a6c9dcb4fb4442b6bff.jpeg
V7HCX6D0,2025.8.23,"니트, 스웨터",https://cloudfront.laundrygo.com/smartfactory/smartfactory_20250824010601_eddfd76484ab4902a3215cc9fdbdea94.jpeg
UQAF7PCB,2025.8.24,"니트, 스웨터",https://cloudfront.laundrygo.com/smartfactory/smartfactory_20250825053305_23e14b0c3be047d294d6bb63f9317319.jpeg
QCZ2BL2B,2025.8.24,"니트, 스웨터",https://cloudfront.laundrygo.com/smartfactory/smartfactory_20250825030203_924e33ab75fe478a99deb7adacf3d507.jpeg
JC1PB4D0,2025.8.24,"니트, 스웨터",https://cloudfront.laundrygo.com/smartfactory/smartfactory_20250825102710_3a65d70c172146f59e1c53aaeb257822.jpeg
6FTJ6NJJ,2025.8.25,"니트, 스웨터",https://cloudfront.laundrygo.com/smartfactory/smartfactory_20250826045604_349741ac447a428faea59025d9ff2c39.jpeg
86BNR2K3,2025.8.25,"니트, 스웨터",https://cloudfront.laundrygo.com/smartfactory/smartfactory_20250826043704_1ed696a656f8409585b1d77bbb2e4eb6.jpeg
HALU889P,2025.8.26,"니트, 스웨터",https://cloudfront.laundrygo.com/smartfactory/smartfactory_20250827040004_87155c9145824986a0635af4459c1f7b.jpeg
HALU889P,2025.8.26,"니트, 스웨터",https://cloudfront.laundrygo.com/smartfactory/smartfactory_20250827040004_08e40a2f71d349a8a8b6c04b23766318.jpeg
OJ7AR6QZ,2025.8.26,"니트, 스웨터",https://cloudfront.laundrygo.com/smartfactory/smartfactory_20250827110011_8356f5de99554d79801a57885ef798bb.jpeg
45WXISEL,2025.8.26,"니트, 스웨터",https://cloudfront.laundrygo.com/smartfactory/smartfactory_20250827092709_661ec352faf444e5ac5abc15e80daa07.jpeg
45WXISEL,2025.8.26,"니트, 스웨터",https://cloudfront.laundrygo.com/smartfactory/smartfactory_20250827093009_0b30f025f5ae48f59a7ffd669a096449.jpeg
45WXISEL,2025.8.26,"니트, 스웨터",https://cloudfront.laundrygo.com/smartfactory/smartfactory_20250827093109_2190dcfac111415f8e032e13c6c7da5d.jpeg
BU5VJDRB,2025.8.26,"니트, 스웨터",https://cloudfront.laundrygo.com/smartfactory/smartfactory_20250827044404_d295f13887f64eb78ba6b49ce080f1bd.jpeg
SLKT5QUA,2025.8.27,"니트, 스웨터",https://cloudfront.laundrygo.com/smartfactory/smartfactory_20250829131713_6acfd7cca5bd48aa98625ec0978c8792.jpeg
907MFCA9,2025.8.27,"니트, 스웨터",https://cloudfront.laundrygo.com/smartfactory/smartfactory_20250828091509_08d643dadb694770abdc47faeee60724.jpeg
JC1PB4D0,2025.8.27,"니트, 스웨터",https://cloudfront.laundrygo.com/smartfactory/smartfactory_20250828091609_547e180c035440f2be8d82c24225cae4.jpeg
JC1PB4D0,2025.8.27,"니트, 스웨터",https://cloudfront.laundrygo.com/smartfactory/smartfactory_20250828091809_4f491c9fc19e4429b1fe0cddd024722e.jpeg
6GS9JIYM,2025.8.27,"니트, 스웨터",https://cloudfront.laundrygo.com/smartfactory/smartfactory_20250828163916_92b3d393664b42e1b965e8f3eec8dc9a.jpeg
W4JH9RHN,2025.8.28,"니트, 스웨터",https://cloudfront.laundrygo.com/smartfactory/smartfactory_20250829032003_1ae55fea4eb04ecfb66a466678528ac5.jpeg
W4JH9RHN,2025.8.28,"니트, 스웨터",https://cloudfront.laundrygo.com/smartfactory/smartfactory_20250829032003_8b44bd0879b44e1392900cd9eaf91bae.jpeg
W4JH9RHN,2025.8.28,"니트, 스웨터",https://cloudfront.laundrygo.com/smartfactory/smartfactory_20250829032003_5b54466a9af54a2db76b4f0d2da18bf1.jpeg
W4JH9RHN,2025.8.28,"니트, 스웨터",https://cloudfront.laundrygo.com/smartfactory/smartfactory_20250829032103_b1d9407691d84c70b00fe25b6ef04e53.jpeg
W4JH9RHN,2025.8.28,"니트, 스웨터",https://cloudfront.laundrygo.com/smartfactory/smartfactory_20250829032103_b9d30e222d5d4ef5a37e4c0b9e292e8c.jpeg
W4JH9RHN,2025.8.28,"니트, 스웨터",https://cloudfront.laundrygo.com/smartfactory/smartfactory_20250829032103_ab83d2b5e1244249bbb9cd8f88c776ce.jpeg
LUUGZBF5,2025.8.29,"니트, 스웨터",https://cloudfront.laundrygo.com/smartfactory/smartfactory_20250830002400_dba2e38738f940a686486205bb920eca.jpeg
LUUGZBF5,2025.8.29,"니트, 스웨터",https://cloudfront.laundrygo.com/smartfactory/smartfactory_20250830002700_9d547c3ef48d489aabd0243bc8a9210f.jpeg
LUUGZBF5,2025.8.29,"니트, 스웨터",https://cloudfront.laundrygo.com/smartfactory/smartfactory_20250830002800_b0cf89e4bbc54c00bb5a5f418d634c19.jpeg
GSHKANZM,2025.8.29,"니트, 스웨터",https://cloudfront.laundrygo.com/smartfactory/smartfactory_20250830075407_1117c81dce1f4d9dbd68b2fca6446aa6.jpeg
6FTJ6NJJ,2025.8.29,"니트, 스웨터",https://cloudfront.laundrygo.com/smartfactory/smartfactory_20250830035203_c68d4bb4a1614454b87f710e2f231042.jpeg
2R0JSXFA,2025.8.29,"니트, 스웨터",https://cloudfront.laundrygo.com/smartfactory/smartfactory_20250830051505_565bb64cb23645c8973449c0b1ffa1f2.jpeg
GVWBKFEI,2025.8.29,"니트, 스웨터",https://cloudfront.laundrygo.com/smartfactory/smartfactory_20250830034503_dedfca34e378454f888e262f3b7b347a.jpeg
YZZ7MWRL,2025.8.30,"니트, 스웨터",https://cloudfront.laundrygo.com/smartfactory/smartfactory_20250831082408_c959361872cd40d0a2c7a6d89cb58966.jpeg
RNBX7YSD,2025.8.30,"니트, 스웨터",https://cloudfront.laundrygo.com/smartfactory/smartfactory_20250831055105_7165125865514a818be3c2c7d6180d6a.jpeg
K4H90WNS,2025.8.30,"니트, 스웨터",https://cloudfront.laundrygo.com/smartfactory/smartfactory_20250831001600_3524609560374684a4e09cef3ab9fe1f.jpeg
K4H90WNS,2025.8.30,"니트, 스웨터",https://cloudfront.laundrygo.com/smartfactory/smartfactory_20250831001800_e5291f6cb96745038da39e9416300531.jpeg
BU5VJDRB,2025.8.30,"니트, 스웨터",https://cloudfront.laundrygo.com/smartfactory/smartfactory_20250831072507_037d8c89c34949039f673c20e06df628.jpeg
XBOM2WLP,2025.8.30,"니트, 스웨터",https://cloudfront.laundrygo.com/smartfactory/smartfactory_20250831064306_9b715adb29274ccfafdcbb011e947bab.jpeg
JY6ZWQZL,2025.8.30,"니트, 스웨터",https://cloudfront.laundrygo.com/smartfactory/smartfactory_20250831013601_70cc29c8a9d3433cbde09e059fee084e.jpeg
JC1PB4D0,2025.8.30,"니트, 스웨터",https://cloudfront.laundrygo.com/smartfactory/smartfactory_20250831061006_f84bdc8594844fd9a40af547ecf6322b.jpeg
86BNR2K3,2025.8.31,"니트, 스웨터",https://cloudfront.laundrygo.com/smartfactory/smartfactory_20250901002600_7d4ceb7ea1084c59b9a30f4e7c41a219.jpeg
OJ7AR6QZ,2025.8.31,"니트, 스웨터",https://cloudfront.laundrygo.com/smartfactory/smartfactory_20250901104010_a2bbb4d53b1e4c21a19591133e5f2f69.jpeg
OJ7AR6QZ,2025.8.31,"니트, 스웨터",https://cloudfront.laundrygo.com/smartfactory/smartfactory_20250901104110_cbec5b28e8fe4c8386242ae5c3a76146.jpeg
45WXISEL,2025.8.31,"니트, 스웨터",https://cloudfront.laundrygo.com/smartfactory/smartfactory_20250901085608_84aa8ab0caca4a8aa5bbba1709990b02.jpeg
J8EKVUY9,2025.9.1,"니트, 스웨터",https://cloudfront.laundrygo.com/smartfactory/smartfactory_20250902052805_148280caa50e47c2bcdd3c7e2bf96808.jpeg
5PJTZX7B,2025.9.1,"니트, 스웨터",https://cloudfront.laundrygo.com/smartfactory/smartfactory_20250902053305_c6d4b8bfa3794dbab4a7c5b8fed5f2f1.jpeg
VRSYKL5V,2025.9.1,"니트, 스웨터",https://cloudfront.laundrygo.com/smartfactory/smartfactory_20250902023002_f562870895f1471faf146167eb215511.jpeg
V9GQSYD8,2025.9.1,"니트, 스웨터",https://cloudfront.laundrygo.com/smartfactory/smartfactory_20250902013601_0a346503f42c485a89fe1dd6d7e6bd64.jpeg
35IPG2VA,2025.9.1,"니트, 스웨터",https://cloudfront.laundrygo.com/smartfactory/smartfactory_20250902002000_480a5a87b8b649a6a8ab42e8b8b39493.jpeg
Q2O88T5H,2025.9.2,"니트, 스웨터",https://cloudfront.laundrygo.com/smartfactory/smartfactory_20250903043404_c3e6931bb8024a90be0cfaffba72b138.jpeg
JC1PB4D0,2025.9.2,"니트, 스웨터",https://cloudfront.laundrygo.com/smartfactory/smartfactory_20250903083908_0db67e83c0aa43c18093899f76affba4.jpeg
JC1PB4D0,2025.9.2,"니트, 스웨터",https://cloudfront.laundrygo.com/smartfactory/smartfactory_20250903083908_967b1827661b40619afdca8b433c7cdf.jpeg
EL2TR2R9,2025.9.3,"니트, 스웨터",https://cloudfront.laundrygo.com/smartfactory/smartfactory_20250904004500_2445a2d9458640b0b3150bc21aad6995.jpeg
HALU889P,2025.9.3,"니트, 스웨터",https://cloudfront.laundrygo.com/smartfactory/smartfactory_20250904033103_384a5b5acd1243edba5c0050f85ad586.jpeg
W4JH9RHN,2025.9.3,"니트, 스웨터",https://cloudfront.laundrygo.com/smartfactory/smartfactory_20250904044104_23dc239d73b943ed98a884ed3bd04cad.jpeg
W4JH9RHN,2025.9.3,"니트, 스웨터",https://cloudfront.laundrygo.com/smartfactory/smartfactory_20250904044104_53e68a89983846bebf0c8ab9e6e569aa.jpeg
W4JH9RHN,2025.9.3,"니트, 스웨터",https://cloudfront.laundrygo.com/smartfactory/smartfactory_20250904044104_cc6e6896141a4a0397d6a62bb464442e.jpeg
IXRRIYAJ,2025.9.3,"니트, 스웨터",https://cloudfront.laundrygo.com/smartfactory/smartfactory_20250904081708_ca091d1cbb884580867a134a3f233a2b.jpeg
6FTJ6NJJ,2025.9.4,"니트, 스웨터",https://cloudfront.laundrygo.com/smartfactory/smartfactory_20250905111511_ef9ea628987d4f52a5af1773cabcea0f.jpeg
U2DTD8RO,2025.9.4,"니트, 스웨터",https://cloudfront.laundrygo.com/smartfactory/smartfactory_20250905090009_cd81cafc1b284864b5b368c7a43dd14a.jpeg
YZZ7MWRL,2025.9.5,"니트, 스웨터",https://cloudfront.laundrygo.com/smartfactory/smartfactory_20250906002100_a43f150a0976486898625850d3d3601d.jpeg
AZD3BJMZ,2025.9.5,"니트, 스웨터",https://cloudfront.laundrygo.com/smartfactory/smartfactory_20250906134313_887c5c87b3554bd0ac81f4d2b885a00c.jpeg
RNBX7YSD,2025.9.5,"니트, 스웨터",https://cloudfront.laundrygo.com/smartfactory/smartfactory_20250906032003_3a06531dc97a4960a7eba81401864577.jpeg
2Y5DSM48,2025.9.5,"니트, 스웨터",https://cloudfront.laundrygo.com/smartfactory/smartfactory_20250906070507_f7202d66eb254e9a856d7436bd73b0ac.jpeg
9SL1YYE4,2025.9.5,"니트, 스웨터",https://cloudfront.laundrygo.com/smartfactory/smartfactory_20250906051105_8cf97b9d5ac44e1e94f193a44da91a6d.jpeg
9SL1YYE4,2025.9.5,"니트, 스웨터",https://cloudfront.laundrygo.com/smartfactory/smartfactory_20250906051105_259cee246cc64319a128d8dded00cc44.jpeg
K4H90WNS,2025.9.5,"니트, 스웨터",https://cloudfront.laundrygo.com/smartfactory/smartfactory_20250906004400_3a61d84dce9548e3a8431fd4e04b5fe9.jpeg
GSHKANZM,2025.9.6,"니트, 스웨터",https://cloudfront.laundrygo.com/smartfactory/smartfactory_20250907053205_aab2494d480d4caaaa598c52af6c1393.jpeg
GSHKANZM,2025.9.6,"니트, 스웨터",https://cloudfront.laundrygo.com/smartfactory/smartfactory_20250907053305_9a7a8d93db324292a15de4218094881b.jpeg
MVTHZ2WK,2025.9.6,"니트, 스웨터",https://cloudfront.laundrygo.com/smartfactory/smartfactory_20250907003700_c99b1b12f8f7451db35e6a0873f694fd.jpeg
2R0JSXFA,2025.9.6,"니트, 스웨터",https://cloudfront.laundrygo.com/smartfactory/smartfactory_20250907032203_763f43b3285f490288ce24d32ae69c88.jpeg
JC1PB4D0,2025.9.6,"니트, 스웨터",https://cloudfront.laundrygo.com/smartfactory/smartfactory_20250907080408_2387391bc1ef43ffab85dd231d1b3007.jpeg
JC1PB4D0,2025.9.6,"니트, 스웨터",https://cloudfront.laundrygo.com/smartfactory/smartfactory_20250907080408_cfb9abeadd894e388ee4e73dd500b64b.jpeg
JC1PB4D0,2025.9.6,"니트, 스웨터",https://cloudfront.laundrygo.com/smartfactory/smartfactory_20250907080508_f8f56dfe9d56464fb2e267b8f7468dd6.jpeg
6GS9JIYM,2025.9.6,"니트, 스웨터",https://cloudfront.laundrygo.com/smartfactory/smartfactory_20250907170517_c690cbbce131466daf988bb54a0416b0.jpeg
LUUGZBF5,2025.9.7,"니트, 스웨터",https://cloudfront.laundrygo.com/smartfactory/smartfactory_20250908064806_126633a4058648999edc2d07ee67b9a0.jpeg
FPP9YBNG,2025.9.7,"니트, 스웨터",https://cloudfront.laundrygo.com/smartfactory/smartfactory_20250908061006_59c9af748db04ba28ce1b23cf2f2a473.jpeg
CF4EXSN3,2025.9.7,"니트, 스웨터",https://cloudfront.laundrygo.com/smartfactory/smartfactory_20250908060106_9ce331602818478caa15852fd46f8cb5.jpeg
CF4EXSN3,2025.9.7,"니트, 스웨터",https://cloudfront.laundrygo.com/smartfactory/smartfactory_20250908081108_8e725d9ac7f34deebc5f101b9f87de2a.jpeg
CF4EXSN3,2025.9.7,"니트, 스웨터",https://cloudfront.laundrygo.com/smartfactory/smartfactory_20250908081108_dc38e4a6b4dd4b398195e4c94f461b0c.jpeg
OJ7AR6QZ,2025.9.7,"니트, 스웨터",https://cloudfront.laundrygo.com/smartfactory/smartfactory_20250908091009_9f897b4a45e14f08bbc13ca38f4f3c0b.jpeg
JY6ZWQZL,2025.9.7,"니트, 스웨터",https://cloudfront.laundrygo.com/smartfactory/smartfactory_20250908052005_50c5d821c9c543a2989252e77797b9d6.jpeg
HALU889P,2025.9.8,"니트, 스웨터",https://cloudfront.laundrygo.com/smartfactory/smartfactory_20250909054605_4d5a8c944e2d4e889a9d593308925eb7.jpeg
HALU889P,2025.9.8,"니트, 스웨터",https://cloudfront.laundrygo.com/smartfactory/smartfactory_20250909054705_09aaea677f1146d38bbc7d7893081047.jpeg
J8EKVUY9,2025.9.8,"니트, 스웨터",https://cloudfront.laundrygo.com/smartfactory/smartfactory_20250909034903_0a6e43a368834734a0946e4b8448f090.jpeg
T8E6FEJW,2025.9.8,"니트, 스웨터",https://cloudfront.laundrygo.com/smartfactory/smartfactory_20250909030203_bb7264f51fba4e3982c6475bcd244760.jpeg
T8E6FEJW,2025.9.8,"니트, 스웨터",https://cloudfront.laundrygo.com/smartfactory/smartfactory_20250909030303_f6552f195b8c470398ccbeff1b0584ca.jpeg
T8E6FEJW,2025.9.8,"니트, 스웨터",https://cloudfront.laundrygo.com/smartfactory/smartfactory_20250909030403_8721811a34aa44dd8a19da8e6045b2a3.jpeg
T8E6FEJW,2025.9.8,"니트, 스웨터",https://cloudfront.laundrygo.com/smartfactory/smartfactory_20250909030503_d76ca8933aef4ff99575ac40e99fa001.jpeg
86BNR2K3,2025.9.8,"니트, 스웨터",https://cloudfront.laundrygo.com/smartfactory/smartfactory_20250909052905_8d5b1164a3f74da9ba57bed1d9cc8ae5.jpeg
86BNR2K3,2025.9.8,"니트, 스웨터",https://cloudfront.laundrygo.com/smartfactory/smartfactory_20250909053005_5e6879523baf4cd9af7453ac93aa9705.jpeg
W4JH9RHN,2025.9.8,"니트, 스웨터",https://cloudfront.laundrygo.com/smartfactory/smartfactory_20250909064806_0cb64c29751845ca86b3f3eb17e1e3ca.jpeg
U2DTD8RO,2025.9.8,"니트, 스웨터",https://cloudfront.laundrygo.com/smartfactory/smartfactory_20250909164516_55a0ebfc665f4065aaa704bc3e9848ca.jpeg
BUQT9RB3,2025.9.9,"니트, 스웨터",https://cloudfront.laundrygo.com/smartfactory/smartfactory_20250910082308_8350ce62d13a475b92da6714cb379093.jpeg
EL2TR2R9,2025.9.9,"니트, 스웨터",https://cloudfront.laundrygo.com/smartfactory/smartfactory_20250910001300_9857692fbf7c4de78a3a777ca3659f3f.jpeg
EL2TR2R9,2025.9.9,"니트, 스웨터",https://cloudfront.laundrygo.com/smartfactory/smartfactory_20250910001600_443d3afeb7fb48adba77b7e96f0b1d74.jpeg
JC1PB4D0,2025.9.9,"니트, 스웨터",https://cloudfront.laundrygo.com/smartfactory/smartfactory_20250910091009_a1603775e5354d49b1b5767b644b26ee.jpeg
JC1PB4D0,2025.9.9,"니트, 스웨터",https://cloudfront.laundrygo.com/smartfactory/smartfactory_20250910091409_4d237788e65a4a25b2a22dd2361216a3.jpeg
JC1PB4D0,2025.9.9,"니트, 스웨터",https://cloudfront.laundrygo.com/smartfactory/smartfactory_20250910091409_4677b85d7055417d8671e001e71d73bc.jpeg
6FTJ6NJJ,2025.9.10,"니트, 스웨터",https://cloudfront.laundrygo.com/smartfactory/smartfactory_20250911051605_37e65db2d2b64fe3b0486f51e60cb0e6.jpeg
6FTJ6NJJ,2025.9.10,"니트, 스웨터",https://cloudfront.laundrygo.com/smartfactory/smartfactory_20250911051605_0890e5b672ab46b9ac23add2fc57ab8f.jpeg
V9GQSYD8,2025.9.10,"니트, 스웨터",https://cloudfront.laundrygo.com/smartfactory/smartfactory_20250911012201_85c514c081da4444b9544e39adc1ba6d.jpeg
Q2O88T5H,2025.9.10,"니트, 스웨터",https://cloudfront.laundrygo.com/smartfactory/smartfactory_20250911042004_e854714a540a4e638e876714ae791f40.jpeg
W4JH9RHN,2025.9.11,"니트, 스웨터",https://cloudfront.laundrygo.com/smartfactory/smartfactory_20250912044504_15308fa3ddfa4fa7ad3e1ee12c57b063.jpeg
5PJTZX7B,2025.9.12,"니트, 스웨터",https://cloudfront.laundrygo.com/smartfactory/smartfactory_20250913065106_df271a5b47e34ceab9e1f5129e196e6b.jpeg
5PJTZX7B,2025.9.12,"니트, 스웨터",https://cloudfront.laundrygo.com/smartfactory/smartfactory_20250913082308_1e7f2e948c1e4a4b957de09b8e372eb0.jpeg
5PJTZX7B,2025.9.12,"니트, 스웨터",https://cloudfront.laundrygo.com/smartfactory/smartfactory_20250913082308_10e02674042c45d9b8ac889390dc3338.jpeg
5PJTZX7B,2025.9.12,"니트, 스웨터",https://cloudfront.laundrygo.com/smartfactory/smartfactory_20250913082308_b6c97c7383904426ac46cd8918ff98ef.jpeg
5PJTZX7B,2025.9.12,"니트, 스웨터",https://cloudfront.laundrygo.com/smartfactory/smartfactory_20250913070007_7e531fa46eca414f973878b4ea0430c7.jpeg
5PJTZX7B,2025.9.12,"니트, 스웨터",https://cloudfront.laundrygo.com/smartfactory/smartfactory_20250913071207_ab6b3b26a9de48dc80b6e8be6161ec2d.jpeg
VDBOLAFE,2025.9.12,"니트, 스웨터",https://cloudfront.laundrygo.com/smartfactory/smartfactory_20250913144314_d696bb4a4e4747d083c8e77e4cd4c174.jpeg
JC1PB4D0,2025.9.12,"니트, 스웨터",https://cloudfront.laundrygo.com/smartfactory/smartfactory_20250913091409_fc8d6ed297de4a88a6de775812c9cc14.jpeg
JC1PB4D0,2025.9.12,"니트, 스웨터",https://cloudfront.laundrygo.com/smartfactory/smartfactory_20250913093309_0521b3f734744204bade0380fbc07001.jpeg
LUUGZBF5,2025.9.13,"니트, 스웨터",https://cloudfront.laundrygo.com/smartfactory/smartfactory_20250914065906_f15a0cc4bb7041069237c74442b18425.jpeg
LUUGZBF5,2025.9.13,"니트, 스웨터",https://cloudfront.laundrygo.com/smartfactory/smartfactory_20250914065906_c77cd0bd8ea34154a2a4d4670b1628d3.jpeg
K4H90WNS,2025.9.13,"니트, 스웨터",https://cloudfront.laundrygo.com/smartfactory/smartfactory_20250914073307_fb0cd0c69a334d699523b1432f66bd2c.jpeg
K4H90WNS,2025.9.13,"니트, 스웨터",https://cloudfront.laundrygo.com/smartfactory/smartfactory_20250914073607_48084cc44a45468fada03f730f261a3c.jpeg
45WXISEL,2025.9.13,"니트, 스웨터",https://cloudfront.laundrygo.com/smartfactory/smartfactory_20250914033403_8369783c7df34ddb8eef860e4f20e524.jpeg
45WXISEL,2025.9.13,"니트, 스웨터",https://cloudfront.laundrygo.com/smartfactory/smartfactory_20250914033503_81ecd325cc5544878fee97dbaef853a9.jpeg
BU5VJDRB,2025.9.13,"니트, 스웨터",https://cloudfront.laundrygo.com/smartfactory/smartfactory_20250914063506_e6e70fb96ec84802ba994a53af5674d9.jpeg
U2DTD8RO,2025.9.13,"니트, 스웨터",https://cloudfront.laundrygo.com/smartfactory/smartfactory_20250915131913_9e179672e626482b8159635de4b24f95.jpeg
U2DTD8RO,2025.9.13,"니트, 스웨터",https://cloudfront.laundrygo.com/smartfactory/smartfactory_20250915132013_53ed25432ebf4323a1bd2fd4364cbab0.jpeg
907MFCA9,2025.9.15,"니트, 스웨터",https://cloudfront.laundrygo.com/smartfactory/smartfactory_20250916072107_6da4673c16164c4788b6e45067b5d744.jpeg
JY6ZWQZL,2025.9.15,"니트, 스웨터",https://cloudfront.laundrygo.com/smartfactory/smartfactory_20250916014101_649fcd1add424a7380f7e8c69bf85c45.jpeg
3ZJHQZX1,2025.9.15,"니트, 스웨터",https://cloudfront.laundrygo.com/smartfactory/smartfactory_20250916042904_3332e0615d814de1958c892e8d666f27.jpeg
3ZJHQZX1,2025.9.15,"니트, 스웨터",https://cloudfront.laundrygo.com/smartfactory/smartfactory_20250916043004_a4f957d1eaba47efadcd73e4785b3f5a.jpeg
3ZJHQZX1,2025.9.15,"니트, 스웨터",https://cloudfront.laundrygo.com/smartfactory/smartfactory_20250916043204_9560a2fc1bb444e2b2588c2f8c19461c.jpeg
HALU889P,2025.9.16,"니트, 스웨터",https://cloudfront.laundrygo.com/smartfactory/smartfactory_20250917014001_b4e7f15d6c5546a2bca3219b777d1576.jpeg
HALU889P,2025.9.16,"니트, 스웨터",https://cloudfront.laundrygo.com/smartfactory/smartfactory_20250917014201_a9210b842c7043ca9a05552455094adc.jpeg
YZZ7MWRL,2025.9.16,"니트, 스웨터",https://cloudfront.laundrygo.com/smartfactory/smartfactory_20250917004300_b2d6c1ee6a1a4fa58fecaf5b005cd376.jpeg
9SL1YYE4,2025.9.16,"니트, 스웨터",https://cloudfront.laundrygo.com/smartfactory/smartfactory_20250917023602_df0849591f404aa6bb372eb071a50385.jpeg
SHXBN6P7,2025.9.17,"니트, 스웨터",https://cloudfront.laundrygo.com/smartfactory/smartfactory_20250918014901_47d78b3f38af46c4a808f5b2d9922a95.jpeg
SHXBN6P7,2025.9.17,"니트, 스웨터",https://cloudfront.laundrygo.com/smartfactory/smartfactory_20250918015001_d54798661b824af58a5d311208336a99.jpeg
GJC2KN3Y,2025.9.17,"니트, 스웨터",https://cloudfront.laundrygo.com/smartfactory/smartfactory_20250918025902_1d3771e4a515443081e7b28f00aff089.jpeg
45WXISEL,2025.9.17,"니트, 스웨터",https://cloudfront.laundrygo.com/smartfactory/smartfactory_20250918082808_3993917d28ba4c159039fe2be90e5c9e.jpeg
45WXISEL,2025.9.17,"니트, 스웨터",https://cloudfront.laundrygo.com/smartfactory/smartfactory_20250918083008_481222631b68494e8488a8abe82c6454.jpeg
JC1PB4D0,2025.9.17,"니트, 스웨터",https://cloudfront.laundrygo.com/smartfactory/smartfactory_20250918101310_4b3d450a8b20435383538f1dd793a937.jpeg
ET8D4PJN,2025.9.18,"니트, 스웨터",https://cloudfront.laundrygo.com/smartfactory/smartfactory_20250919071607_bd4e19e229d84f28bfb2a00d77c75cf8.jpeg
K4H90WNS,2025.9.19,"니트, 스웨터",https://cloudfront.laundrygo.com/smartfactory/smartfactory_20250920001300_d4839d5733ff4eca9c1e0ce9c9099ecd.jpeg
IXRRIYAJ,2025.9.19,"니트, 스웨터",https://cloudfront.laundrygo.com/smartfactory/smartfactory_20250920060806_e358f4916db048a7984862481ee9dd71.jpeg
RNBX7YSD,2025.9.20,"니트, 스웨터",https://cloudfront.laundrygo.com/smartfactory/smartfactory_20250921082008_0c501dfe0c9946d79d6c82aa8ec30c4e.jpeg
FPP9YBNG,2025.9.20,"니트, 스웨터",https://cloudfront.laundrygo.com/smartfactory/smartfactory_20250921013101_bc5ebb289ef446ed86edb453d74e30ca.jpeg
FPP9YBNG,2025.9.20,"니트, 스웨터",https://cloudfront.laundrygo.com/smartfactory/smartfactory_20250921013201_0b1a5321fbb84d6b8f18844b35be5de0.jpeg
2R0JSXFA,2025.9.20,"니트, 스웨터",https://cloudfront.laundrygo.com/smartfactory/smartfactory_20250921044204_739c8ae7f696483fb272cdce5a3b4ec4.jpeg
LUUGZBF5,2025.9.21,"니트, 스웨터",https://cloudfront.laundrygo.com/smartfactory/smartfactory_20250922082008_eb043daf365d48a5a38103f78fff2021.jpeg
J8EKVUY9,2025.9.21,"니트, 스웨터",https://cloudfront.laundrygo.com/smartfactory/smartfactory_20250922052705_ccdc3988976c47bca55db7aa2383edc5.jpeg
T8E6FEJW,2025.9.21,"니트, 스웨터",https://cloudfront.laundrygo.com/smartfactory/smartfactory_20250922031003_d9d5fd53eed24337b55cfcfc2aade7c1.jpeg
T8E6FEJW,2025.9.21,"니트, 스웨터",https://cloudfront.laundrygo.com/smartfactory/smartfactory_20250922031203_718f1f2c9b5848f1bc06eebf62d78419.jpeg
JC1PB4D0,2025.9.21,"니트, 스웨터",https://cloudfront.laundrygo.com/smartfactory/smartfactory_20250922102210_8184cf661b464ca29ec578ea6df970c9.jpeg
JC1PB4D0,2025.9.21,"니트, 스웨터",https://cloudfront.laundrygo.com/smartfactory/smartfactory_20250922102410_64c258f7ea7e4bd99e0c7c8677b63dba.jpeg
JC1PB4D0,2025.9.21,"니트, 스웨터",https://cloudfront.laundrygo.com/smartfactory/smartfactory_20250922102510_8f43a61d20aa405080696aa24b1c044c.jpeg
6GS9JIYM,2025.9.21,"니트, 스웨터",https://cloudfront.laundrygo.com/smartfactory/smartfactory_20250923133613_696e4719af424efcb91f221842064bbd.jpeg
6GS9JIYM,2025.9.21,"니트, 스웨터",https://cloudfront.laundrygo.com/smartfactory/smartfactory_20250923134013_78ebae0874424e6e94b1352516faf6ff.jpeg
GGE6DSVW,2025.9.22,"니트, 스웨터",https://cloudfront.laundrygo.com/smartfactory/smartfactory_20250923000500_0911d76905a0481bb1bfe41fb39f79d8.jpeg
XMLHFOZQ,2025.9.22,"니트, 스웨터",https://cloudfront.laundrygo.com/smartfactory/smartfactory_20250923053605_f710eeca36844d9c9fbc05fde86aef9b.jpeg
SHXBN6P7,2025.9.23,"니트, 스웨터",https://cloudfront.laundrygo.com/smartfactory/smartfactory_20250924001700_eec002656ac54e639c856485897b22a5.jpeg
EL2TR2R9,2025.9.23,"니트, 스웨터",https://cloudfront.laundrygo.com/smartfactory/smartfactory_20250924051205_1ec7289e92034216847bec4191f763d0.jpeg
45WXISEL,2025.9.24,"니트, 스웨터",https://cloudfront.laundrygo.com/smartfactory/smartfactory_20250925083908_b7e7dee1a0984a41836eaccc6f7adf28.jpeg
AZD3BJMZ,2025.9.25,"니트, 스웨터",https://cloudfront.laundrygo.com/smartfactory/smartfactory_20250926130413_cf75b91551494393935be4bc5952196d.jpeg
Q2O88T5H,2025.9.25,"니트, 스웨터",https://cloudfront.laundrygo.com/smartfactory/smartfactory_20250926045704_2eba1cfd68094aa085ed0766c8f08310.jpeg
W4JH9RHN,2025.9.25,"니트, 스웨터",https://cloudfront.laundrygo.com/smartfactory/smartfactory_20250926065706_e813cad26ccf470eb831a301f0047a59.jpeg
W4JH9RHN,2025.9.25,"니트, 스웨터",https://cloudfront.laundrygo.com/smartfactory/smartfactory_20250926065906_81100108b1da4c8b86b5987e1e1ff778.jpeg
JC1PB4D0,2025.9.25,"니트, 스웨터",https://cloudfront.laundrygo.com/smartfactory/smartfactory_20250926095409_48ac99a6df8242799858a2c3f7ff22ec.jpeg
JC1PB4D0,2025.9.25,"니트, 스웨터",https://cloudfront.laundrygo.com/smartfactory/smartfactory_20250926095509_b3979d1dc75b4d5e9b48e2333818c9e8.jpeg
JC1PB4D0,2025.9.25,"니트, 스웨터",https://cloudfront.laundrygo.com/smartfactory/smartfactory_20250926095809_78f941d272fd4f47bb4c19ec92613531.jpeg
U2DTD8RO,2025.9.25,"니트, 스웨터",https://cloudfront.laundrygo.com/smartfactory/smartfactory_20250926111611_dcc3e195361443ebac57b3fac70fcb67.jpeg
GVWBKFEI,2025.9.26,"니트, 스웨터",https://cloudfront.laundrygo.com/smartfactory/smartfactory_20250927090709_4bae06df5a84499b962c8865fc85f584.jpeg
GVWBKFEI,2025.9.26,"니트, 스웨터",https://cloudfront.laundrygo.com/smartfactory/smartfactory_20250927090909_8d092698f3754c7f9e26a3f607a7f893.jpeg
SHXBN6P7,2025.9.27,"니트, 스웨터",https://cloudfront.laundrygo.com/smartfactory/smartfactory_20250928011301_a68865637733434ebdf63fb7a255f0e8.jpeg
GSHKANZM,2025.9.27,"니트, 스웨터",https://cloudfront.laundrygo.com/smartfactory/smartfactory_20250928010601_3bf35944f5cf49098e35811ae5a46501.jpeg
HALU889P,2025.9.27,"니트, 스웨터",https://cloudfront.laundrygo.com/smartfactory/smartfactory_20250928071607_f9a9f105bd8e4f9b9b5ea7f5468eeb81.jpeg
HALU889P,2025.9.27,"니트, 스웨터",https://cloudfront.laundrygo.com/smartfactory/smartfactory_20250928071607_0f58212c11bd49ecaabb276c9bab325b.jpeg
YZZ7MWRL,2025.9.27,"니트, 스웨터",https://cloudfront.laundrygo.com/smartfactory/smartfactory_20250928052305_e7ef5934171947868e37f4c7e2788e49.jpeg
YZZ7MWRL,2025.9.27,"니트, 스웨터",https://cloudfront.laundrygo.com/smartfactory/smartfactory_20250928052405_99bfcb8c51c24ae18b9e11054a0512e4.jpeg
6FTJ6NJJ,2025.9.27,"니트, 스웨터",https://cloudfront.laundrygo.com/smartfactory/smartfactory_20250928012201_5e250223337047b4b5fc01e6bdd85be0.jpeg
6FTJ6NJJ,2025.9.27,"니트, 스웨터",https://cloudfront.laundrygo.com/smartfactory/smartfactory_20250928012201_661d5329eab74f7088f6a44cecaac11d.jpeg
6FTJ6NJJ,2025.9.27,"니트, 스웨터",https://cloudfront.laundrygo.com/smartfactory/smartfactory_20250928012301_8b53bd205c8b4005b8daa94447ce21c0.jpeg
X7PTBDGH,2025.9.27,"니트, 스웨터",https://cloudfront.laundrygo.com/smartfactory/smartfactory_20250928000900_29e3f38571f446dfa659fe259ad46fc9.jpeg
X7PTBDGH,2025.9.27,"니트, 스웨터",https://cloudfront.laundrygo.com/smartfactory/smartfactory_20250928001100_70362af879334552a7667509aab88339.jpeg
X7PTBDGH,2025.9.27,"니트, 스웨터",https://cloudfront.laundrygo.com/smartfactory/smartfactory_20250928001100_735d42693f664df9b35543aadf110ec9.jpeg
6GS9JIYM,2025.9.27,"니트, 스웨터",https://cloudfront.laundrygo.com/smartfactory/smartfactory_20250929162116_2da8f7cd305a41c8a2a1a04691421ab4.jpeg
FPP9YBNG,2025.9.28,"니트, 스웨터",https://cloudfront.laundrygo.com/smartfactory/smartfactory_20250929005000_731c70baaffd418da9664a7fed1abf1f.jpeg
9SL1YYE4,2025.9.28,"니트, 스웨터",https://cloudfront.laundrygo.com/smartfactory/smartfactory_20250929043404_d11305e5c13a488e96370f01e216907e.jpeg
JC1PB4D0,2025.9.28,"니트, 스웨터",https://cloudfront.laundrygo.com/smartfactory/smartfactory_20250929123712_f93970869b2c4894a2fb55be835056c5.jpeg
V9GQSYD8,2025.9.29,"니트, 스웨터",https://cloudfront.laundrygo.com/smartfactory/smartfactory_20250930050105_3b188aa556e04873b2eebdf21a287475.jpeg
T8E6FEJW,2025.9.29,"니트, 스웨터",https://cloudfront.laundrygo.com/smartfactory/smartfactory_20250930032903_d1514cc9f011476093528cbb6b1f2a88.jpeg
T8E6FEJW,2025.9.29,"니트, 스웨터",https://cloudfront.laundrygo.com/smartfactory/smartfactory_20250930033003_4dc8e26da9dc47ddafcac6f799261215.jpeg
86BNR2K3,2025.9.29,"니트, 스웨터",https://cloudfront.laundrygo.com/smartfactory/smartfactory_20250930054305_ac01cf4175d34fa49de9b3ee0655f83e.jpeg
ICNKZ2VE,2025.9.29,"니트, 스웨터",https://cloudfront.laundrygo.com/smartfactory/smartfactory_20250930034803_1a7a1662bad8470ea945d522d4c51681.jpeg
45WXISEL,2025.9.29,"니트, 스웨터",https://cloudfront.laundrygo.com/smartfactory/smartfactory_20250930090909_428d77463a4044369f87b1b4957c351f.jpeg
45WXISEL,2025.9.29,"니트, 스웨터",https://cloudfront.laundrygo.com/smartfactory/smartfactory_20250930091209_c75cfb467b0641d1a76d03715dc87dde.jpeg
45WXISEL,2025.9.29,"니트, 스웨터",https://cloudfront.laundrygo.com/smartfactory/smartfactory_20250930091309_ad050db9276244e6911073b285a44010.jpeg
SSVQUE6Q,2025.9.29,"니트, 스웨터",https://cloudfront.laundrygo.com/smartfactory/smartfactory_20250930073007_fad07f43ceac4589910fd7f4f4f90770.jpeg
J8YGVZLD,2025.9.30,"니트, 스웨터",https://cloudfront.laundrygo.com/smartfactory/smartfactory_20251001051505_2f9d6829005a437a925fc01f79f37db7.jpeg
LUUGZBF5,2025.10.1,"니트, 스웨터",https://cloudfront.laundrygo.com/smartfactory/smartfactory_20251003092909_f3b1170626ed4352a8d940f477a2c55d.jpeg
LUUGZBF5,2025.10.1,"니트, 스웨터",https://cloudfront.laundrygo.com/smartfactory/smartfactory_20251003092909_09d89ed40ea3490283390da0db3dfefd.jpeg
AZD3BJMZ,2025.10.1,"니트, 스웨터",https://cloudfront.laundrygo.com/smartfactory/smartfactory_20251003132413_912cac4bd3824506ad921ab2a4fec746.jpeg
V9GQSYD8,2025.10.1,"니트, 스웨터",https://cloudfront.laundrygo.com/smartfactory/smartfactory_20251002041304_ff69a46369774510a6195abdba0aeb7e.jpeg
V9GQSYD8,2025.10.1,"니트, 스웨터",https://cloudfront.laundrygo.com/smartfactory/smartfactory_20251002041304_bbf2046abfbc4fd8841e5ae391032deb.jpeg
35IPG2VA,2025.10.1,"니트, 스웨터",https://cloudfront.laundrygo.com/smartfactory/smartfactory_20251002011601_8e83888c28fc495192e8da417b482400.jpeg
BU5VJDRB,2025.10.1,"니트, 스웨터",https://cloudfront.laundrygo.com/smartfactory/smartfactory_20251002044204_d62ec5301eee4e8bbfdc69dda4a9b1c4.jpeg
JC1PB4D0,2025.10.1,"니트, 스웨터",https://cloudfront.laundrygo.com/smartfactory/smartfactory_20251002090509_1b1fff5526944d49abf947b6eb313165.jpeg
6GS9JIYM,2025.10.1,"니트, 스웨터",https://cloudfront.laundrygo.com/smartfactory/smartfactory_20251003152115_2e8048aa3f0a434dbc2205cc437efd82.jpeg
SHXBN6P7,2025.10.2,"니트, 스웨터",https://cloudfront.laundrygo.com/smartfactory/smartfactory_20251003013201_8e42d01f5ad24c50b27a8a9e95acb69e.jpeg
SHXBN6P7,2025.10.2,"니트, 스웨터",https://cloudfront.laundrygo.com/smartfactory/smartfactory_20251003013401_110af9b8c47543d3806609ee19f23761.jpeg
OJ7AR6QZ,2025.10.2,"니트, 스웨터",https://cloudfront.laundrygo.com/smartfactory/smartfactory_20251003100110_b88ceb3216e74c9ab6270499641d3f2c.jpeg
W4JH9RHN,2025.10.2,"니트, 스웨터",https://cloudfront.laundrygo.com/smartfactory/smartfactory_20251003052105_7e1b2b5f77cc4bf28fb1dc0f172bd439.jpeg
W4JH9RHN,2025.10.2,"니트, 스웨터",https://cloudfront.laundrygo.com/smartfactory/smartfactory_20251003052405_03560f2c1c504da7a70aab8268614f82.jpeg
45WXISEL,2025.10.3,"니트, 스웨터",https://cloudfront.laundrygo.com/smartfactory/smartfactory_20251004031003_bfd3eeef8ab0490180e1ea2b7f19752c.jpeg
45WXISEL,2025.10.3,"니트, 스웨터",https://cloudfront.laundrygo.com/smartfactory/smartfactory_20251004031303_b92e1775f5234e12a6970a04f7feebeb.jpeg
JC1PB4D0,2025.10.3,"니트, 스웨터",https://cloudfront.laundrygo.com/smartfactory/smartfactory_20251004082308_e9463008a1094ad89d4049cdc1d24992.jpeg
SHXBN6P7,2025.10.7,"니트, 스웨터",https://cloudfront.laundrygo.com/smartfactory/smartfactory_20251008011001_1c7b4b4a6e644d46a9a55a4a78df8442.jpeg
SHXBN6P7,2025.10.7,"니트, 스웨터",https://cloudfront.laundrygo.com/smartfactory/smartfactory_20251008011001_facdc33a9e1e4593bf09757cb031cfb3.jpeg
SHXBN6P7,2025.10.7,"니트, 스웨터",https://cloudfront.laundrygo.com/smartfactory/smartfactory_20251008011001_5f560bb6193445769623f4661c87c947.jpeg
EL2TR2R9,2025.10.7,"니트, 스웨터",https://cloudfront.laundrygo.com/smartfactory/smartfactory_20251008084408_b082f111a4414ba09b8deb7ed3fb6aa5.jpeg
5PJTZX7B,2025.10.7,"니트, 스웨터",https://cloudfront.laundrygo.com/smartfactory/smartfactory_20251008072007_a65c81122a3a4d2c8d8061b8a3b9adf2.jpeg
ASJ4Q5WR,2025.10.7,"니트, 스웨터",https://cloudfront.laundrygo.com/smartfactory/smartfactory_20251008095309_48ab4c9d6e324e3cb55ba6b2ce458de9.jpeg
ASJ4Q5WR,2025.10.7,"니트, 스웨터",https://cloudfront.laundrygo.com/smartfactory/smartfactory_20251008095309_383e063819cf4c05a9c720f3dcfc5efb.jpeg
7HDMDDBX,2025.10.7,"니트, 스웨터",https://cloudfront.laundrygo.com/smartfactory/smartfactory_20251008062706_72a59e2972a5450a92591a64c3459965.jpeg
2Y5DSM48,2025.10.7,"니트, 스웨터",https://cloudfront.laundrygo.com/smartfactory/smartfactory_20251008044804_2d19457fb6764c4689cba094dd66f636.jpeg
2Y5DSM48,2025.10.7,"니트, 스웨터",https://cloudfront.laundrygo.com/smartfactory/smartfactory_20251008044804_ad83a7e8c8254263aac98905ac9243f0.jpeg
T8E6FEJW,2025.10.7,"니트, 스웨터",https://cloudfront.laundrygo.com/smartfactory/smartfactory_20251008011701_857f0ad5f389406c9bd4e38770ece798.jpeg
45WXISEL,2025.10.7,"니트, 스웨터",https://cloudfront.laundrygo.com/smartfactory/smartfactory_20251008140914_3ebcefc479a449268723788c9b469a1f.jpeg
45WXISEL,2025.10.7,"니트, 스웨터",https://cloudfront.laundrygo.com/smartfactory/smartfactory_20251008141014_3fb5a458fdf14cfd904444177a29a663.jpeg
JY6ZWQZL,2025.10.7,"니트, 스웨터",https://cloudfront.laundrygo.com/smartfactory/smartfactory_20251008010301_edd0eff2ee714d4ead7da595f87b0fdb.jpeg
U2DTD8RO,2025.10.7,"니트, 스웨터",https://cloudfront.laundrygo.com/smartfactory/smartfactory_20251008141614_55260cf4bb234839943148214fd496be.jpeg
JC1PB4D0,2025.10.8,"니트, 스웨터",https://cloudfront.laundrygo.com/smartfactory/smartfactory_20251009100910_4b2b892514fd456ea2e5e1608c23dc38.jpeg
JC1PB4D0,2025.10.8,"니트, 스웨터",https://cloudfront.laundrygo.com/smartfactory/smartfactory_20251009101110_50619d0296834fae85ee5db1905db56c.jpeg
3ZJHQZX1,2025.10.8,"니트, 스웨터",https://cloudfront.laundrygo.com/smartfactory/smartfactory_20251009094409_77ac10fa642444789195d2ae58c1a60b.jpeg
HALU889P,2025.10.9,"니트, 스웨터",https://cloudfront.laundrygo.com/smartfactory/smartfactory_20251010075007_54c14bd23b5e4fe695948a0df3b091a9.jpeg
HALU889P,2025.10.9,"니트, 스웨터",https://cloudfront.laundrygo.com/smartfactory/smartfactory_20251010075107_3b289cf2e0674e9d8644a26d6b9917f2.jpeg
K4H90WNS,2025.10.9,"니트, 스웨터",https://cloudfront.laundrygo.com/smartfactory/smartfactory_20251010010401_fac468a64d40495e91ca79f35510353e.jpeg
K4H90WNS,2025.10.9,"니트, 스웨터",https://cloudfront.laundrygo.com/smartfactory/smartfactory_20251010010501_286a185ff22b4073831223771db6efe6.jpeg
ET8D4PJN,2025.10.9,"니트, 스웨터",https://cloudfront.laundrygo.com/smartfactory/smartfactory_20251010091509_52f49f3080b841c6ac86b5fb9b32221f.jpeg
EL2TR2R9,2025.10.10,"니트, 스웨터",https://cloudfront.laundrygo.com/smartfactory/smartfactory_20251011025602_b335ba939da14cf2b433a2c43cdf331d.jpeg
AZD3BJMZ,2025.10.10,"니트, 스웨터",https://cloudfront.laundrygo.com/smartfactory/smartfactory_20251011075307_cdf20521e9e144d1b345e51522288924.jpeg
QV78M8P9,2025.10.10,"니트, 스웨터",https://cloudfront.laundrygo.com/smartfactory/smartfactory_20251011002100_2da4338aa77f45678b30f0b5f212be8f.jpeg
QV78M8P9,2025.10.10,"니트, 스웨터",https://cloudfront.laundrygo.com/smartfactory/smartfactory_20251011084108_d27b77d953064213a7bf4ed8e977d859.jpeg
QV78M8P9,2025.10.10,"니트, 스웨터",https://cloudfront.laundrygo.com/smartfactory/smartfactory_20251011084108_fb31b89a28da4045ae0c031f9126e953.jpeg
V9GQSYD8,2025.10.10,"니트, 스웨터",https://cloudfront.laundrygo.com/smartfactory/smartfactory_20251011044704_38956d5955c4453b83572bffa6ec75f5.jpeg
V9GQSYD8,2025.10.10,"니트, 스웨터",https://cloudfront.laundrygo.com/smartfactory/smartfactory_20251011044704_9ad443911968492aa581ea8149c6c612.jpeg
V9GQSYD8,2025.10.10,"니트, 스웨터",https://cloudfront.laundrygo.com/smartfactory/smartfactory_20251011044704_968b58b0574245a59138e114086c4fd2.jpeg
Q2O88T5H,2025.10.10,"니트, 스웨터",https://cloudfront.laundrygo.com/smartfactory/smartfactory_20251011055805_49f4ff1e9a9d4586b640f137075236bb.jpeg
45WXISEL,2025.10.10,"니트, 스웨터",https://cloudfront.laundrygo.com/smartfactory/smartfactory_20251011132513_3eb9790d14da4918bfedc04720801481.jpeg
45WXISEL,2025.10.10,"니트, 스웨터",https://cloudfront.laundrygo.com/smartfactory/smartfactory_20251011132613_400d97dc40ee4f129c388d24f02bdbc1.jpeg
J8EKVUY9,2025.10.11,"니트, 스웨터",https://cloudfront.laundrygo.com/smartfactory/smartfactory_20251012164816_c5d80e325b3844048874b898c9504398.jpeg
J8EKVUY9,2025.10.11,"니트, 스웨터",https://cloudfront.laundrygo.com/smartfactory/smartfactory_20251012164816_160adf4a06294622956cdd43d4bbbc5b.jpeg
J8EKVUY9,2025.10.11,"니트, 스웨터",https://cloudfront.laundrygo.com/smartfactory/smartfactory_20251012164916_b1755d6b80a8456e939da70f77c903b9.jpeg
76K6BC89,2025.10.12,"니트, 스웨터",https://cloudfront.laundrygo.com/smartfactory/smartfactory_20251013081808_b927ba44c52c439b85b9a7d0af2e081a.jpeg
T8E6FEJW,2025.10.12,"니트, 스웨터",https://cloudfront.laundrygo.com/smartfactory/smartfactory_20251013051805_1572286b275049ab993a62b9dc7b8ba4.jpeg
MWZ1GY0S,2025.10.12,"니트, 스웨터",https://cloudfront.laundrygo.com/smartfactory/smartfactory_20251013085408_3f3e17734f4f4b7cb6928ebce86d99e1.jpeg
U2DTD8RO,2025.10.12,"니트, 스웨터",https://cloudfront.laundrygo.com/smartfactory/smartfactory_20251014123512_5432cd07537247209d0776e58e7d5fef.jpeg
V9GQSYD8,2025.10.13,"니트, 스웨터",https://cloudfront.laundrygo.com/smartfactory/smartfactory_20251014001400_ee47b40a747445009a7d91a0ea04daab.jpeg
V7HCX6D0,2025.10.13,"니트, 스웨터",https://cloudfront.laundrygo.com/smartfactory/smartfactory_20251014063706_9c14c46f0e91408693ef939f8379629a.jpeg
V7HCX6D0,2025.10.13,"니트, 스웨터",https://cloudfront.laundrygo.com/smartfactory/smartfactory_20251014063806_274a64f460444eac85f5955f54bfa75c.jpeg
HALU889P,2025.10.14,"니트, 스웨터",https://cloudfront.laundrygo.com/smartfactory/smartfactory_20251015052205_66757e0440a94ca79072b7a6ec4c9bac.jpeg
XHH0DT03,2025.10.14,"니트, 스웨터",https://cloudfront.laundrygo.com/smartfactory/smartfactory_20251015055105_c5686b44284541ff9bf1e460d0aa501d.jpeg
JC1PB4D0,2025.10.14,"니트, 스웨터",https://cloudfront.laundrygo.com/smartfactory/smartfactory_20251015100010_ace57f30450a4d76b864544b751ec0d2.jpeg
K4H90WNS,2025.10.15,"니트, 스웨터",https://cloudfront.laundrygo.com/smartfactory/smartfactory_20251016064806_d822e1f2553e4d6f965308a824573dfe.jpeg
ET8D4PJN,2025.10.15,"니트, 스웨터",https://cloudfront.laundrygo.com/smartfactory/smartfactory_20251016073007_3c41f301bfa84601ba8b994a6f818e5e.jpeg
J8EKVUY9,2025.10.16,"니트, 스웨터",https://cloudfront.laundrygo.com/smartfactory/smartfactory_20251018160416_858f19bd165743d2bd896fbeeefcb8c4.jpeg
IV9F6UUB,2025.10.16,"니트, 스웨터",https://cloudfront.laundrygo.com/smartfactory/smartfactory_20251017030403_b0c9b9469da14169af5c868d34c9026b.jpeg
3ZJHQZX1,2025.10.16,"니트, 스웨터",https://cloudfront.laundrygo.com/smartfactory/smartfactory_20251017092109_2affad36d7ad456eb5a36a0a3d3464e6.jpeg
3ZJHQZX1,2025.10.16,"니트, 스웨터",https://cloudfront.laundrygo.com/smartfactory/smartfactory_20251017092109_815c03a802c5407093ad71366cdf9c17.jpeg
3ZJHQZX1,2025.10.16,"니트, 스웨터",https://cloudfront.laundrygo.com/smartfactory/smartfactory_20251017092209_f02763e79a16427e8d59d809ac1b920b.jpeg
3ZJHQZX1,2025.10.16,"니트, 스웨터",https://cloudfront.laundrygo.com/smartfactory/smartfactory_20251017092309_818c67a1a30f4a3b9a010b5860bb1fd6.jpeg
MXBK9AFC,2025.10.17,"니트, 스웨터",https://cloudfront.laundrygo.com/smartfactory/smartfactory_20251018011301_3fa121902ab44db295da50c67eb81c31.jpeg
ASJ4Q5WR,2025.10.17,"니트, 스웨터",https://cloudfront.laundrygo.com/smartfactory/smartfactory_20251018065806_8c50f8521e944f39afb71f397276cfd3.jpeg
IXRRIYAJ,2025.10.17,"니트, 스웨터",https://cloudfront.laundrygo.com/smartfactory/smartfactory_20251018080208_5316a92fc1e944878ef4bf8acefbf7f1.jpeg
F3FKSYU9,2025.10.18,"니트, 스웨터",https://cloudfront.laundrygo.com/smartfactory/smartfactory_20251019073907_68e3bff6f5884ef694f98b53b3d80880.jpeg
V9GQSYD8,2025.10.18,"니트, 스웨터",https://cloudfront.laundrygo.com/smartfactory/smartfactory_20251019011601_fa6fde2ff5dc4820b8d794c55997b6d9.jpeg
2R0JSXFA,2025.10.18,"니트, 스웨터",https://cloudfront.laundrygo.com/smartfactory/smartfactory_20251019101810_86e6a4068b914d4b8cee1e018adccfd2.jpeg
45WXISEL,2025.10.18,"니트, 스웨터",https://cloudfront.laundrygo.com/smartfactory/smartfactory_20251020153215_121b5df105964fa08daff89a5d53f2df.jpeg
45WXISEL,2025.10.18,"니트, 스웨터",https://cloudfront.laundrygo.com/smartfactory/smartfactory_20251020153515_e4eee00643024586950fab063bde42b6.jpeg
V7HCX6D0,2025.10.18,"니트, 스웨터",https://cloudfront.laundrygo.com/smartfactory/smartfactory_20251019061606_23cc040dd0ea4bce89be43520337811d.jpeg
EL2TR2R9,2025.10.19,"니트, 스웨터",https://cloudfront.laundrygo.com/smartfactory/smartfactory_20251020011301_ef907c7c13a84f758413a1c60a344cc6.jpeg
EL2TR2R9,2025.10.19,"니트, 스웨터",https://cloudfront.laundrygo.com/smartfactory/smartfactory_20251020011601_9036f74067544cf6a93752fa43420576.jpeg
HALU889P,2025.10.19,"니트, 스웨터",https://cloudfront.laundrygo.com/smartfactory/smartfactory_20251020013701_3bfb59238dde428ea4a62b983aba149e.jpeg
HALU889P,2025.10.19,"니트, 스웨터",https://cloudfront.laundrygo.com/smartfactory/smartfactory_20251020013901_b9f6f22dc9634eabb462f8a51b8c1b34.jpeg
GJC2KN3Y,2025.10.19,"니트, 스웨터",https://cloudfront.laundrygo.com/smartfactory/smartfactory_20251020022002_eb97520ab4164a1585c7fcf5ca259b6a.jpeg
T8E6FEJW,2025.10.19,"니트, 스웨터",https://cloudfront.laundrygo.com/smartfactory/smartfactory_20251020022402_8ef2ba44227f41d2b54df09be0d2e70a.jpeg
OJ7AR6QZ,2025.10.19,"니트, 스웨터",https://cloudfront.laundrygo.com/smartfactory/smartfactory_20251020102710_4d26513167774320808ed0a4de860f0a.jpeg
JC1PB4D0,2025.10.19,"니트, 스웨터",https://cloudfront.laundrygo.com/smartfactory/smartfactory_20251020111211_740e4acc2f1e462da3f033d1b85b92a5.jpeg
U2DTD8RO,2025.10.19,"니트, 스웨터",https://cloudfront.laundrygo.com/smartfactory/smartfactory_20251021132113_09c1becac42e4e9192ed77db6b91c905.jpeg
U2DTD8RO,2025.10.19,"니트, 스웨터",https://cloudfront.laundrygo.com/smartfactory/smartfactory_20251021132213_acccaa69fd89439aab07a6011ff0123f.jpeg
U2DTD8RO,2025.10.19,"니트, 스웨터",https://cloudfront.laundrygo.com/smartfactory/smartfactory_20251021132813_53b0aa7353304e8a878f35ce994c8acf.jpeg
U2DTD8RO,2025.10.19,"니트, 스웨터",https://cloudfront.laundrygo.com/smartfactory/smartfactory_20251021132913_838e970ae7de4aaa956edc983ea1208b.jpeg
XMLHFOZQ,2025.10.19,"니트, 스웨터",https://cloudfront.laundrygo.com/smartfactory/smartfactory_20251020073107_c1c650ff352e4544b4edb83ad7eb699a.jpeg
UQAF7PCB,2025.10.21,"니트, 스웨터",https://cloudfront.laundrygo.com/smartfactory/smartfactory_20251022055805_11d9355dba7e4cfe8f4580619a556567.jpeg
2Y5DSM48,2025.10.21,"니트, 스웨터",https://cloudfront.laundrygo.com/smartfactory/smartfactory_20251022031403_8ef20d97824e4386a3f17944e8db0e8d.jpeg
XHH0DT03,2025.10.21,"니트, 스웨터",https://cloudfront.laundrygo.com/smartfactory/smartfactory_20251022044204_3241d5e7c1354f4e8a1994aaf4d3c6f4.jpeg
907MFCA9,2025.10.21,"니트, 스웨터",https://cloudfront.laundrygo.com/smartfactory/smartfactory_20251022094009_6e9aeea92a544e15a6cba9fbd4cf1567.jpeg
907MFCA9,2025.10.21,"니트, 스웨터",https://cloudfront.laundrygo.com/smartfactory/smartfactory_20251022094209_8ff6380243b44ac78a30a1199ee92fdb.jpeg
VDBOLAFE,2025.10.21,"니트, 스웨터",https://cloudfront.laundrygo.com/smartfactory/smartfactory_20251024153615_ebf5eb3d5ec94282aa2370398573cf3a.jpeg
7FNBXTGJ,2025.10.22,"니트, 스웨터",https://cloudfront.laundrygo.com/smartfactory/smartfactory_20251023062406_2549a3130be9424a9532bcc695fe996b.jpeg
J8EKVUY9,2025.10.22,"니트, 스웨터",https://cloudfront.laundrygo.com/smartfactory/smartfactory_20251023030303_c6aca08f0b51466e9737941acf7e9c85.jpeg
9SL1YYE4,2025.10.22,"니트, 스웨터",https://cloudfront.laundrygo.com/smartfactory/smartfactory_20251023102910_4906d4bbbd524b4fb7b38c203c38153d.jpeg
9SL1YYE4,2025.10.22,"니트, 스웨터",https://cloudfront.laundrygo.com/smartfactory/smartfactory_20251023102910_3531383ec1be40648a31820309ee121e.jpeg
K4H90WNS,2025.10.22,"니트, 스웨터",https://cloudfront.laundrygo.com/smartfactory/smartfactory_20251023032803_0d484c33f0284cea82cf3a9cbf72f88a.jpeg
MWZ1GY0S,2025.10.22,"니트, 스웨터",https://cloudfront.laundrygo.com/smartfactory/smartfactory_20251023102010_f6570f43042941b29ff132f122388bd0.jpeg
XHH0DT03,2025.10.23,"니트, 스웨터",https://cloudfront.laundrygo.com/smartfactory/smartfactory_20251024080008_131bddbf25714efdac247975f7c3515e.jpeg
Q2O88T5H,2025.10.23,"니트, 스웨터",https://cloudfront.laundrygo.com/smartfactory/smartfactory_20251024060006_dbfff9795380407e87947cfdaad727b8.jpeg
Q2O88T5H,2025.10.23,"니트, 스웨터",https://cloudfront.laundrygo.com/smartfactory/smartfactory_20251024065706_281a297b4fc346b88268abc149bc48c5.jpeg
Q2O88T5H,2025.10.23,"니트, 스웨터",https://cloudfront.laundrygo.com/smartfactory/smartfactory_20251024065806_5fc3647ee8df4bf583658668183273b8.jpeg
XBOM2WLP,2025.10.23,"니트, 스웨터",https://cloudfront.laundrygo.com/smartfactory/smartfactory_20251024081608_8ee9f4d8188f4d79a999e4716da1189f.jpeg
R5LA935F,2025.10.23,"니트, 스웨터",https://cloudfront.laundrygo.com/smartfactory/smartfactory_20251025011601_b863ae278cae4e8b9fc83ff6d432cc6c.jpeg
R5LA935F,2025.10.23,"니트, 스웨터",https://cloudfront.laundrygo.com/smartfactory/smartfactory_20251025011601_8cd6a1d9bb1f478bac7d5781725c7bb8.jpeg
R5LA935F,2025.10.23,"니트, 스웨터",https://cloudfront.laundrygo.com/smartfactory/smartfactory_20251025011701_8957719cad534ccd9da48549ed4c21ef.jpeg
R5LA935F,2025.10.23,"니트, 스웨터",https://cloudfront.laundrygo.com/smartfactory/smartfactory_20251025011701_4d10db7fa9d04f7aaaa8c1a4b875b459.jpeg
R5LA935F,2025.10.23,"니트, 스웨터",https://cloudfront.laundrygo.com/smartfactory/smartfactory_20251025011801_351c3561b73e406eb0b4feda275a6024.jpeg
R5LA935F,2025.10.23,"니트, 스웨터",https://cloudfront.laundrygo.com/smartfactory/smartfactory_20251025011801_383d43821d774329b8f6848096bd08a9.jpeg
SHXBN6P7,2025.10.24,"니트, 스웨터",https://cloudfront.laundrygo.com/smartfactory/smartfactory_20251025075807_ed49aa4560c54c1992e67e1c4f0957d0.jpeg
SHXBN6P7,2025.10.24,"니트, 스웨터",https://cloudfront.laundrygo.com/smartfactory/smartfactory_20251025075907_8922d65ff2f64d31af5984f7e84185a5.jpeg
GSHKANZM,2025.10.24,"니트, 스웨터",https://cloudfront.laundrygo.com/smartfactory/smartfactory_20251025085308_5792d14d6e1d4f51ad42c1c397b04bb6.jpeg
F3FKSYU9,2025.10.24,"니트, 스웨터",https://cloudfront.laundrygo.com/smartfactory/smartfactory_20251025053705_24a622130a33424397f3e122118df7c1.jpeg
6FTJ6NJJ,2025.10.24,"니트, 스웨터",https://cloudfront.laundrygo.com/smartfactory/smartfactory_20251025084908_90366ee32c1b43e6b92ff2d294c425b3.jpeg
IXRRIYAJ,2025.10.24,"니트, 스웨터",https://cloudfront.laundrygo.com/smartfactory/smartfactory_20251025022002_b2f0cc3dacd3425ba466815b91e8832f.jpeg
U2DTD8RO,2025.10.24,"니트, 스웨터",https://cloudfront.laundrygo.com/smartfactory/smartfactory_20251025131713_03747d0aec234fb9a247c258609f21e9.jpeg
3ZJHQZX1,2025.10.24,"니트, 스웨터",https://cloudfront.laundrygo.com/smartfactory/smartfactory_20251025092509_aebb23659712409799685c037a7f69ec.jpeg
3ZJHQZX1,2025.10.24,"니트, 스웨터",https://cloudfront.laundrygo.com/smartfactory/smartfactory_20251025092609_d9e2fdeba5c64a54881e652f3d49171b.jpeg
AZD3BJMZ,2025.10.25,"니트, 스웨터",https://cloudfront.laundrygo.com/smartfactory/smartfactory_20251026071807_1296461a1c904d03b3678787c48d4a87.jpeg
AZD3BJMZ,2025.10.25,"니트, 스웨터",https://cloudfront.laundrygo.com/smartfactory/smartfactory_20251026071907_b54e6eb5a17d4facac8e069f53aadddb.jpeg
AZD3BJMZ,2025.10.25,"니트, 스웨터",https://cloudfront.laundrygo.com/smartfactory/smartfactory_20251026072007_01bcdd669f52487ba8fccd55c671e8f7.jpeg
AZD3BJMZ,2025.10.25,"니트, 스웨터",https://cloudfront.laundrygo.com/smartfactory/smartfactory_20251026072107_ff44efe1b029441b963fbb07a02af514.jpeg
T8E6FEJW,2025.10.25,"니트, 스웨터",https://cloudfront.laundrygo.com/smartfactory/smartfactory_20251026021302_584fd0d6ab854bff8ce19ee08b4a6166.jpeg
T8E6FEJW,2025.10.25,"니트, 스웨터",https://cloudfront.laundrygo.com/smartfactory/smartfactory_20251026021402_b772910c7f664843ad9c6b5c37fb68c4.jpeg
X7PTBDGH,2025.10.25,"니트, 스웨터",https://cloudfront.laundrygo.com/smartfactory/smartfactory_20251027163716_e67d0f3974354a5388db8e4552e393f7.jpeg
X7PTBDGH,2025.10.25,"니트, 스웨터",https://cloudfront.laundrygo.com/smartfactory/smartfactory_20251027163816_cca7bb4c716b4612ad942edcf3eaef2c.jpeg
X7PTBDGH,2025.10.25,"니트, 스웨터",https://cloudfront.laundrygo.com/smartfactory/smartfactory_20251027163816_bf7290ea5b6e443dac80a6c91ac59393.jpeg
AIRH43HN,2025.10.26,"니트, 스웨터",https://cloudfront.laundrygo.com/smartfactory/smartfactory_20251027034303_0d684b7d75874ef796bcde6517867b58.jpeg
V7HCX6D0,2025.10.26,"니트, 스웨터",https://cloudfront.laundrygo.com/smartfactory/smartfactory_20251027035703_7c3750d0cf774a30869b2b718cca0655.jpeg
6GS9JIYM,2025.10.26,"니트, 스웨터",https://cloudfront.laundrygo.com/smartfactory/smartfactory_20251029095909_e06a52c0656f48ba99f879310125f440.jpeg
V9GQSYD8,2025.10.27,"니트, 스웨터",https://cloudfront.laundrygo.com/smartfactory/smartfactory_20251028072907_63e1ea4442a0408fbac9dc77b1ff36e3.jpeg
VDBOLAFE,2025.10.27,"니트, 스웨터",https://cloudfront.laundrygo.com/smartfactory/smartfactory_20251028105410_fbf5afa8163d4231a28c6a4f088cdfa9.jpeg
JC1PB4D0,2025.10.27,"니트, 스웨터",https://cloudfront.laundrygo.com/smartfactory/smartfactory_20251028104810_aecb7ac756264ca786133d59987f3092.jpeg
FPP9YBNG,2025.10.28,"니트, 스웨터",https://cloudfront.laundrygo.com/smartfactory/smartfactory_20251029085408_be9ecd686fd24887bc7e77634f75f5b2.jpeg
FPP9YBNG,2025.10.28,"니트, 스웨터",https://cloudfront.laundrygo.com/smartfactory/smartfactory_20251029085508_36d2b71159f544209921b2d0b8d96eb7.jpeg
FPP9YBNG,2025.10.28,"니트, 스웨터",https://cloudfront.laundrygo.com/smartfactory/smartfactory_20251029085508_2c7a243a58c04bce81cbeb99d6a5023a.jpeg
ICNKZ2VE,2025.10.28,"니트, 스웨터",https://cloudfront.laundrygo.com/smartfactory/smartfactory_20251029051505_afe80745099f45dc9d40efba1b01d2af.jpeg
ICNKZ2VE,2025.10.28,"니트, 스웨터",https://cloudfront.laundrygo.com/smartfactory/smartfactory_20251029051505_183142f4967449ab8989247945e1f9d4.jpeg
K4H90WNS,2025.10.28,"니트, 스웨터",https://cloudfront.laundrygo.com/smartfactory/smartfactory_20251029075207_2fd0b49f6be348d28a3f396709bdc4bb.jpeg
K4H90WNS,2025.10.28,"니트, 스웨터",https://cloudfront.laundrygo.com/smartfactory/smartfactory_20251029075207_44f1792836ec4bc3a0993b23f5bba0e2.jpeg
K4H90WNS,2025.10.28,"니트, 스웨터",https://cloudfront.laundrygo.com/smartfactory/smartfactory_20251029075307_24b06f44e7e74bcd9c8e2f20aec35db2.jpeg
45WXISEL,2025.10.28,"니트, 스웨터",https://cloudfront.laundrygo.com/smartfactory/smartfactory_20251029081508_ccfb3eface3c4efca130d001e6c23eb1.jpeg
HALU889P,2025.10.29,"니트, 스웨터",https://cloudfront.laundrygo.com/smartfactory/smartfactory_20251030064406_167cb15c8d1e43ddb6ce3e970b6e6264.jpeg
V9GQSYD8,2025.10.29,"니트, 스웨터",https://cloudfront.laundrygo.com/smartfactory/smartfactory_20251030035503_7663c7b2372341de85c1ed51b68f7f3d.jpeg
MWZ1GY0S,2025.10.29,"니트, 스웨터",https://cloudfront.laundrygo.com/smartfactory/smartfactory_20251030055705_6d59ae02510f4bbf9743786dafc62f70.jpeg
R5LA935F,2025.10.29,"니트, 스웨터",https://cloudfront.laundrygo.com/smartfactory/smartfactory_20251031015101_aa37a210a1094416a364e4147b72edc2.jpeg
R5LA935F,2025.10.29,"니트, 스웨터",https://cloudfront.laundrygo.com/smartfactory/smartfactory_20251031015201_e06faee7a63649ea97cb185da406e6da.jpeg
R5LA935F,2025.10.29,"니트, 스웨터",https://cloudfront.laundrygo.com/smartfactory/smartfactory_20251031015201_77b01f5eb820424d9addda412e25b1fd.jpeg
R5LA935F,2025.10.29,"니트, 스웨터",https://cloudfront.laundrygo.com/smartfactory/smartfactory_20251031015201_4348f8e1e3594f10b16f2990273c58df.jpeg
R5LA935F,2025.10.29,"니트, 스웨터",https://cloudfront.laundrygo.com/smartfactory/smartfactory_20251031015301_2ec2a62b59e84b2390777c3bafd85876.jpeg
R5LA935F,2025.10.29,"니트, 스웨터",https://cloudfront.laundrygo.com/smartfactory/smartfactory_20251031015401_f7b4afe55ad8466080fc98b897be44ea.jpeg
845ETACN,2025.10.29,"니트, 스웨터",https://cloudfront.laundrygo.com/smartfactory/smartfactory_20251030035403_cf082b5042c94b06abf42b5b4da77002.jpeg
2Y5DSM48,2025.10.30,"니트, 스웨터",https://cloudfront.laundrygo.com/smartfactory/smartfactory_20251031033703_c4b7d629da5c4e8bbaac48bb9bad53fc.jpeg
9SL1YYE4,2025.10.30,"니트, 스웨터",https://cloudfront.laundrygo.com/smartfactory/smartfactory_20251031035103_01b881e50f594f65b72601bb7001c668.jpeg
9SL1YYE4,2025.10.30,"니트, 스웨터",https://cloudfront.laundrygo.com/smartfactory/smartfactory_20251031035203_1530271f28394ded8562e8816355149e.jpeg
ASJ4Q5WR,2025.10.31,"니트, 스웨터",https://cloudfront.laundrygo.com/smartfactory/smartfactory_20251101050405_4f935d677e634505857f688ad6e582f2.jpeg
JJBXMWPT,2025.10.31,"니트, 스웨터",https://cloudfront.laundrygo.com/smartfactory/smartfactory_20251101013301_dd30dcbf4aaa4653a4ed3de3639012b8.jpeg
8MC89PTD,2025.10.31,"니트, 스웨터",https://cloudfront.laundrygo.com/smartfactory/smartfactory_20251101050205_8b55f29af0ee4d50858dba5e6aa6f335.jpeg
T8E6FEJW,2025.10.31,"니트, 스웨터",https://cloudfront.laundrygo.com/smartfactory/smartfactory_20251101051305_f27a4a429a13423082a5462dcf0a87b1.jpeg
XHH0DT03,2025.10.31,"니트, 스웨터",https://cloudfront.laundrygo.com/smartfactory/smartfactory_20251101053605_426d1b70379241d4b7d7ed1f9bf0ae6d.jpeg
2R0JSXFA,2025.10.31,"니트, 스웨터",https://cloudfront.laundrygo.com/smartfactory/smartfactory_20251101045004_6e8270baeb534207ba6baf529da6caba.jpeg
XBOM2WLP,2025.10.31,"니트, 스웨터",https://cloudfront.laundrygo.com/smartfactory/smartfactory_20251101005000_4cdfbabf9c0c405baaa29bfada1acb91.jpeg
25RM4V07,2025.10.31,"니트, 스웨터",https://cloudfront.laundrygo.com/smartfactory/smartfactory_20251101093709_192864c442de409fbe25892061a8d5d2.jpeg
25RM4V07,2025.10.31,"니트, 스웨터",https://cloudfront.laundrygo.com/smartfactory/smartfactory_20251101093809_06fb89ad6f0b48f184f2174dc319e2e5.jpeg
IXRRIYAJ,2025.10.31,"니트, 스웨터",https://cloudfront.laundrygo.com/smartfactory/smartfactory_20251101022302_5ada3c904b004f4cb487816f8b08f0ba.jpeg
SHXBN6P7,2025.11.1,"니트, 스웨터",https://cloudfront.laundrygo.com/smartfactory/smartfactory_20251102012001_c83a31a48a3e4664a7a126917021f051.jpeg
EL2TR2R9,2025.11.1,"니트, 스웨터",https://cloudfront.laundrygo.com/smartfactory/smartfactory_20251102054805_56e790a263454b8b81c0c1d987986179.jpeg
EL2TR2R9,2025.11.1,"니트, 스웨터",https://cloudfront.laundrygo.com/smartfactory/smartfactory_20251102090109_8fcf446b8457486ebd0aa88243327bbc.jpeg
EL2TR2R9,2025.11.1,"니트, 스웨터",https://cloudfront.laundrygo.com/smartfactory/smartfactory_20251102090209_f4aad013a6334b37b366ec625d85f304.jpeg
EL2TR2R9,2025.11.1,"니트, 스웨터",https://cloudfront.laundrygo.com/smartfactory/smartfactory_20251102054805_358a83202ca2464c945ee5a9b1483215.jpeg
GJC2KN3Y,2025.11.1,"니트, 스웨터",https://cloudfront.laundrygo.com/smartfactory/smartfactory_20251102041704_18d374a6495c49ef9e2f6bec485578e7.jpeg
76K6BC89,2025.11.1,"니트, 스웨터",https://cloudfront.laundrygo.com/smartfactory/smartfactory_20251102053305_4bf8e815b56e4ff2bbbfbf8bbf762dd1.jpeg
6FTJ6NJJ,2025.11.1,"니트, 스웨터",https://cloudfront.laundrygo.com/smartfactory/smartfactory_20251102023902_b86df19bb0b64db6812a5df4522f1c6c.jpeg
V9GQSYD8,2025.11.1,"니트, 스웨터",https://cloudfront.laundrygo.com/smartfactory/smartfactory_20251102043704_9a4ee2f6b3f64a7e9a89cd4881a835f6.jpeg
MWZ1GY0S,2025.11.1,"니트, 스웨터",https://cloudfront.laundrygo.com/smartfactory/smartfactory_20251102003400_7f205174f04a49a7b7afccafb8158781.jpeg
MWZ1GY0S,2025.11.1,"니트, 스웨터",https://cloudfront.laundrygo.com/smartfactory/smartfactory_20251102003400_e93975d175844ded836248603a2b40a2.jpeg
W4JH9RHN,2025.11.1,"니트, 스웨터",https://cloudfront.laundrygo.com/smartfactory/smartfactory_20251102094509_5229145dfaa940d99f1685ab420dc72c.jpeg
GGE6DSVW,2025.11.1,"니트, 스웨터",https://cloudfront.laundrygo.com/smartfactory/smartfactory_20251102000600_1fe483e906ae4f759c84dbd52e6fd8be.jpeg
GGE6DSVW,2025.11.1,"니트, 스웨터",https://cloudfront.laundrygo.com/smartfactory/smartfactory_20251102000800_b010d25186cf43b29d6cf1a7e389ed17.jpeg
W4JH9RHN,2025.8.9,넥타이,https://cloudfront.laundrygo.com/smartfactory/smartfactory_20250810001900_daed974f026840408c33de651579e0f9.jpeg
JC1PB4D0,2025.8.17,넥타이,https://cloudfront.laundrygo.com/smartfactory/smartfactory_20250818095309_e4682b63e8764238b17a233fc6039feb.jpeg
GVWBKFEI,2025.8.21,넥타이,https://cloudfront.laundrygo.com/smartfactory/smartfactory_20250822101010_b06a158bb6fd49a6a63eed649ffcb279.jpeg
Y2T4QE83,2025.9.24,넥타이,https://cloudfront.laundrygo.com/smartfactory/smartfactory_20250925134313_b765e96e29f441c29347895d47676d21.jpeg
6DLQGTBF,2025.10.1,넥타이,https://cloudfront.laundrygo.com/smartfactory/smartfactory_20251002004000_ebfc5f77189049158eb3f74386c93af5.jpeg
JJBXMWPT,2025.10.3,넥타이,https://cloudfront.laundrygo.com/smartfactory/smartfactory_20251004052205_dc00349479634d929f6ee17558324765.jpeg
8L4ANES3,2025.10.19,극세사 이불,https://cloudfront.laundrygo.com/smartfactory/smartfactory_20251020095509_e70f9b9aa4584d31a7392502d1fde457.jpeg
8L4ANES3,2025.10.21,극세사 이불,https://cloudfront.laundrygo.com/smartfactory/smartfactory_20251024195719_a2c496504c61447abe7d746fe6119986.jpeg
MXBK9AFC,2025.8.23,구스베개,https://cloudfront.laundrygo.com/smartfactory/smartfactory_20250824013901_0c361721b7e7440e940cf5504517cc83.jpeg
JC1PB4D0,2025.8.17,구스 이불,https://cloudfront.laundrygo.com/smartfactory/smartfactory_20250818145714_7e9d32495df4472fb406294d2e8b9ce8.jpeg
0QEZ4TF1,2025.9.14,구스 이불,https://cloudfront.laundrygo.com/smartfactory/smartfactory_20250915062606_5aea7b398786438183a90b81689f4b73.jpeg
J1MCKRAU,2025.8.14,골프화,https://cloudfront.laundrygo.com/smartfactory/smartfactory_20250815082208_cf0a0bb905c54a40a66d2355a9bcb1e3.jpeg
J1MCKRAU,2025.8.14,골프화,https://cloudfront.laundrygo.com/smartfactory/smartfactory_20250815082208_26ba5d5c476f45aaa98e1db810e170f2.jpeg
J1MCKRAU,2025.8.14,골프화,https://cloudfront.laundrygo.com/smartfactory/smartfactory_20250815082308_972272761c154d2f90cb7fe78d51da3c.jpeg
J1MCKRAU,2025.8.14,골프화,https://cloudfront.laundrygo.com/smartfactory/smartfactory_20250815082308_addf2756e85447518c1d64a9feb99188.jpeg
J1MCKRAU,2025.8.14,골프화,https://cloudfront.laundrygo.com/smartfactory/smartfactory_20250815082308_9b56bfb850c6454f8365005c7b2d8778.jpeg
J1MCKRAU,2025.8.14,골프화,https://cloudfront.laundrygo.com/smartfactory/smartfactory_20250815082308_ce2ebc0f63694c449771cc8532223c94.jpeg
J1MCKRAU,2025.8.14,골프화,https://cloudfront.laundrygo.com/smartfactory/smartfactory_20250815082208_bb4cc6643bee4a6b9606f382442aff03.jpeg
J1MCKRAU,2025.8.14,골프화,https://cloudfront.laundrygo.com/smartfactory/smartfactory_20250815082208_859440cf177d4c43823f9c738e9d5278.jpeg
J1MCKRAU,2025.8.14,골프화,https://cloudfront.laundrygo.com/smartfactory/smartfactory_20250815082208_9b865fa20c504d16bc3c1f8d20a62cd6.jpeg
J1MCKRAU,2025.8.14,골프화,https://cloudfront.laundrygo.com/smartfactory/smartfactory_20250815082208_6d29631516894e2daeddda7f40bb1fd6.jpeg
J1MCKRAU,2025.8.14,골프화,https://cloudfront.laundrygo.com/smartfactory/smartfactory_20250815082208_cbc03c15c4ad450594f07e0db8b055a7.jpeg
J1MCKRAU,2025.8.14,골프화,https://cloudfront.laundrygo.com/smartfactory/smartfactory_20250815082208_d253ee270c4840e88d03152206701341.jpeg
OP8M1AA3,2025.9.23,골프화,https://cloudfront.laundrygo.com/smartfactory/smartfactory_20250924045304_941c07d8167b4a61a0abf468e666e2d2.jpeg
OP8M1AA3,2025.9.23,골프화,https://cloudfront.laundrygo.com/smartfactory/smartfactory_20250924045304_fbeb3f45799b466ca674fb76e851e3ac.jpeg
OP8M1AA3,2025.9.23,골프화,https://cloudfront.laundrygo.com/smartfactory/smartfactory_20250924045304_0aa7d0c9e7e945bb8fdbd687bf500b8c.jpeg
OP8M1AA3,2025.9.23,골프화,https://cloudfront.laundrygo.com/smartfactory/smartfactory_20250924045304_bfaeaa8744344a0db3a313c83b3fc5be.jpeg
OP8M1AA3,2025.9.23,골프화,https://cloudfront.laundrygo.com/smartfactory/smartfactory_20250924045304_4f0cff7635864a94a3326749b913b739.jpeg
OP8M1AA3,2025.9.23,골프화,https://cloudfront.laundrygo.com/smartfactory/smartfactory_20250924045304_242fc9ae2ea94280820f73bbbe347cab.jpeg
Q2O88T5H,2025.10.23,골프화,https://cloudfront.laundrygo.com/smartfactory/smartfactory_20251024073207_4f621dab95f049578f2a86a0f74b8a65.jpeg
Q2O88T5H,2025.10.23,골프화,https://cloudfront.laundrygo.com/smartfactory/smartfactory_20251024073207_fb1422a0abfa4708a60a924be892f8f3.jpeg
Q2O88T5H,2025.10.23,골프화,https://cloudfront.laundrygo.com/smartfactory/smartfactory_20251024073207_df8aef4a3e0e4f36b72ceca2d2b98ed3.jpeg
Q2O88T5H,2025.10.23,골프화,https://cloudfront.laundrygo.com/smartfactory/smartfactory_20251024073207_6401f41cba8a4ddcb91135a8a9cea4bf.jpeg
Q2O88T5H,2025.10.23,골프화,https://cloudfront.laundrygo.com/smartfactory/smartfactory_20251024073207_19cfee42576b47629559ddda209e96b1.jpeg
Q2O88T5H,2025.10.23,골프화,https://cloudfront.laundrygo.com/smartfactory/smartfactory_20251024073207_5160f24247fb4e55af07bef5cee31ea4.jpeg
2R0JSXFA,2025.10.15,경량패딩,https://cloudfront.laundrygo.com/smartfactory/smartfactory_20251016035203_cce11c0cda954cde92bce11c5d5df57c.jpeg
76K6BC89,2025.10.25,경량패딩,https://cloudfront.laundrygo.com/smartfactory/smartfactory_20251026102310_3cd3e2828a044f01b7c67d090a6b6a41.jpeg
QCZ2BL2B,2025.10.26,경량패딩,https://cloudfront.laundrygo.com/smartfactory/smartfactory_20251027023802_f57e23b637554c4189693189355cbe76.jpeg
Q2O88T5H,2025.10.27,경량패딩,https://cloudfront.laundrygo.com/smartfactory/smartfactory_20251028083508_c8da51d1d7fc411f9e9146c029275db5.jpeg
2R0JSXFA,2025.8.8,가운,https://cloudfront.laundrygo.com/smartfactory/smartfactory_20250809071907_c8358ec0149b4640bf4be383a16e75b6.jpeg
SSVQUE6Q,2025.8.17,가운,https://cloudfront.laundrygo.com/smartfactory/smartfactory_20250818085008_157699c04c3944ee9af473e4f5910979.jpeg
XMLHFOZQ,2025.9.28,가운,https://cloudfront.laundrygo.com/smartfactory/smartfactory_20250929081708_701105da9fc74c97b658363b660a2419.jpeg
UQAF7PCB,2025.8.24,가방,https://cloudfront.laundrygo.com/smartfactory/smartfactory_20250825052905_faa3b10d02784326ab3518f53c0191ca.jpeg
7JJBH069,2025.9.28,가방,https://cloudfront.laundrygo.com/smartfactory/smartfactory_20250929073607_c87b1df9968f4741b7fb332f4357c574.jpeg
V7HCX6D0,2025.10.13,가방,https://cloudfront.laundrygo.com/smartfactory/smartfactory_20251014063606_aa8c0d7561e74330a7e7d7090283c47f.jpeg
V7HCX6D0,2025.10.13,가방,https://cloudfront.laundrygo.com/smartfactory/smartfactory_20251014105810_9e2de9e23785448fb3467c10d95f228c.jpeg
45WXISEL,2025.10.18,가방,https://cloudfront.laundrygo.com/smartfactory/smartfactory_20251020153015_87c5efe3c6614c1480f66a4355f17fac.jpeg
J8EKVUY9,2025.10.22,가방,https://cloudfront.laundrygo.com/smartfactory/smartfactory_20251023030203_a9d18fffea3947f18eeca4829eadc1ff.jpeg
J8EKVUY9,2025.10.22,가방,https://cloudfront.laundrygo.com/smartfactory/smartfactory_20251023100810_158b9ecb90ea45a5bd504f6baf2c777f.jpeg
XBOM2WLP,2025.8.8,가디건,https://cloudfront.laundrygo.com/smartfactory/smartfactory_20250809035103_37ad9181133f4468b74cfcc05da9a4ed.jpeg
VRSYKL5V,2025.8.11,가디건,https://cloudfront.laundrygo.com/smartfactory/smartfactory_20250812035503_cf07711bcf2f4f489b9f6862ee22ee51.jpeg
SLKT5QUA,2025.8.12,가디건,https://cloudfront.laundrygo.com/smartfactory/smartfactory_20250813003700_2b9320cbf07c434abc46fe90f1015abd.jpeg
25RM4V07,2025.8.12,가디건,https://cloudfront.laundrygo.com/smartfactory/smartfactory_20250813004400_41005a5d23b9482493e4eed3c351b418.jpeg
JC1PB4D0,2025.8.12,가디건,https://cloudfront.laundrygo.com/smartfactory/smartfactory_20250813050805_141090be9fe84ab0899fb84b4e53c78f.jpeg
RNBX7YSD,2025.8.15,가디건,https://cloudfront.laundrygo.com/smartfactory/smartfactory_20250816051305_7355a7e341d84e5a880f53a4e400a0b0.jpeg
NJ5SZABP,2025.8.16,가디건,https://cloudfront.laundrygo.com/smartfactory/smartfactory_20250817033003_dfc310d2e6824723a484800038102b23.jpeg
XBOM2WLP,2025.8.16,가디건,https://cloudfront.laundrygo.com/smartfactory/smartfactory_20250817050005_6deddbbc565c4f4cb301ba746e502641.jpeg
VRSYKL5V,2025.8.19,가디건,https://cloudfront.laundrygo.com/smartfactory/smartfactory_20250820065006_7d83dc3989a74bfcbd4ecdd8d2390806.jpeg
U2DTD8RO,2025.8.20,가디건,https://cloudfront.laundrygo.com/smartfactory/smartfactory_20250821100210_03b3576e4813402d8271ffa691fd44f8.jpeg
25RM4V07,2025.8.25,가디건,https://cloudfront.laundrygo.com/smartfactory/smartfactory_20250826011901_6ee5e9f0e8e84ef8aae72c988c3c8035.jpeg
U2DTD8RO,2025.8.28,가디건,https://cloudfront.laundrygo.com/smartfactory/smartfactory_20250829100710_057f79d8e41a4908a8d7250072b3bc9d.jpeg
K4H90WNS,2025.8.30,가디건,https://cloudfront.laundrygo.com/smartfactory/smartfactory_20250831001700_1777f32691914d63ab461a0a196ac3ab.jpeg
XBOM2WLP,2025.8.30,가디건,https://cloudfront.laundrygo.com/smartfactory/smartfactory_20250831064206_5aa7191dedcc49a7b53159fb73c95db7.jpeg
BGQD38SR,2025.8.30,가디건,https://cloudfront.laundrygo.com/smartfactory/smartfactory_20250831003100_febfa0a26d0b4f258a8010086fbf735a.jpeg
25RM4V07,2025.8.31,가디건,https://cloudfront.laundrygo.com/smartfactory/smartfactory_20250901021702_260afe4d4a7d4fee8986a5aaebd25bb4.jpeg
EYW7JWTJ,2025.9.12,가디건,https://cloudfront.laundrygo.com/smartfactory/smartfactory_20250913054605_2524b993a1d54f87b7758ca660517e6f.jpeg
VDBOLAFE,2025.9.12,가디건,https://cloudfront.laundrygo.com/smartfactory/smartfactory_20250913144214_a24cc608ef2b4637a38c5f6fa22216bd.jpeg
LUUGZBF5,2025.9.13,가디건,https://cloudfront.laundrygo.com/smartfactory/smartfactory_20250914065806_c67f7d1c975b45c7a135da0de7074d4b.jpeg
LUUGZBF5,2025.9.13,가디건,https://cloudfront.laundrygo.com/smartfactory/smartfactory_20250914070107_6bd4cdd1902f4e4788ff639665295e70.jpeg
K4H90WNS,2025.9.13,가디건,https://cloudfront.laundrygo.com/smartfactory/smartfactory_20250914073707_a2595d27c05e46b08ab89731da44e58c.jpeg
45WXISEL,2025.9.13,가디건,https://cloudfront.laundrygo.com/smartfactory/smartfactory_20250914033303_c31996bd84544c648fa139a30951301f.jpeg
XBOM2WLP,2025.9.13,가디건,https://cloudfront.laundrygo.com/smartfactory/smartfactory_20250914171617_4980cf1615bd4a7a8c0d8354f07830b2.jpeg
XBOM2WLP,2025.9.13,가디건,https://cloudfront.laundrygo.com/smartfactory/smartfactory_20250914171817_dcaae4217efa49d392d51738bd5ad77e.jpeg
HALU889P,2025.9.16,가디건,https://cloudfront.laundrygo.com/smartfactory/smartfactory_20250917014101_3bc9c41b578f48e4b8580499677fb165.jpeg
25RM4V07,2025.9.17,가디건,https://cloudfront.laundrygo.com/smartfactory/smartfactory_20250918011801_62a3e62baaed476b83c29aa62e844c13.jpeg
JC1PB4D0,2025.9.17,가디건,https://cloudfront.laundrygo.com/smartfactory/smartfactory_20250918101210_bec425dfa70c4b6b96fbc5a329f4900c.jpeg
SSVQUE6Q,2025.9.18,가디건,https://cloudfront.laundrygo.com/smartfactory/smartfactory_20250919051505_4406ede86188482ba9eb462d28b16dff.jpeg
SSVQUE6Q,2025.9.18,가디건,https://cloudfront.laundrygo.com/smartfactory/smartfactory_20250919051505_463939b5b3034ea29fec14c4062969d6.jpeg
SHXBN6P7,2025.9.19,가디건,https://cloudfront.laundrygo.com/smartfactory/smartfactory_20250920002900_bc1da153d3da48069e5132a6bc499a01.jpeg
5PJTZX7B,2025.9.19,가디건,https://cloudfront.laundrygo.com/smartfactory/smartfactory_20250920025102_41e9b8d0c659406abe6db481e7c067f9.jpeg
K4H90WNS,2025.9.19,가디건,https://cloudfront.laundrygo.com/smartfactory/smartfactory_20250920001000_45e0523b102c49c4a066cfd45512d74a.jpeg
845ETACN,2025.9.19,가디건,https://cloudfront.laundrygo.com/smartfactory/smartfactory_20250920015001_bdfe3d21d8494e37b8e0a2c52e01b955.jpeg
LUUGZBF5,2025.9.21,가디건,https://cloudfront.laundrygo.com/smartfactory/smartfactory_20250922082108_c6afdb1a970943b4828e6145080a1f38.jpeg
76K6BC89,2025.9.21,가디건,https://cloudfront.laundrygo.com/smartfactory/smartfactory_20250922045204_bbb94ae9560744728780f7b99e2b44be.jpeg
T8E6FEJW,2025.9.21,가디건,https://cloudfront.laundrygo.com/smartfactory/smartfactory_20250922030903_8a58153ba54546d3bf7c2bde2196259b.jpeg
JY6ZWQZL,2025.9.21,가디건,https://cloudfront.laundrygo.com/smartfactory/smartfactory_20250922023702_9e3e524ac79b4643bffb1fbd676dff28.jpeg
6GS9JIYM,2025.9.21,가디건,https://cloudfront.laundrygo.com/smartfactory/smartfactory_20250923133713_7bcad424b9034fb48b277d8329f9d5ce.jpeg
ET8D4PJN,2025.9.22,가디건,https://cloudfront.laundrygo.com/smartfactory/smartfactory_20250923082908_d9aeb7907728498fb917c36ffacf31aa.jpeg
GGE6DSVW,2025.9.22,가디건,https://cloudfront.laundrygo.com/smartfactory/smartfactory_20250923000500_af051c2ddc7e43dd9b3c4aaec21167ce.jpeg
YTYI58HG,2025.9.25,가디건,https://cloudfront.laundrygo.com/smartfactory/smartfactory_20250926003700_e3907cf91d3f4ccfa6e7588728c499c2.jpeg
U2DTD8RO,2025.9.25,가디건,https://cloudfront.laundrygo.com/smartfactory/smartfactory_20250926111311_e04dc758de7d40bc87dc842c7f4a26cc.jpeg
3ZJHQZX1,2025.9.26,가디건,https://cloudfront.laundrygo.com/smartfactory/smartfactory_20250927081108_0396a68e5b3d4c03895e64b78d8c8126.jpeg
EL2TR2R9,2025.9.27,가디건,https://cloudfront.laundrygo.com/smartfactory/smartfactory_20250928011701_995dafc85bdb449a970b4f64b5de75c5.jpeg
HALU889P,2025.9.27,가디건,https://cloudfront.laundrygo.com/smartfactory/smartfactory_20250928065606_a937a1e3d7f643eb8e7d17cfab63396d.jpeg
6FTJ6NJJ,2025.9.27,가디건,https://cloudfront.laundrygo.com/smartfactory/smartfactory_20250928012301_bd8de88d6fef4b71b0e85006d131c8b4.jpeg
X7PTBDGH,2025.9.27,가디건,https://cloudfront.laundrygo.com/smartfactory/smartfactory_20250928001100_fc61668ac38a4e0395778ae8aeabd5d4.jpeg
GJC2KN3Y,2025.9.30,가디건,https://cloudfront.laundrygo.com/smartfactory/smartfactory_20251001012801_a5e7e468038a4fb3a7555766ccc68c7a.jpeg
LUUGZBF5,2025.10.1,가디건,https://cloudfront.laundrygo.com/smartfactory/smartfactory_20251003092909_b976c575da1d4e5fa4d1e2362fdfee20.jpeg
SHXBN6P7,2025.10.7,가디건,https://cloudfront.laundrygo.com/smartfactory/smartfactory_20251008011001_3b6e8423042d41fbb534c786bde8290e.jpeg
ASJ4Q5WR,2025.10.7,가디건,https://cloudfront.laundrygo.com/smartfactory/smartfactory_20251008095409_549e390bc68d42c4a3d44787d1e772e8.jpeg
XBOM2WLP,2025.10.7,가디건,https://cloudfront.laundrygo.com/smartfactory/smartfactory_20251008093309_9ef7bb2d779d4af39e52af6793cca364.jpeg
25RM4V07,2025.10.7,가디건,https://cloudfront.laundrygo.com/smartfactory/smartfactory_20251008095209_4d6a3b0677e245408c726b753f100c85.jpeg
GGE6DSVW,2025.10.7,가디건,https://cloudfront.laundrygo.com/smartfactory/smartfactory_20251008021702_0855734ebc024ab683c0c79bffe182a5.jpeg
GGE6DSVW,2025.10.7,가디건,https://cloudfront.laundrygo.com/smartfactory/smartfactory_20251008021802_052193660fb24c15b35f7da2bacef391.jpeg
3ZJHQZX1,2025.10.8,가디건,https://cloudfront.laundrygo.com/smartfactory/smartfactory_20251009094409_195bdb43e8f345c0a888a3bc4fefbb2b.jpeg
3ZJHQZX1,2025.10.8,가디건,https://cloudfront.laundrygo.com/smartfactory/smartfactory_20251009094709_189e72a2e90642c38d689e4b0ee756d7.jpeg
NJ5SZABP,2025.10.10,가디건,https://cloudfront.laundrygo.com/smartfactory/smartfactory_20251011030403_ed3ad1040ab9438084094d10e3483317.jpeg
EL2TR2R9,2025.10.10,가디건,https://cloudfront.laundrygo.com/smartfactory/smartfactory_20251011025802_e1f7a9d73efb4c0b86ff3c72e14dea21.jpeg
LUUGZBF5,2025.10.11,가디건,https://cloudfront.laundrygo.com/smartfactory/smartfactory_20251014135613_d4300c1c974e41c6a1427af44f0806f3.jpeg
GSHKANZM,2025.10.11,가디건,https://cloudfront.laundrygo.com/smartfactory/smartfactory_20251012013901_2bb81bf5f74d4c6ab5db9cb4d91e9f1c.jpeg
J8EKVUY9,2025.10.11,가디건,https://cloudfront.laundrygo.com/smartfactory/smartfactory_20251012164716_3aeab4066a024d1180a94bceb970378a.jpeg
J8EKVUY9,2025.10.11,가디건,https://cloudfront.laundrygo.com/smartfactory/smartfactory_20251012164816_2696662d458a4c85ba4d391398f1588b.jpeg
76K6BC89,2025.10.12,가디건,https://cloudfront.laundrygo.com/smartfactory/smartfactory_20251013081908_256da524aeff40dca5f04db7082eba57.jpeg
V7HCX6D0,2025.10.13,가디건,https://cloudfront.laundrygo.com/smartfactory/smartfactory_20251014063706_36f92e83868249618dad7f4df40e481a.jpeg
MODQ3GT2,2025.10.13,가디건,https://cloudfront.laundrygo.com/smartfactory/smartfactory_20251014033203_0459ea34d6d54500afb1ef750c7e5c94.jpeg
VDBOLAFE,2025.10.14,가디건,https://cloudfront.laundrygo.com/smartfactory/smartfactory_20251015082108_e6252321a95d471b85d3e790676a3466.jpeg
JY6ZWQZL,2025.10.16,가디건,https://cloudfront.laundrygo.com/smartfactory/smartfactory_20251017011501_dd8de5386fd94046aed8d6fcfdcc6a1f.jpeg
3ZJHQZX1,2025.10.16,가디건,https://cloudfront.laundrygo.com/smartfactory/smartfactory_20251017092009_6d992c3488874c71800042e60bd15c5e.jpeg
5PJTZX7B,2025.10.17,가디건,https://cloudfront.laundrygo.com/smartfactory/smartfactory_20251018061806_7da3b998db2e499d84e64f5f4891eb34.jpeg
ASJ4Q5WR,2025.10.17,가디건,https://cloudfront.laundrygo.com/smartfactory/smartfactory_20251018065706_23c4ff71cdde4dce899c6fdafa58080b.jpeg
ASJ4Q5WR,2025.10.17,가디건,https://cloudfront.laundrygo.com/smartfactory/smartfactory_20251018065706_4e27fa8c3b31498faf42c3ad60a27b2b.jpeg
ASJ4Q5WR,2025.10.17,가디건,https://cloudfront.laundrygo.com/smartfactory/smartfactory_20251018065706_ff4d1d764c224c878692f1809228d6ff.jpeg
VRSYKL5V,2025.10.17,가디건,https://cloudfront.laundrygo.com/smartfactory/smartfactory_20251018012101_4bafcaa61d0245d29eed3f49294c3ad4.jpeg
7FNBXTGJ,2025.10.18,가디건,https://cloudfront.laundrygo.com/smartfactory/smartfactory_20251019032803_68f4506f8a7a497a80a7d92fbbd97cf4.jpeg
HALU889P,2025.10.19,가디건,https://cloudfront.laundrygo.com/smartfactory/smartfactory_20251020013801_92b12fab027e499c8540fd85f06c64b4.jpeg
XMLHFOZQ,2025.10.19,가디건,https://cloudfront.laundrygo.com/smartfactory/smartfactory_20251020073007_a946c76d176b437e8666998ee1ae0771.jpeg
VRSYKL5V,2025.10.20,가디건,https://cloudfront.laundrygo.com/smartfactory/smartfactory_20251021024202_7dc34431de694c16874b772f79758751.jpeg
J8EKVUY9,2025.10.22,가디건,https://cloudfront.laundrygo.com/smartfactory/smartfactory_20251023030503_682223da23df464aa6d54e6f23f02b7a.jpeg
GGE6DSVW,2025.10.22,가디건,https://cloudfront.laundrygo.com/smartfactory/smartfactory_20251023055605_a0fb0538a8214962bbed42f17e3daf65.jpeg
GVWBKFEI,2025.10.23,가디건,https://cloudfront.laundrygo.com/smartfactory/smartfactory_20251024082708_be53119139e34077b4f19aed6235792b.jpeg
GVWBKFEI,2025.10.23,가디건,https://cloudfront.laundrygo.com/smartfactory/smartfactory_20251024083008_50efbfb203354a7287edfa37c403d774.jpeg
SHXBN6P7,2025.10.24,가디건,https://cloudfront.laundrygo.com/smartfactory/smartfactory_20251025075907_77e9a996e6b846bc8493224ac5b60e2e.jpeg
ASJ4Q5WR,2025.10.24,가디건,https://cloudfront.laundrygo.com/smartfactory/smartfactory_20251025091409_e4b031d17e7446078bcc6c96e7e3f6d0.jpeg
ASJ4Q5WR,2025.10.24,가디건,https://cloudfront.laundrygo.com/smartfactory/smartfactory_20251025091509_414bf3681b3449c38d7588da317344a9.jpeg
6FTJ6NJJ,2025.10.24,가디건,https://cloudfront.laundrygo.com/smartfactory/smartfactory_20251025084708_030169b963af42a484ea83367d0a5718.jpeg
U2DTD8RO,2025.10.24,가디건,https://cloudfront.laundrygo.com/smartfactory/smartfactory_20251025132013_6d5243f9194a4142a3ec2d65341560a2.jpeg
GK9XEPAK,2025.10.24,가디건,https://cloudfront.laundrygo.com/smartfactory/smartfactory_20251025051405_9410448072fd4d409aa6e2023a27f74d.jpeg
AZD3BJMZ,2025.10.25,가디건,https://cloudfront.laundrygo.com/smartfactory/smartfactory_20251026071807_b155524603734b8d91cb50c628395bb0.jpeg
T8E6FEJW,2025.10.25,가디건,https://cloudfront.laundrygo.com/smartfactory/smartfactory_20251026021202_55fa6289c3f942aeab40a4d3be00d513.jpeg
2R0JSXFA,2025.10.25,가디건,https://cloudfront.laundrygo.com/smartfactory/smartfactory_20251026070507_62f4f7939f55442f83e6405c6a3cc424.jpeg
3MZWPFTC,2025.10.25,가디건,https://cloudfront.laundrygo.com/smartfactory/smartfactory_20251026053605_cd7401b6de7445e1a770998ba688feb6.jpeg
3MZWPFTC,2025.10.25,가디건,https://cloudfront.laundrygo.com/smartfactory/smartfactory_20251026053705_fa8dd28c66cc4605a17d85802805899a.jpeg
CF4EXSN3,2025.10.26,가디건,https://cloudfront.laundrygo.com/smartfactory/smartfactory_20251027073907_3fa55350d7774da5b396d1391b4b6390.jpeg
6GS9JIYM,2025.10.26,가디건,https://cloudfront.laundrygo.com/smartfactory/smartfactory_20251029095809_dc148bfd2f47454fa349b04df2f0ce1b.jpeg
6GS9JIYM,2025.10.26,가디건,https://cloudfront.laundrygo.com/smartfactory/smartfactory_20251029100010_ea6a1529b3044fb7a21c35c9e42541bb.jpeg
NJ5SZABP,2025.10.28,가디건,https://cloudfront.laundrygo.com/smartfactory/smartfactory_20251029054805_a08a5c7b7c2344318777db5c4af9868d.jpeg
JY6ZWQZL,2025.10.29,가디건,https://cloudfront.laundrygo.com/smartfactory/smartfactory_20251030011401_2fc732165de94710b3e5647baab6d1a3.jpeg
R5LA935F,2025.10.29,가디건,https://cloudfront.laundrygo.com/smartfactory/smartfactory_20251031015301_8c09f0f54c00462da21515f0f83dd6fb.jpeg
ASJ4Q5WR,2025.10.31,가디건,https://cloudfront.laundrygo.com/smartfactory/smartfactory_20251101050305_a6e4bffb94244261a0ee7745d9d44517.jpeg
JJBXMWPT,2025.10.31,가디건,https://cloudfront.laundrygo.com/smartfactory/smartfactory_20251101013201_ed8a758b99f04f258dab08990698b823.jpeg
JJBXMWPT,2025.10.31,가디건,https://cloudfront.laundrygo.com/smartfactory/smartfactory_20251101013301_3c3fe67bb05947d5ab367f9d1db6e687.jpeg
JJBXMWPT,2025.10.31,가디건,https://cloudfront.laundrygo.com/smartfactory/smartfactory_20251101013401_eda508ca45a545b7831707dfd215e9cb.jpeg
2R0JSXFA,2025.10.31,가디건,https://cloudfront.laundrygo.com/smartfactory/smartfactory_20251101045104_d3af9dbeb7a24711a886635547aa45f4.jpeg
XBOM2WLP,2025.10.31,가디건,https://cloudfront.laundrygo.com/smartfactory/smartfactory_20251101004800_4ff81a5ebd09425499544defeb0095c2.jpeg
XBOM2WLP,2025.10.31,가디건,https://cloudfront.laundrygo.com/smartfactory/smartfactory_20251101004900_b949dc6e0d8c43a1a923783c9ba7b9a7.jpeg
YZZ7MWRL,2025.11.1,가디건,https://cloudfront.laundrygo.com/smartfactory/smartfactory_20251102053005_fd58ec3d7dc14489add80fec07651c81.jpeg
YZZ7MWRL,2025.11.1,가디건,https://cloudfront.laundrygo.com/smartfactory/smartfactory_20251102053405_ca4661cece3844f89d9b043556353260.jpeg
W4JH9RHN,2025.11.1,가디건,https://cloudfront.laundrygo.com/smartfactory/smartfactory_20251102094509_cdc69f044fb74efabafa0cb520d4efe1.jpeg
W4JH9RHN,2025.11.1,가디건,https://cloudfront.laundrygo.com/smartfactory/smartfactory_20251102094609_ee937e80954f4cdf9c1a6560df3df6d5.jpeg
W4JH9RHN,2025.11.1,가디건,https://cloudfront.laundrygo.com/smartfactory/smartfactory_20251102094609_34d017e665804b30877b258533962934.jpeg