userCardNo,Payments,real_collection_date,category,img_url
ULP7FFDE,와이셔츠&드라이 73,2025-8-30,셔츠류,https://cloudfront.laundrygo.com/smartfactory/smartfactory_20250831082408_5a556acfb69f4090aa3c3d799f31515a.jpeg
ULP7FFDE,와이셔츠&드라이 73,2025-8-30,셔츠류,https://cloudfront.laundrygo.com/smartfactory/smartfactory_20250831082508_e21f99ade99541b89502f48b733ab523.jpeg
ULP7FFDE,와이셔츠&드라이 73,2025-8-30,셔츠류,https://cloudfront.laundrygo.com/smartfactory/smartfactory_20250831082508_a14a45ade40348edbb1a7448ad7439d7.jpeg
ULP7FFDE,와이셔츠&드라이 73,2025-8-30,셔츠류,https://cloudfront.laundrygo.com/smartfactory/smartfactory_20250831082508_b9fac7a656c243968098707c982bbb80.jpeg
ULP7FFDE,와이셔츠&드라이 73,2025-8-30,셔츠류,https://cloudfront.laundrygo.com/smartfactory/smartfactory_20250831082608_204d5b5bd91f4043becd42065f10e12d.jpeg
ULP7FFDE,와이셔츠&드라이 73,2025-8-30,셔츠류,https://cloudfront.laundrygo.com/smartfactory/smartfactory_20250831082608_f3050e516a3946ea90bee90e2c01a9e1.jpeg
ULP7FFDE,와이셔츠&드라이 73,2025-9-2,셔츠류,https://cloudfront.laundrygo.com/smartfactory/smartfactory_20250903055905_c06560bbf68e4827aa99621a816cc40f.jpeg
ULP7FFDE,와이셔츠&드라이 73,2025-9-2,셔츠류,https://cloudfront.laundrygo.com/smartfactory/smartfactory_20250903060006_8e5ccc57a67245c9a01edadca53d7743.jpeg
ULP7FFDE,와이셔츠&드라이 73,2025-9-14,셔츠류,https://cloudfront.laundrygo.com/smartfactory/smartfactory_20250915054505_5025b79d74144d6ead6b81a3402b97d8.jpeg
ULP7FFDE,와이셔츠&드라이 73,2025-9-14,셔츠류,https://cloudfront.laundrygo.com/smartfactory/smartfactory_20250915054605_91423f297f9245c28e5ee6670cf160d8.jpeg
ULP7FFDE,와이셔츠&드라이 73,2025-9-14,셔츠류,https://cloudfront.laundrygo.com/smartfactory/smartfactory_20250915054705_d43907afa2544360bff4cd404a43e46b.jpeg
ULP7FFDE,와이셔츠&드라이 73,2025-9-14,셔츠류,https://cloudfront.laundrygo.com/smartfactory/smartfactory_20250915054705_77fececa341b4a11a9710f2ecff95322.jpeg
ULP7FFDE,와이셔츠&드라이 73,2025-9-14,셔츠류,https://cloudfront.laundrygo.com/smartfactory/smartfactory_20250915054805_9c4d10b57d8b4f8ca264ae617e257843.jpeg
ULP7FFDE,와이셔츠&드라이 73,2025-9-14,셔츠류,https://cloudfront.laundrygo.com/smartfactory/smartfactory_20250915055005_4db33c6dc17a4eada3c6ff944beb20fc.jpeg
ULP7FFDE,와이셔츠&드라이 73,2025-9-14,셔츠류,https://cloudfront.laundrygo.com/smartfactory/smartfactory_20250915055005_c532413455514cd29dc9e6d3f49eb904.jpeg
ULP7FFDE,와이셔츠&드라이 73,2025-9-27,셔츠류,https://cloudfront.laundrygo.com/smartfactory/smartfactory_20250928054805_4b6bb6cc3921406081e8c47d245f204b.jpeg
ULP7FFDE,와이셔츠&드라이 73,2025-9-27,셔츠류,https://cloudfront.laundrygo.com/smartfactory/smartfactory_20250928054805_eb9930408b3d40058eea983a8fa74d00.jpeg
ULP7FFDE,와이셔츠&드라이 73,2025-9-27,셔츠류,https://cloudfront.laundrygo.com/smartfactory/smartfactory_20250928054905_d865137166c240b0be2bbc39f059545b.jpeg
ULP7FFDE,와이셔츠&드라이 73,2025-9-27,셔츠류,https://cloudfront.laundrygo.com/smartfactory/smartfactory_20250928054905_dcc2d5e00bb442a1a0dea3f57001bd76.jpeg
ULP7FFDE,와이셔츠&드라이 73,2025-9-27,셔츠류,https://cloudfront.laundrygo.com/smartfactory/smartfactory_20250928055005_16486993a8fc4c7abd30d8343c01da03.jpeg
ULP7FFDE,와이셔츠&드라이 73,2025-9-27,셔츠류,https://cloudfront.laundrygo.com/smartfactory/smartfactory_20250928055005_621118e9dbf14e61b2ff2cdfdecff807.jpeg
ULP7FFDE,와이셔츠&드라이 73,2025-9-27,셔츠류,https://cloudfront.laundrygo.com/smartfactory/smartfactory_20250928055005_faa69f3001ee497bb0f87b29c554bbf7.jpeg
ULP7FFDE,와이셔츠&드라이 73,2025-9-27,셔츠류,https://cloudfront.laundrygo.com/smartfactory/smartfactory_20250928055105_92a608830bfd4f23bef9fb7ec744f2e8.jpeg
ULP7FFDE,와이셔츠&드라이 73,2025-9-27,셔츠류,https://cloudfront.laundrygo.com/smartfactory/smartfactory_20250928055105_4a1c6335f5e34612aa82411e7452a9a2.jpeg
ULP7FFDE,와이셔츠&드라이 73,2025-10-19,셔츠류,https://cloudfront.laundrygo.com/smartfactory/smartfactory_20251020072207_728f28627cc24f41bcdd3a0eece581f4.jpeg
ULP7FFDE,와이셔츠&드라이 73,2025-10-19,셔츠류,https://cloudfront.laundrygo.com/smartfactory/smartfactory_20251020072207_827afd2b6c974b648818b43943f5de38.jpeg
ULP7FFDE,와이셔츠&드라이 73,2025-10-19,셔츠류,https://cloudfront.laundrygo.com/smartfactory/smartfactory_20251020072207_63b8b14fa9a24406ab2b6e3aa96a083e.jpeg
ULP7FFDE,와이셔츠&드라이 73,2025-10-19,셔츠류,https://cloudfront.laundrygo.com/smartfactory/smartfactory_20251020072307_9c1902a2b9d14ad8ba7b28a713e89eb3.jpeg
ULP7FFDE,와이셔츠&드라이 73,2025-10-19,셔츠류,https://cloudfront.laundrygo.com/smartfactory/smartfactory_20251020072307_8ad977f106044520b54d2abd99f32449.jpeg
ULP7FFDE,와이셔츠&드라이 73,2025-10-19,셔츠류,https://cloudfront.laundrygo.com/smartfactory/smartfactory_20251020072407_c1ca041b85584e3e8adf6ec449579192.jpeg
ULP7FFDE,와이셔츠&드라이 73,2025-10-19,셔츠류,https://cloudfront.laundrygo.com/smartfactory/smartfactory_20251020072407_33b36b25754f4ee0b796934c7593f8cb.jpeg
ULP7FFDE,와이셔츠&드라이 73,2025-10-19,셔츠류,https://cloudfront.laundrygo.com/smartfactory/smartfactory_20251020072507_8ded1a28e7dd4cdfaec907208a4afdf3.jpeg
ULP7FFDE,와이셔츠&드라이 73,2025-10-19,셔츠류,https://cloudfront.laundrygo.com/smartfactory/smartfactory_20251020072507_dd8a52de16ea40c7a11af28303956b64.jpeg
ULP7FFDE,와이셔츠&드라이 73,2025-11-2,셔츠류,https://cloudfront.laundrygo.com/smartfactory/smartfactory_20251103072907_0924e7b5f40a40a28d1db0cf511a2267.jpeg
ULP7FFDE,와이셔츠&드라이 73,2025-11-2,셔츠류,https://cloudfront.laundrygo.com/smartfactory/smartfactory_20251103072907_ad7643a389584ccdbff5b3a54e93ab12.jpeg
ULP7FFDE,와이셔츠&드라이 73,2025-11-2,셔츠류,https://cloudfront.laundrygo.com/smartfactory/smartfactory_20251103073007_de5f47b5e71e4b55885839730f83b84c.jpeg
ULP7FFDE,와이셔츠&드라이 73,2025-11-2,셔츠류,https://cloudfront.laundrygo.com/smartfactory/smartfactory_20251103073007_6794cb187af6471da5173e949aab13d2.jpeg
ULP7FFDE,와이셔츠&드라이 73,2025-11-2,셔츠류,https://cloudfront.laundrygo.com/smartfactory/smartfactory_20251103073007_03cb31b2f3c5490b935fc322e12579d2.jpeg
ULP7FFDE,와이셔츠&드라이 73,2025-11-2,셔츠류,https://cloudfront.laundrygo.com/smartfactory/smartfactory_20251103073107_a41b5be0a25443a1ad1fdb539edd8dc4.jpeg
ULP7FFDE,와이셔츠&드라이 73,2025-11-2,셔츠류,https://cloudfront.laundrygo.com/smartfactory/smartfactory_20251103073107_eee0097e6dee410b82224173d3a5c673.jpeg
ULP7FFDE,와이셔츠&드라이 73,2025-11-2,셔츠류,https://cloudfront.laundrygo.com/smartfactory/smartfactory_20251103073107_d83afdcdb0ee4b61a0a4653b4e99f8fc.jpeg
ULP7FFDE,와이셔츠&드라이 73,2025-11-2,셔츠류,https://cloudfront.laundrygo.com/smartfactory/smartfactory_20251103073207_00e3bec953074aeb955ca2c1b4879c39.jpeg
ULP7FFDE,와이셔츠&드라이 73,2025-11-2,셔츠류,https://cloudfront.laundrygo.com/smartfactory/smartfactory_20251103073207_195c83f22d284db387c0dbec0d092799.jpeg
ULP7FFDE,와이셔츠&드라이 73,2025-11-16,셔츠류,https://cloudfront.laundrygo.com/smartfactory/smartfactory_20251117084708_b80531ca6c6b4f228999b09ae12c6001.jpeg
ULP7FFDE,와이셔츠&드라이 73,2025-11-16,셔츠류,https://cloudfront.laundrygo.com/smartfactory/smartfactory_20251117084908_1bd3396dac4048a281df322f522a4bc6.jpeg
ULP7FFDE,와이셔츠&드라이 73,2025-11-16,셔츠류,https://cloudfront.laundrygo.com/smartfactory/smartfactory_20251117084908_407c2f442cf241cbac6a67f02d988309.jpeg
ULP7FFDE,와이셔츠&드라이 73,2025-11-16,셔츠류,https://cloudfront.laundrygo.com/smartfactory/smartfactory_20251117085008_d4f366f13e104cbbab608064e4fcd194.jpeg
ULP7FFDE,와이셔츠&드라이 73,2025-11-16,셔츠류,https://cloudfront.laundrygo.com/smartfactory/smartfactory_20251117085008_e63e7fca94644ee3a1a70d7a6b2106a8.jpeg
ULP7FFDE,와이셔츠&드라이 73,2025-11-16,셔츠류,https://cloudfront.laundrygo.com/smartfactory/smartfactory_20251117085008_a426b4fbd4784c0c8b61142525837c4f.jpeg
ULP7FFDE,와이셔츠&드라이 73,2025-11-16,셔츠류,https://cloudfront.laundrygo.com/smartfactory/smartfactory_20251117085008_d4f76b35e15b47ec9cd95539dd079b75.jpeg
ULP7FFDE,와이셔츠&드라이 73,2025-11-16,셔츠류,https://cloudfront.laundrygo.com/smartfactory/smartfactory_20251117085008_9ff0b66d3e3848ff9f2a0cd808b99220.jpeg
ULP7FFDE,와이셔츠&드라이 73,2025-11-16,셔츠류,https://cloudfront.laundrygo.com/smartfactory/smartfactory_20251117085108_94937f0316bd4057b592e1656b46c552.jpeg
ULP7FFDE,와이셔츠&드라이 73,2025-11-16,셔츠류,https://cloudfront.laundrygo.com/smartfactory/smartfactory_20251117085108_bda70b8ad4af4ca9be50a93f4e31e113.jpeg
TMV2K2Z4,자유이용서비스,2025-9-21,셔츠류,https://cloudfront.laundrygo.com/smartfactory/smartfactory_20250923084908_7147aeb4f7ed4873941295cd1bc82e4a.jpeg
TMV2K2Z4,자유이용서비스,2025-9-21,셔츠류,https://cloudfront.laundrygo.com/smartfactory/smartfactory_20250923084508_0eb9c078c8064a70abed86e7d8b0a830.jpeg
TMV2K2Z4,자유이용서비스,2025-9-21,셔츠류,https://cloudfront.laundrygo.com/smartfactory/smartfactory_20250923084708_ef41d8771ff54110aafc260f3e29df40.jpeg
TMV2K2Z4,자유이용서비스,2025-9-21,셔츠류,https://cloudfront.laundrygo.com/smartfactory/smartfactory_20250923084808_281464370bc0446fafe60094c425cdef.jpeg
TMV2K2Z4,자유이용서비스,2025-9-21,셔츠류,https://cloudfront.laundrygo.com/smartfactory/smartfactory_20250923084808_a8a4a3d54bea491888da32d499d7a16c.jpeg
TMV2K2Z4,자유이용서비스,2025-9-21,셔츠류,https://cloudfront.laundrygo.com/smartfactory/smartfactory_20250923085108_b685a683410744cca4f1b0d808835301.jpeg
5PVQ9D54,와이셔츠&드라이 56,2025-8-30,셔츠류,https://cloudfront.laundrygo.com/smartfactory/smartfactory_20250831072507_ed85248b62134a5383ca16608cfc660e.jpeg
5PVQ9D54,와이셔츠&드라이 56,2025-8-30,셔츠류,https://cloudfront.laundrygo.com/smartfactory/smartfactory_20250831072607_77a1749c49ac4a2187f5981fd8330d7f.jpeg
5PVQ9D54,와이셔츠&드라이 56,2025-9-9,셔츠류,https://cloudfront.laundrygo.com/smartfactory/smartfactory_20250910013101_2c9ee502cb4c4931ae4cd23a25d4fbad.jpeg
5PVQ9D54,와이셔츠&드라이 56,2025-9-9,셔츠류,https://cloudfront.laundrygo.com/smartfactory/smartfactory_20250910013101_1eecc933ad7744bfa68150459cb4d1d9.jpeg
5PVQ9D54,와이셔츠&드라이 56,2025-9-21,셔츠류,https://cloudfront.laundrygo.com/smartfactory/smartfactory_20250922012701_7a8f73c70c3a4c0badc93b3dd0f71dc3.jpeg
5PVQ9D54,와이셔츠&드라이 56,2025-9-21,셔츠류,https://cloudfront.laundrygo.com/smartfactory/smartfactory_20250922012601_84c78a8320904b0bb57d000189264fe4.jpeg
5PVQ9D54,와이셔츠&드라이 56,2025-9-21,셔츠류,https://cloudfront.laundrygo.com/smartfactory/smartfactory_20250922012601_c05d12a409684cee8e0229ec0a4520c8.jpeg
5PVQ9D54,와이셔츠&드라이 56,2025-9-21,셔츠류,https://cloudfront.laundrygo.com/smartfactory/smartfactory_20250922012701_3be8b9a65fe542fb98a920b78e29cfeb.jpeg
5PVQ9D54,와이셔츠&드라이 56,2025-9-21,셔츠류,https://cloudfront.laundrygo.com/smartfactory/smartfactory_20250922012801_076595539c63484b8db61e030eee2914.jpeg
5PVQ9D54,와이셔츠&드라이 56,2025-9-27,셔츠류,https://cloudfront.laundrygo.com/smartfactory/smartfactory_20250928075707_bf7503183e00458f9257b07d1bc58737.jpeg
5PVQ9D54,와이셔츠&드라이 56,2025-9-27,셔츠류,https://cloudfront.laundrygo.com/smartfactory/smartfactory_20250928075807_5d3f8ad8c0b646a3b431259ac6836b9f.jpeg
5PVQ9D54,와이셔츠&드라이 56,2025-10-15,셔츠류,https://cloudfront.laundrygo.com/smartfactory/smartfactory_20251016082108_5623632170814c47b304ad3d8bdcf310.jpeg
5PVQ9D54,와이셔츠&드라이 56,2025-10-15,셔츠류,https://cloudfront.laundrygo.com/smartfactory/smartfactory_20251016082108_a5d5db84044348deb7d8d1fad86840b2.jpeg
5PVQ9D54,와이셔츠&드라이 56,2025-10-15,셔츠류,https://cloudfront.laundrygo.com/smartfactory/smartfactory_20251016082208_e39c2a1b97eb4041bf46dbc3fa350f26.jpeg
5PVQ9D54,와이셔츠&드라이 56,2025-10-15,셔츠류,https://cloudfront.laundrygo.com/smartfactory/smartfactory_20251016082208_3f4a4429a9aa4a6b92f695efd40f216c.jpeg
5PVQ9D54,와이셔츠&드라이 56,2025-10-15,셔츠류,https://cloudfront.laundrygo.com/smartfactory/smartfactory_20251016082208_0693e4f038c74ba4aa605cec60f71faa.jpeg
5PVQ9D54,와이셔츠&드라이 56,2025-10-15,셔츠류,https://cloudfront.laundrygo.com/smartfactory/smartfactory_20251016082308_9e93d4373599439a984d38665f422479.jpeg
5PVQ9D54,와이셔츠&드라이 56,2025-10-15,셔츠류,https://cloudfront.laundrygo.com/smartfactory/smartfactory_20251016082308_82cfcc3e31d8459b8e640203181c40bb.jpeg
5PVQ9D54,와이셔츠&드라이 56,2025-10-26,셔츠류,https://cloudfront.laundrygo.com/smartfactory/smartfactory_20251027013601_392bd4451f4c48adab3cdfd4d0a69ed5.jpeg
5PVQ9D54,와이셔츠&드라이 56,2025-10-26,셔츠류,https://cloudfront.laundrygo.com/smartfactory/smartfactory_20251027013701_6f6772d5c2d14aad9ca29b4d4b89375f.jpeg
5PVQ9D54,와이셔츠&드라이 56,2025-10-26,셔츠류,https://cloudfront.laundrygo.com/smartfactory/smartfactory_20251027013701_e6467daa3ccb4e3987f1f902b06512bf.jpeg
5PVQ9D54,와이셔츠&드라이 56,2025-10-26,셔츠류,https://cloudfront.laundrygo.com/smartfactory/smartfactory_20251027013701_acd500f05e4748f487e5827cc49e65b8.jpeg
5PVQ9D54,와이셔츠&드라이 56,2025-10-26,셔츠류,https://cloudfront.laundrygo.com/smartfactory/smartfactory_20251027013701_e2344efcdee540cfb5603899baa36fa3.jpeg
5PVQ9D54,와이셔츠&드라이 56,2025-10-26,셔츠류,https://cloudfront.laundrygo.com/smartfactory/smartfactory_20251027013801_5c80a384581447018bc0c719cbe0d2dd.jpeg
5PVQ9D54,와이셔츠&드라이 56,2025-10-26,셔츠류,https://cloudfront.laundrygo.com/smartfactory/smartfactory_20251027013801_87063b6aa2a348a8ac9ed95628750aa8.jpeg
5PVQ9D54,와이셔츠&드라이 56,2025-10-26,셔츠류,https://cloudfront.laundrygo.com/smartfactory/smartfactory_20251027013801_095bfbc7953a43ad95d25d3615c75c01.jpeg
5PVQ9D54,와이셔츠&드라이 56,2025-10-26,셔츠류,https://cloudfront.laundrygo.com/smartfactory/smartfactory_20251027013801_6f44f51b88ee4d138dbd66b3a55f1464.jpeg
5PVQ9D54,와이셔츠&드라이 56,2025-10-26,셔츠류,https://cloudfront.laundrygo.com/smartfactory/smartfactory_20251027013601_dc3d4df81c18410fba59efecdc12bf28.jpeg
5PVQ9D54,와이셔츠&드라이 56,2025-11-7,셔츠류,https://cloudfront.laundrygo.com/smartfactory/smartfactory_20251108053805_538bc1c497e54ee7b14583314803e6c9.jpeg
5PVQ9D54,와이셔츠&드라이 56,2025-11-7,셔츠류,https://cloudfront.laundrygo.com/smartfactory/smartfactory_20251108053805_fba408b871a1466485e2a5d805ec0358.jpeg
5PVQ9D54,와이셔츠&드라이 56,2025-11-7,셔츠류,https://cloudfront.laundrygo.com/smartfactory/smartfactory_20251108053805_9d9d36c5aca74ce898bc6e65e9c0a6f0.jpeg
5PVQ9D54,와이셔츠&드라이 56,2025-11-7,셔츠류,https://cloudfront.laundrygo.com/smartfactory/smartfactory_20251108053905_0ec39e7e0c274d9584bc4d45cbe33928.jpeg
5PVQ9D54,와이셔츠&드라이 56,2025-11-7,셔츠류,https://cloudfront.laundrygo.com/smartfactory/smartfactory_20251108053905_570f6094819448599aa8ccc01d02745b.jpeg
5PVQ9D54,와이셔츠&드라이 56,2025-11-7,셔츠류,https://cloudfront.laundrygo.com/smartfactory/smartfactory_20251108053905_b67a91f7630241399234614022a1e087.jpeg
5PVQ9D54,와이셔츠&드라이 56,2025-11-7,셔츠류,https://cloudfront.laundrygo.com/smartfactory/smartfactory_20251108054005_b6b492a7907d498f819b05cec98375a1.jpeg
5PVQ9D54,와이셔츠&드라이 56,2025-11-15,셔츠류,https://cloudfront.laundrygo.com/smartfactory/smartfactory_20251116032503_4648b0ac4ecc4508b62d64092ebc0017.jpeg
5PVQ9D54,와이셔츠&드라이 56,2025-11-15,셔츠류,https://cloudfront.laundrygo.com/smartfactory/smartfactory_20251116032503_722aa82cdf59487f9dd6805629144f3c.jpeg
5PVQ9D54,와이셔츠&드라이 56,2025-11-15,셔츠류,https://cloudfront.laundrygo.com/smartfactory/smartfactory_20251116032703_6c73b3b6cc914983a1735e8bc9b73a16.jpeg
2Q72XBLB,런드리고X 라이트,2025-9-9,셔츠류,https://cloudfront.laundrygo.com/smartfactory/smartfactory_20250910131413_c3826a50790c4dc6b220f4a866eb94ff.jpeg
2Q72XBLB,런드리고X 라이트,2025-9-9,셔츠류,https://cloudfront.laundrygo.com/smartfactory/smartfactory_20250910131513_3228483dcba149ec809bec6a436069c5.jpeg
W6MJDEYA,런드리온리 26,2025-9-10,셔츠류,https://cloudfront.laundrygo.com/smartfactory/smartfactory_20250911012401_64dcd1f37f2f438cbf50fe5e1a2e1ed3.jpeg
W6MJDEYA,런드리온리 26,2025-9-10,셔츠류,https://cloudfront.laundrygo.com/smartfactory/smartfactory_20250911012801_937635ea80114a80831ec6b47ea4f276.jpeg
W6MJDEYA,런드리온리 26,2025-9-10,셔츠류,https://cloudfront.laundrygo.com/smartfactory/smartfactory_20250911012301_0ac53a21494e4533937be5426b8fc833.jpeg
W6MJDEYA,런드리온리 26,2025-9-10,셔츠류,https://cloudfront.laundrygo.com/smartfactory/smartfactory_20250911012501_bd5c5747cadc4c8da15f9785ea18f1c1.jpeg
W6MJDEYA,런드리온리 26,2025-9-10,셔츠류,https://cloudfront.laundrygo.com/smartfactory/smartfactory_20250911012501_2643d8a62e584367b2e7d54db0cb6181.jpeg
W6MJDEYA,런드리온리 26,2025-9-10,셔츠류,https://cloudfront.laundrygo.com/smartfactory/smartfactory_20250911012501_5ac9bc9e1b304d44968fa28d83ddd392.jpeg
W6MJDEYA,런드리온리 26,2025-9-10,셔츠류,https://cloudfront.laundrygo.com/smartfactory/smartfactory_20250911012601_95323a00575b4e9a99272ebb5d4322c3.jpeg
W6MJDEYA,런드리온리 26,2025-9-10,셔츠류,https://cloudfront.laundrygo.com/smartfactory/smartfactory_20250911012601_eb21c423413e42b2afaa106a256d899c.jpeg
W6MJDEYA,런드리온리 26,2025-9-10,셔츠류,https://cloudfront.laundrygo.com/smartfactory/smartfactory_20250911012701_4c2dc23f4a14414aa20b89f43786a330.jpeg
W6MJDEYA,런드리온리 26,2025-9-10,셔츠류,https://cloudfront.laundrygo.com/smartfactory/smartfactory_20250911012701_1c36e55f86624b59832a375e9c42c6eb.jpeg
W6MJDEYA,런드리온리 26,2025-9-10,셔츠류,https://cloudfront.laundrygo.com/smartfactory/smartfactory_20250911012701_2b43c4fe511b4965910f13c57a95f4a4.jpeg
W6MJDEYA,런드리온리 26,2025-9-14,셔츠류,https://cloudfront.laundrygo.com/smartfactory/smartfactory_20250915081408_f392d1f87b174483abb097b5b7ae411b.jpeg
W6MJDEYA,런드리온리 26,2025-9-14,셔츠류,https://cloudfront.laundrygo.com/smartfactory/smartfactory_20250915081308_f0ec47ef4a314e0c931b0bad21281eb4.jpeg
W6MJDEYA,런드리온리 26,2025-9-14,셔츠류,https://cloudfront.laundrygo.com/smartfactory/smartfactory_20250915081408_94cc859af52f43b28111eaa9cd9e52ea.jpeg
W6MJDEYA,런드리온리 26,2025-9-14,셔츠류,https://cloudfront.laundrygo.com/smartfactory/smartfactory_20250915081508_ecdd4060cf0f4e0695436e2fca51ccf9.jpeg
W6MJDEYA,런드리온리 26,2025-9-28,셔츠류,https://cloudfront.laundrygo.com/smartfactory/smartfactory_20250929011901_551343ce4f1e4e509739d2848da18f21.jpeg
W6MJDEYA,런드리온리 26,2025-9-28,셔츠류,https://cloudfront.laundrygo.com/smartfactory/smartfactory_20250929011901_405e64af85f144f8be246f10cf6504c4.jpeg
W6MJDEYA,런드리온리 26,2025-9-28,셔츠류,https://cloudfront.laundrygo.com/smartfactory/smartfactory_20250929012001_5d367c1d619447e5adcd12836edfc1d4.jpeg
W6MJDEYA,런드리온리 26,2025-9-28,셔츠류,https://cloudfront.laundrygo.com/smartfactory/smartfactory_20250929012001_9eb25ab1570c4908809c3aed3c69559c.jpeg
W6MJDEYA,런드리온리 26,2025-9-28,셔츠류,https://cloudfront.laundrygo.com/smartfactory/smartfactory_20250929012101_91b1aca0e47e4da490e15294894997de.jpeg
W6MJDEYA,런드리온리 26,2025-11-16,셔츠류,https://cloudfront.laundrygo.com/smartfactory/smartfactory_20251117030803_aeeb5f334652498ab570e951e5214e47.jpeg
W6MJDEYA,런드리온리 26,2025-11-16,셔츠류,https://cloudfront.laundrygo.com/smartfactory/smartfactory_20251117030503_44e4198c6def4bc9bb0471ed1539da5e.jpeg
W6MJDEYA,런드리온리 26,2025-11-16,셔츠류,https://cloudfront.laundrygo.com/smartfactory/smartfactory_20251117030603_4e618bbae5bb4f89b11137c897a49095.jpeg
W6MJDEYA,런드리온리 26,2025-11-16,셔츠류,https://cloudfront.laundrygo.com/smartfactory/smartfactory_20251117030703_dde69757a8964d749238d2b7483ac525.jpeg
W6MJDEYA,런드리온리 26,2025-11-16,셔츠류,https://cloudfront.laundrygo.com/smartfactory/smartfactory_20251117030703_a169099ec31244819419f726eaef9a36.jpeg
W6MJDEYA,런드리온리 26,2025-11-16,셔츠류,https://cloudfront.laundrygo.com/smartfactory/smartfactory_20251117030803_8974a915adc449b9a9c8a2a63743a2cb.jpeg
W6MJDEYA,런드리온리 26,2025-11-16,셔츠류,https://cloudfront.laundrygo.com/smartfactory/smartfactory_20251117030803_a792bf9eb312496ba93aa6c80afb7efa.jpeg
W6MJDEYA,런드리온리 26,2025-11-16,셔츠류,https://cloudfront.laundrygo.com/smartfactory/smartfactory_20251117030903_f0de7b60d41b47078f9339466cdfbcad.jpeg
W6MJDEYA,런드리온리 26,2025-11-16,셔츠류,https://cloudfront.laundrygo.com/smartfactory/smartfactory_20251117030903_76e46b05c7fa43de92c23019115afa73.jpeg
W6MJDEYA,런드리온리 26,2025-11-16,셔츠류,https://cloudfront.laundrygo.com/smartfactory/smartfactory_20251117030903_6722299c7f3b4f9eb8acb7c1ca689e53.jpeg
XMKAJT47,와이셔츠&드라이 56,2025-8-31,셔츠류,https://cloudfront.laundrygo.com/smartfactory/smartfactory_20250901075507_e69c9bc39e6c459a9ffd7fa50cb19f92.jpeg
XMKAJT47,와이셔츠&드라이 56,2025-8-31,셔츠류,https://cloudfront.laundrygo.com/smartfactory/smartfactory_20250901075507_58acd08c9dac4f63bb11d2576ad5258b.jpeg
XMKAJT47,와이셔츠&드라이 56,2025-8-31,셔츠류,https://cloudfront.laundrygo.com/smartfactory/smartfactory_20250901075507_65f006e7c1e0484ea42765dbe7e2a759.jpeg
XMKAJT47,와이셔츠&드라이 56,2025-8-31,셔츠류,https://cloudfront.laundrygo.com/smartfactory/smartfactory_20250901075607_a25d4d689f7a43328866f9a09c5848a4.jpeg
XMKAJT47,와이셔츠&드라이 56,2025-8-31,셔츠류,https://cloudfront.laundrygo.com/smartfactory/smartfactory_20250901075607_c8b0e81bc9de421c86de7c0b7c2d22c5.jpeg
XMKAJT47,와이셔츠&드라이 56,2025-8-31,셔츠류,https://cloudfront.laundrygo.com/smartfactory/smartfactory_20250901075707_69fde1a556b142958e052eb0c5769a19.jpeg
XMKAJT47,와이셔츠&드라이 56,2025-8-31,셔츠류,https://cloudfront.laundrygo.com/smartfactory/smartfactory_20250901075707_2c1fd96a9e934ce48020803091b99ae5.jpeg
XMKAJT47,와이셔츠&드라이 56,2025-9-12,셔츠류,https://cloudfront.laundrygo.com/smartfactory/smartfactory_20250913063406_ddc39190c71f45fba3424075aff67765.jpeg
XMKAJT47,와이셔츠&드라이 56,2025-9-12,셔츠류,https://cloudfront.laundrygo.com/smartfactory/smartfactory_20250913063406_8709ac9ea6f7473089358352a043342f.jpeg
XMKAJT47,와이셔츠&드라이 56,2025-9-12,셔츠류,https://cloudfront.laundrygo.com/smartfactory/smartfactory_20250913063506_e9ec77720dd440028283d83bfe53a8db.jpeg
XMKAJT47,와이셔츠&드라이 56,2025-9-12,셔츠류,https://cloudfront.laundrygo.com/smartfactory/smartfactory_20250913063506_bd4d9299870249aeb894e1990abb6016.jpeg
XMKAJT47,와이셔츠&드라이 56,2025-9-12,셔츠류,https://cloudfront.laundrygo.com/smartfactory/smartfactory_20250913063606_cfe06d468c2048379d8ba96509ae53df.jpeg
XMKAJT47,와이셔츠&드라이 56,2025-9-12,셔츠류,https://cloudfront.laundrygo.com/smartfactory/smartfactory_20250913063606_794d6ae4dfe84b8a9ed23270f9db98c9.jpeg
XMKAJT47,와이셔츠&드라이 56,2025-9-12,셔츠류,https://cloudfront.laundrygo.com/smartfactory/smartfactory_20250913063706_8e3d4f25e3c746bbac765db263b3f83d.jpeg
XMKAJT47,와이셔츠&드라이 56,2025-9-12,셔츠류,https://cloudfront.laundrygo.com/smartfactory/smartfactory_20250913063706_dcd43c8a2ea248b69a11beae362e13e9.jpeg
XMFVLUFG,자유이용서비스,2025-9-17,셔츠류,https://cloudfront.laundrygo.com/smartfactory/smartfactory_20250918144914_c41cf51c351c49c885d32ea83a2ef6ac.jpeg
XMFVLUFG,자유이용서비스,2025-9-17,셔츠류,https://cloudfront.laundrygo.com/smartfactory/smartfactory_20250918144914_8cec81ceb20f4a328adf85b399456b53.jpeg
XMFVLUFG,자유이용서비스,2025-9-17,셔츠류,https://cloudfront.laundrygo.com/smartfactory/smartfactory_20250918144914_44bb81267130434f87fba6a480d89107.jpeg
XMFVLUFG,자유이용서비스,2025-9-17,셔츠류,https://cloudfront.laundrygo.com/smartfactory/smartfactory_20250918145014_08d93c8b5be048f1afa64d98b77cb879.jpeg
XMFVLUFG,자유이용서비스,2025-9-17,셔츠류,https://cloudfront.laundrygo.com/smartfactory/smartfactory_20250918145014_a57fa7a00fa84d149aae16b4556f7b8f.jpeg
XMFVLUFG,자유이용서비스,2025-9-17,셔츠류,https://cloudfront.laundrygo.com/smartfactory/smartfactory_20250918145114_c03645426076418eb02e02a4b27cc307.jpeg
XMFVLUFG,자유이용서비스,2025-9-17,셔츠류,https://cloudfront.laundrygo.com/smartfactory/smartfactory_20250918145114_56a0df9c8f5f4568afd8dcb04a79ab5c.jpeg
XMFVLUFG,자유이용서비스,2025-11-6,셔츠류,https://cloudfront.laundrygo.com/smartfactory/smartfactory_20251109145214_23ed1af5c2c54b929b91d5a0a380f555.jpeg
XMFVLUFG,자유이용서비스,2025-11-6,셔츠류,https://cloudfront.laundrygo.com/smartfactory/smartfactory_20251109145214_4e8e418c1bda4a0d85f72181c52e7f73.jpeg
XMFVLUFG,자유이용서비스,2025-11-6,셔츠류,https://cloudfront.laundrygo.com/smartfactory/smartfactory_20251109145314_150fcc8e723d4193809cb1a25757e4a8.jpeg
XMFVLUFG,자유이용서비스,2025-11-6,셔츠류,https://cloudfront.laundrygo.com/smartfactory/smartfactory_20251109145314_2a39bae849e043b9af267be44c8df26e.jpeg
XMFVLUFG,자유이용서비스,2025-11-6,셔츠류,https://cloudfront.laundrygo.com/smartfactory/smartfactory_20251109145414_e35aa4b21dd3424f9893769977e74b1c.jpeg
XMFVLUFG,자유이용서비스,2025-11-6,셔츠류,https://cloudfront.laundrygo.com/smartfactory/smartfactory_20251109145514_98f64e6db2984e159bee66285ac2db9a.jpeg
XMFVLUFG,자유이용서비스,2025-11-6,셔츠류,https://cloudfront.laundrygo.com/smartfactory/smartfactory_20251109145514_46a8c1b834f94a2a84f0d77489da8d27.jpeg
XMFVLUFG,자유이용서비스,2025-11-6,셔츠류,https://cloudfront.laundrygo.com/smartfactory/smartfactory_20251109145614_041335f055434b0b81b8fcf4b0b08ffb.jpeg
XMFVLUFG,자유이용서비스,2025-11-6,셔츠류,https://cloudfront.laundrygo.com/smartfactory/smartfactory_20251109145614_559394105fc541b8ba83aafeb4e005cb.jpeg
XMFVLUFG,자유이용서비스,2025-11-6,셔츠류,https://cloudfront.laundrygo.com/smartfactory/smartfactory_20251109145714_aa5a653f192f4cb9adbccf9a6657783e.jpeg
XMFVLUFG,자유이용서비스,2025-11-6,셔츠류,https://cloudfront.laundrygo.com/smartfactory/smartfactory_20251109145714_328a0d3a7bfe47bc88bd92cf3036bb26.jpeg
XMFVLUFG,자유이용서비스,2025-11-6,셔츠류,https://cloudfront.laundrygo.com/smartfactory/smartfactory_20251109145414_6c4c6e3ea95b4dda82ba53189803b5ed.jpeg
XMFVLUFG,자유이용서비스,2025-11-16,셔츠류,https://cloudfront.laundrygo.com/smartfactory/smartfactory_20251117173417_b9eba1fe2fa7463b8e338c5ce89b0c4b.jpeg
XMFVLUFG,자유이용서비스,2025-11-16,셔츠류,https://cloudfront.laundrygo.com/smartfactory/smartfactory_20251117173517_1192f23e018c42f79e06a4e8a3cd4ca7.jpeg
XMFVLUFG,자유이용서비스,2025-11-16,셔츠류,https://cloudfront.laundrygo.com/smartfactory/smartfactory_20251117173517_1ba078563ba74e2d9970a3bf8824d623.jpeg
XMFVLUFG,자유이용서비스,2025-11-16,셔츠류,https://cloudfront.laundrygo.com/smartfactory/smartfactory_20251117173617_8d393444b7f34ac983adaa3f4f95ba7b.jpeg
XMFVLUFG,자유이용서비스,2025-11-16,셔츠류,https://cloudfront.laundrygo.com/smartfactory/smartfactory_20251117173717_69d0b7ea8d884f439a40656a008cc005.jpeg
XMFVLUFG,자유이용서비스,2025-11-16,셔츠류,https://cloudfront.laundrygo.com/smartfactory/smartfactory_20251117173717_0339615d3e13480e91b65eb3c4d2c999.jpeg
XMFVLUFG,자유이용서비스,2025-11-16,셔츠류,https://cloudfront.laundrygo.com/smartfactory/smartfactory_20251117173717_aa2a7775846a47af9d88ed36aa49b49b.jpeg
XMFVLUFG,자유이용서비스,2025-11-16,셔츠류,https://cloudfront.laundrygo.com/smartfactory/smartfactory_20251117173817_14c626ce195a45a7b71d1f76997fe055.jpeg
LXAQ7BN3,드라이온리 68,2025-9-11,셔츠류,https://cloudfront.laundrygo.com/smartfactory/smartfactory_20250912034503_235e7e59c62542f28f654a42cc274acb.jpeg
LXAQ7BN3,드라이온리 68,2025-9-14,셔츠류,https://cloudfront.laundrygo.com/smartfactory/smartfactory_20250915072407_b5ba8151bdd546bcbb20922a360d626d.jpeg
LXAQ7BN3,드라이온리 68,2025-9-24,셔츠류,https://cloudfront.laundrygo.com/smartfactory/smartfactory_20250925073507_f133fc4460b04f779ce74c5284c222f1.jpeg
LXAQ7BN3,드라이온리 68,2025-9-24,셔츠류,https://cloudfront.laundrygo.com/smartfactory/smartfactory_20250925073507_c654652a1d5b49368e8fc31b9b51c36a.jpeg
LXAQ7BN3,드라이온리 68,2025-10-11,셔츠류,https://cloudfront.laundrygo.com/smartfactory/smartfactory_20251012080708_0960d8e187db46cbb7a43c9b3947c7f5.jpeg
LXAQ7BN3,드라이온리 68,2025-10-11,셔츠류,https://cloudfront.laundrygo.com/smartfactory/smartfactory_20251012080708_0f99adae06fe4f30b9586504f0308ac0.jpeg
LXAQ7BN3,드라이온리 68,2025-10-11,셔츠류,https://cloudfront.laundrygo.com/smartfactory/smartfactory_20251012080708_ef11cf8c126c4ac180e453c31554f710.jpeg
LXAQ7BN3,드라이온리 68,2025-10-26,셔츠류,https://cloudfront.laundrygo.com/smartfactory/smartfactory_20251027111811_f985c1bdf8824382850933b0a1d92596.jpeg
LXAQ7BN3,드라이온리 68,2025-11-9,셔츠류,https://cloudfront.laundrygo.com/smartfactory/smartfactory_20251110080208_ebd1ba2dde6641d98203e265585879d9.jpeg
MX562BMP,런드리&드라이 59,2025-8-30,셔츠류,https://cloudfront.laundrygo.com/smartfactory/smartfactory_20250831011001_d0a08ceb26744df1b61f11f6da654ba4.jpeg
MX562BMP,런드리&드라이 59,2025-9-22,셔츠류,https://cloudfront.laundrygo.com/smartfactory/smartfactory_20250923000700_56759641dd56410c98b293be7adfc3a3.jpeg
MX562BMP,런드리&드라이 59,2025-9-22,셔츠류,https://cloudfront.laundrygo.com/smartfactory/smartfactory_20250923000800_2de52b9bf76e4750b517b3f33af395d9.jpeg
MX562BMP,런드리&드라이 59,2025-9-22,셔츠류,https://cloudfront.laundrygo.com/smartfactory/smartfactory_20250923000800_829514648e7b426d9edbc908548a9994.jpeg
MX562BMP,런드리&드라이 59,2025-10-28,셔츠류,https://cloudfront.laundrygo.com/smartfactory/smartfactory_20251029000900_f0686538477b4bf8a752c07961ebff06.jpeg
MX562BMP,런드리&드라이 59,2025-11-12,셔츠류,https://cloudfront.laundrygo.com/smartfactory/smartfactory_20251113075007_dc1e05d8ac29447e90ce889fddb3af27.jpeg
6554PQAA,런드리온리 43,2025-9-5,셔츠류,https://cloudfront.laundrygo.com/smartfactory/smartfactory_20250906122812_e0f83ac790354d2a988bd8a5cb6dfb45.jpeg
6554PQAA,런드리온리 43,2025-9-21,셔츠류,https://cloudfront.laundrygo.com/smartfactory/smartfactory_20250922023602_d31173e687ed4ce78fed508894bee54b.jpeg
6554PQAA,런드리온리 43,2025-9-21,셔츠류,https://cloudfront.laundrygo.com/smartfactory/smartfactory_20250922023402_373b90a4477c4f88b80526a179d3edba.jpeg
6554PQAA,런드리온리 43,2025-9-21,셔츠류,https://cloudfront.laundrygo.com/smartfactory/smartfactory_20250922023502_480784e283b64df0885f540693fc8dae.jpeg
6554PQAA,런드리온리 43,2025-9-21,셔츠류,https://cloudfront.laundrygo.com/smartfactory/smartfactory_20250922023602_6d3fae249fe843999b44aafed2b25308.jpeg
6554PQAA,런드리온리 43,2025-9-21,셔츠류,https://cloudfront.laundrygo.com/smartfactory/smartfactory_20250922023702_00792ff3633d4f97bed525a5f16c147b.jpeg
7XB3HW9A,런드리고X 시그니처,2025-8-24,셔츠류,https://cloudfront.laundrygo.com/smartfactory/smartfactory_20250825074207_f4ae29f5f8f9428496b45901ab1a239f.jpeg
7XB3HW9A,런드리고X 시그니처,2025-10-7,셔츠류,https://cloudfront.laundrygo.com/smartfactory/smartfactory_20251008131313_f491df1ae23942399aaffd288f636dca.jpeg
7XB3HW9A,런드리고X 시그니처,2025-10-7,셔츠류,https://cloudfront.laundrygo.com/smartfactory/smartfactory_20251008131413_3e1378f147094a2bb9f5bb85c0493d0f.jpeg
7XB3HW9A,런드리고X 시그니처,2025-10-27,셔츠류,https://cloudfront.laundrygo.com/smartfactory/smartfactory_20251028042504_84c49facd52342d9bd6c65de888e4f5a.jpeg
7XB3HW9A,런드리고X 시그니처,2025-10-27,셔츠류,https://cloudfront.laundrygo.com/smartfactory/smartfactory_20251028042604_7710694a3fd7470781a15275d31ead9a.jpeg
U5QRTM2K,와이셔츠&드라이 47,2025-8-24,셔츠류,https://cloudfront.laundrygo.com/smartfactory/smartfactory_20250825182018_0028867b04014dcc8a371c8845bef70b.jpeg
U5QRTM2K,와이셔츠&드라이 47,2025-8-24,셔츠류,https://cloudfront.laundrygo.com/smartfactory/smartfactory_20250825182118_f002f09d27dd4d1398a4bad4fd6bdd1b.jpeg
U5QRTM2K,와이셔츠&드라이 47,2025-8-24,셔츠류,https://cloudfront.laundrygo.com/smartfactory/smartfactory_20250825182118_ca33182d91e848089cf970167a4c89ee.jpeg
U5QRTM2K,와이셔츠&드라이 47,2025-9-7,셔츠류,https://cloudfront.laundrygo.com/smartfactory/smartfactory_20250909083108_aa38dc000bca4b65b0b7751b5b4cb91f.jpeg
U5QRTM2K,와이셔츠&드라이 47,2025-9-7,셔츠류,https://cloudfront.laundrygo.com/smartfactory/smartfactory_20250909083108_efba2ee7be514fbc8e35fec9c34a14da.jpeg
U5QRTM2K,와이셔츠&드라이 47,2025-9-7,셔츠류,https://cloudfront.laundrygo.com/smartfactory/smartfactory_20250909083108_51292148403c436685bc7963e589b008.jpeg
U5QRTM2K,와이셔츠&드라이 47,2025-9-7,셔츠류,https://cloudfront.laundrygo.com/smartfactory/smartfactory_20250909083208_95da1e20dbe54b688b0eb2299f1829b3.jpeg
U5QRTM2K,와이셔츠&드라이 47,2025-9-7,셔츠류,https://cloudfront.laundrygo.com/smartfactory/smartfactory_20250909083208_0c213bbdde334901b5032242c705cecd.jpeg
U5QRTM2K,와이셔츠&드라이 47,2025-9-7,셔츠류,https://cloudfront.laundrygo.com/smartfactory/smartfactory_20250909083208_fd1091e71136426cb0dda4d2502c8749.jpeg
U5QRTM2K,와이셔츠&드라이 47,2025-9-7,셔츠류,https://cloudfront.laundrygo.com/smartfactory/smartfactory_20250909083208_cdf0dfae62974fb4881fcc235b2bbfe7.jpeg
U5QRTM2K,와이셔츠&드라이 47,2025-9-7,셔츠류,https://cloudfront.laundrygo.com/smartfactory/smartfactory_20250909083308_ba23c420bac54daa88142b2e6c0cf06e.jpeg
U5QRTM2K,와이셔츠&드라이 47,2025-9-7,셔츠류,https://cloudfront.laundrygo.com/smartfactory/smartfactory_20250909083308_c71e42f9a767472f99a4c2766f4f9bbb.jpeg
U5QRTM2K,와이셔츠&드라이 47,2025-9-17,셔츠류,https://cloudfront.laundrygo.com/smartfactory/smartfactory_20250919000900_9806e47089b5440db1bf8fa282f763a2.jpeg
U5QRTM2K,와이셔츠&드라이 47,2025-9-17,셔츠류,https://cloudfront.laundrygo.com/smartfactory/smartfactory_20250919000900_1fd44ca2cab847108683a43db34383a8.jpeg
U5QRTM2K,와이셔츠&드라이 47,2025-9-17,셔츠류,https://cloudfront.laundrygo.com/smartfactory/smartfactory_20250919001000_a2590306589b4ac3acff477b5b881553.jpeg
U5QRTM2K,와이셔츠&드라이 47,2025-9-17,셔츠류,https://cloudfront.laundrygo.com/smartfactory/smartfactory_20250919001000_048078ce54a9450093e916d6e7dc57d7.jpeg
U5QRTM2K,와이셔츠&드라이 47,2025-9-17,셔츠류,https://cloudfront.laundrygo.com/smartfactory/smartfactory_20250919001000_dd6deac15ea34618b5cba9c34ea92932.jpeg
U5QRTM2K,와이셔츠&드라이 47,2025-9-17,셔츠류,https://cloudfront.laundrygo.com/smartfactory/smartfactory_20250919001100_af14265d7a9048639ee9324fa8df4c41.jpeg
U5QRTM2K,와이셔츠&드라이 47,2025-10-12,셔츠류,https://cloudfront.laundrygo.com/smartfactory/smartfactory_20251014154015_41c0ce3bec9c458bb88f39879457fc2e.jpeg
U5QRTM2K,와이셔츠&드라이 47,2025-10-12,셔츠류,https://cloudfront.laundrygo.com/smartfactory/smartfactory_20251014154115_1b12fd512ed44e5f9e444616ceb6a170.jpeg
U5QRTM2K,와이셔츠&드라이 47,2025-10-12,셔츠류,https://cloudfront.laundrygo.com/smartfactory/smartfactory_20251014154115_8c78193ef05c4cccb50570e8d3b71c80.jpeg
U5QRTM2K,와이셔츠&드라이 47,2025-10-12,셔츠류,https://cloudfront.laundrygo.com/smartfactory/smartfactory_20251014154115_cead99b6b0d6491aaf2a15708ee92f48.jpeg
U5QRTM2K,와이셔츠&드라이 47,2025-10-12,셔츠류,https://cloudfront.laundrygo.com/smartfactory/smartfactory_20251014154215_4be98bb7efa64dc4a267c3fa2bb168ac.jpeg
U5QRTM2K,와이셔츠&드라이 47,2025-10-12,셔츠류,https://cloudfront.laundrygo.com/smartfactory/smartfactory_20251014154215_48bf51d0be2a4001a84ec6fc48531a12.jpeg
U5QRTM2K,와이셔츠&드라이 47,2025-10-12,셔츠류,https://cloudfront.laundrygo.com/smartfactory/smartfactory_20251014154315_c565d2035f1e4c9cb1d41b56c069f22d.jpeg
U5QRTM2K,와이셔츠&드라이 47,2025-10-12,셔츠류,https://cloudfront.laundrygo.com/smartfactory/smartfactory_20251014154315_c9999e21f9e540e5aecb876ec8e6bb6d.jpeg
U5QRTM2K,와이셔츠&드라이 47,2025-10-12,셔츠류,https://cloudfront.laundrygo.com/smartfactory/smartfactory_20251014154415_1360444c88064782840062185601ae48.jpeg
U5QRTM2K,와이셔츠&드라이 47,2025-10-12,셔츠류,https://cloudfront.laundrygo.com/smartfactory/smartfactory_20251014154215_e0d0f35f1ccd438d922a9e3e9c77bc6c.jpeg
U5QRTM2K,와이셔츠&드라이 47,2025-10-12,셔츠류,https://cloudfront.laundrygo.com/smartfactory/smartfactory_20251014154415_4408fa74ebaa42c7b2f417e99f5f1f29.jpeg
U5QRTM2K,와이셔츠&드라이 47,2025-10-18,셔츠류,https://cloudfront.laundrygo.com/smartfactory/smartfactory_20251021172617_695b1139122745c8b2c31d7cb53c0def.jpeg
U5QRTM2K,와이셔츠&드라이 47,2025-10-18,셔츠류,https://cloudfront.laundrygo.com/smartfactory/smartfactory_20251021172617_ce935b39c9c14afaa9682a5f5ac068b2.jpeg
U5QRTM2K,와이셔츠&드라이 47,2025-10-18,셔츠류,https://cloudfront.laundrygo.com/smartfactory/smartfactory_20251021172617_c05d73b121844a1c8b24758839e12483.jpeg
U5QRTM2K,와이셔츠&드라이 47,2025-11-1,셔츠류,https://cloudfront.laundrygo.com/smartfactory/smartfactory_20251102084708_8230d1b1e96d4ea19f9d9498bb59e2ea.jpeg
U5QRTM2K,와이셔츠&드라이 47,2025-11-1,셔츠류,https://cloudfront.laundrygo.com/smartfactory/smartfactory_20251102084808_bd00e1813cb74636be363be2c7173f40.jpeg
U5QRTM2K,와이셔츠&드라이 47,2025-11-1,셔츠류,https://cloudfront.laundrygo.com/smartfactory/smartfactory_20251102084808_ab86140ea81f460b86a2b08c89cfe6dc.jpeg
U5QRTM2K,와이셔츠&드라이 47,2025-11-1,셔츠류,https://cloudfront.laundrygo.com/smartfactory/smartfactory_20251102084808_633fca61801f4bb5b3c8192b5828664c.jpeg
U5QRTM2K,와이셔츠&드라이 47,2025-11-1,셔츠류,https://cloudfront.laundrygo.com/smartfactory/smartfactory_20251102084908_2b98ff457bfa49738cfb56247afeef97.jpeg
U5QRTM2K,와이셔츠&드라이 47,2025-11-1,셔츠류,https://cloudfront.laundrygo.com/smartfactory/smartfactory_20251102084908_6f931c0163504d6c94594e7a2a86b816.jpeg
U5QRTM2K,와이셔츠&드라이 47,2025-11-1,셔츠류,https://cloudfront.laundrygo.com/smartfactory/smartfactory_20251102084908_04745d9015e949b3b3bfadca41117ea2.jpeg
U5QRTM2K,와이셔츠&드라이 47,2025-11-1,셔츠류,https://cloudfront.laundrygo.com/smartfactory/smartfactory_20251102085008_ac74e17b06d14658818781d8a4440117.jpeg
U5QRTM2K,와이셔츠&드라이 47,2025-11-1,셔츠류,https://cloudfront.laundrygo.com/smartfactory/smartfactory_20251102085008_d3b98e7fbe554173b321811d98f262fe.jpeg
U5QRTM2K,와이셔츠&드라이 47,2025-11-1,셔츠류,https://cloudfront.laundrygo.com/smartfactory/smartfactory_20251102085008_22feb36fb7bb4a408e21861b162b5bd2.jpeg
U5QRTM2K,와이셔츠&드라이 47,2025-11-1,셔츠류,https://cloudfront.laundrygo.com/smartfactory/smartfactory_20251102085108_f59851729ef947e48465935eb1f274a1.jpeg
U5QRTM2K,와이셔츠&드라이 47,2025-11-21,셔츠류,https://cloudfront.laundrygo.com/smartfactory/smartfactory_20251122084208_8124b75499ee4d09b5cd98c45c1e0f1c.jpeg
U5QRTM2K,와이셔츠&드라이 47,2025-11-21,셔츠류,https://cloudfront.laundrygo.com/smartfactory/smartfactory_20251122084208_b1d59903f9224277b7f175b5f32091f1.jpeg
U5QRTM2K,와이셔츠&드라이 47,2025-11-21,셔츠류,https://cloudfront.laundrygo.com/smartfactory/smartfactory_20251122084308_d3b36719db5346f493d22b294aa022e9.jpeg
U5QRTM2K,와이셔츠&드라이 47,2025-11-21,셔츠류,https://cloudfront.laundrygo.com/smartfactory/smartfactory_20251122084408_11edac93522a44acb40e9624d0da2ea5.jpeg
U5QRTM2K,와이셔츠&드라이 47,2025-11-21,셔츠류,https://cloudfront.laundrygo.com/smartfactory/smartfactory_20251122084408_910fbbe70b7248f2b23ef1b4fa1681cd.jpeg
U5QRTM2K,와이셔츠&드라이 47,2025-11-21,셔츠류,https://cloudfront.laundrygo.com/smartfactory/smartfactory_20251122084308_7ee6280997094e30945270ff63db77e2.jpeg
U5QRTM2K,와이셔츠&드라이 47,2025-11-21,셔츠류,https://cloudfront.laundrygo.com/smartfactory/smartfactory_20251122084408_24b07336163246f48153006817032369.jpeg
U5QRTM2K,와이셔츠&드라이 47,2025-11-21,셔츠류,https://cloudfront.laundrygo.com/smartfactory/smartfactory_20251122084508_253847931f9b4b5f8d58e4b142d89026.jpeg
9ZF3XDV8,런드리고X 베이직,2025-10-20,셔츠류,https://cloudfront.laundrygo.com/smartfactory/smartfactory_20251021060306_1023277c79634662a36931551da164a1.jpeg
9ZF3XDV8,런드리고X 베이직,2025-10-20,셔츠류,https://cloudfront.laundrygo.com/smartfactory/smartfactory_20251021060406_daef4e2dd6484615bcecfc41b092f74f.jpeg
9ZF3XDV8,런드리고X 베이직,2025-10-20,셔츠류,https://cloudfront.laundrygo.com/smartfactory/smartfactory_20251021060706_e5836576e2ac4d1fac32d5fdaa103f6f.jpeg
9ZF3XDV8,런드리고X 베이직,2025-10-20,셔츠류,https://cloudfront.laundrygo.com/smartfactory/smartfactory_20251021060506_d8348d9179f845b1bbf4070c7047fbc8.jpeg
9ZF3XDV8,런드리고X 베이직,2025-10-20,셔츠류,https://cloudfront.laundrygo.com/smartfactory/smartfactory_20251021060606_2c2fb180de8f45f5b75f191f53e65c5a.jpeg
9ZF3XDV8,런드리고X 베이직,2025-10-28,셔츠류,https://cloudfront.laundrygo.com/smartfactory/smartfactory_20251029082908_e7b1c68bf5bf4475a1deb48f4d11e736.jpeg
9ZF3XDV8,런드리고X 베이직,2025-10-28,셔츠류,https://cloudfront.laundrygo.com/smartfactory/smartfactory_20251029082908_ed95984e5e3547f5aa63d890f0b910b1.jpeg
9ZF3XDV8,런드리고X 베이직,2025-10-28,셔츠류,https://cloudfront.laundrygo.com/smartfactory/smartfactory_20251029083008_ea6c943f11b945eea7b120a49ae377c9.jpeg
9ZF3XDV8,런드리고X 베이직,2025-10-28,셔츠류,https://cloudfront.laundrygo.com/smartfactory/smartfactory_20251029083008_d8a1528b30034fbca623f5c80298f769.jpeg
9ZF3XDV8,런드리고X 베이직,2025-10-28,셔츠류,https://cloudfront.laundrygo.com/smartfactory/smartfactory_20251029083008_125f78500267400f877debaafb4910a2.jpeg
9ZF3XDV8,런드리고X 베이직,2025-11-10,셔츠류,https://cloudfront.laundrygo.com/smartfactory/smartfactory_20251111054705_dd6b9dee8a294603bb7d032d6e104577.jpeg
9ZF3XDV8,런드리고X 베이직,2025-11-10,셔츠류,https://cloudfront.laundrygo.com/smartfactory/smartfactory_20251111054805_ddd79ff07e414016912f40dbd76fe3dd.jpeg
9ZF3XDV8,런드리고X 베이직,2025-11-10,셔츠류,https://cloudfront.laundrygo.com/smartfactory/smartfactory_20251111054805_ed10338f536a4d53a3bf3176d978e158.jpeg
9ZF3XDV8,런드리고X 베이직,2025-11-10,셔츠류,https://cloudfront.laundrygo.com/smartfactory/smartfactory_20251111054905_c047e9b21db0427994910ce19e62552d.jpeg
9ZF3XDV8,런드리고X 베이직,2025-11-10,셔츠류,https://cloudfront.laundrygo.com/smartfactory/smartfactory_20251111054905_49643db1fa0d43fa98a8350569dca095.jpeg
9ZF3XDV8,런드리고X 베이직,2025-11-22,셔츠류,https://cloudfront.laundrygo.com/smartfactory/smartfactory_20251123051505_fe35114ac19f45f6a6fd9ad1efef55ee.jpeg
9ZF3XDV8,런드리고X 베이직,2025-11-22,셔츠류,https://cloudfront.laundrygo.com/smartfactory/smartfactory_20251123051505_5d0abd86eea64e32ab9cd0117bb9bf3b.jpeg
9ZF3XDV8,런드리고X 베이직,2025-11-22,셔츠류,https://cloudfront.laundrygo.com/smartfactory/smartfactory_20251123051605_989049722e8e43168fd3369d343fd9eb.jpeg
9ZF3XDV8,런드리고X 베이직,2025-11-22,셔츠류,https://cloudfront.laundrygo.com/smartfactory/smartfactory_20251123051705_7a8400c141b141e5960e8fa0a6003c50.jpeg
9ZF3XDV8,런드리고X 베이직,2025-11-22,셔츠류,https://cloudfront.laundrygo.com/smartfactory/smartfactory_20251123051705_71abd63722534a84952dd17e25fe7e88.jpeg
HSXMM5S7,런드리고X 라이트,2025-8-30,셔츠류,https://cloudfront.laundrygo.com/smartfactory/smartfactory_20250831132013_43984d449f7247fa931ad3d595a896f8.jpeg
HSXMM5S7,런드리고X 라이트,2025-10-1,셔츠류,https://cloudfront.laundrygo.com/smartfactory/smartfactory_20251003144414_8148c9b5b7d243e58353fa0beda842fa.jpeg
HSXMM5S7,런드리고X 라이트,2025-10-1,셔츠류,https://cloudfront.laundrygo.com/smartfactory/smartfactory_20251003144514_4b097c30d3934db8a2e55444968461fd.jpeg
HSXMM5S7,런드리고X 라이트,2025-10-19,셔츠류,https://cloudfront.laundrygo.com/smartfactory/smartfactory_20251021161616_a307c9cdcbb24251a5936708bfb12ee5.jpeg
HSXMM5S7,런드리고X 라이트,2025-10-24,셔츠류,https://cloudfront.laundrygo.com/smartfactory/smartfactory_20251026160216_1dc1297284da4a589cbb89bb4777418f.jpeg
B9R6N6PP,와이셔츠&드라이 47,2025-8-23,셔츠류,https://cloudfront.laundrygo.com/smartfactory/smartfactory_20250824004400_ae9c112145764add87cc51aa0d43fe66.jpeg
B9R6N6PP,와이셔츠&드라이 47,2025-8-23,셔츠류,https://cloudfront.laundrygo.com/smartfactory/smartfactory_20250824004400_457c1802de6540b19884fe70274a5c41.jpeg
B9R6N6PP,와이셔츠&드라이 47,2025-8-23,셔츠류,https://cloudfront.laundrygo.com/smartfactory/smartfactory_20250824004400_59cd54f4ff154628b5a24902036453b0.jpeg
B9R6N6PP,와이셔츠&드라이 47,2025-8-23,셔츠류,https://cloudfront.laundrygo.com/smartfactory/smartfactory_20250824004400_288a5b68b74e401ead2605684c55cdd3.jpeg
B9R6N6PP,와이셔츠&드라이 47,2025-8-23,셔츠류,https://cloudfront.laundrygo.com/smartfactory/smartfactory_20250824004500_60e274baabf242ccad70c296e6e0ba99.jpeg
B9R6N6PP,와이셔츠&드라이 47,2025-8-30,셔츠류,https://cloudfront.laundrygo.com/smartfactory/smartfactory_20250831012501_a895ab9da93d4c2e9de0ed859654276e.jpeg
B9R6N6PP,와이셔츠&드라이 47,2025-8-30,셔츠류,https://cloudfront.laundrygo.com/smartfactory/smartfactory_20250831012501_cd9deb5ff7ba4f9e93a3faa066135bfa.jpeg
B9R6N6PP,와이셔츠&드라이 47,2025-8-30,셔츠류,https://cloudfront.laundrygo.com/smartfactory/smartfactory_20250831012501_49effe942c584aafa12950a97e8bb467.jpeg
B9R6N6PP,와이셔츠&드라이 47,2025-8-30,셔츠류,https://cloudfront.laundrygo.com/smartfactory/smartfactory_20250831012501_15b6d10a8b1642c08eec61e6cda84ea2.jpeg
B9R6N6PP,와이셔츠&드라이 47,2025-8-30,셔츠류,https://cloudfront.laundrygo.com/smartfactory/smartfactory_20250831012601_9eb14addecaa48b59162c74f36417cee.jpeg
B9R6N6PP,와이셔츠&드라이 47,2025-9-6,셔츠류,https://cloudfront.laundrygo.com/smartfactory/smartfactory_20250907001200_18d5a6ccf836444d88694583b9a1fcea.jpeg
B9R6N6PP,와이셔츠&드라이 47,2025-9-6,셔츠류,https://cloudfront.laundrygo.com/smartfactory/smartfactory_20250907001300_bcea7cb178bf4297950d656af203f492.jpeg
B9R6N6PP,와이셔츠&드라이 47,2025-9-6,셔츠류,https://cloudfront.laundrygo.com/smartfactory/smartfactory_20250907001300_d4df8c22a91b4fe5ab3e56ab8a205ddc.jpeg
B9R6N6PP,와이셔츠&드라이 47,2025-9-6,셔츠류,https://cloudfront.laundrygo.com/smartfactory/smartfactory_20250907001300_fecf13178ee1418a97c146e445326395.jpeg
B9R6N6PP,와이셔츠&드라이 47,2025-9-6,셔츠류,https://cloudfront.laundrygo.com/smartfactory/smartfactory_20250907001300_96ec1897354e47379ff8318130e532aa.jpeg
B9R6N6PP,와이셔츠&드라이 47,2025-9-6,셔츠류,https://cloudfront.laundrygo.com/smartfactory/smartfactory_20250907001300_0629ff5ef7254376bcc6d172b5990846.jpeg
B9R6N6PP,와이셔츠&드라이 47,2025-9-13,셔츠류,https://cloudfront.laundrygo.com/smartfactory/smartfactory_20250914010401_1cab2be2d6164f7fa8f888cbe74acb51.jpeg
B9R6N6PP,와이셔츠&드라이 47,2025-9-13,셔츠류,https://cloudfront.laundrygo.com/smartfactory/smartfactory_20250914010401_1b78080793a5472183af56440e160eb5.jpeg
B9R6N6PP,와이셔츠&드라이 47,2025-9-13,셔츠류,https://cloudfront.laundrygo.com/smartfactory/smartfactory_20250914010401_9cf2ab5a174a4aa0b22eea49d107dcdd.jpeg
B9R6N6PP,와이셔츠&드라이 47,2025-9-13,셔츠류,https://cloudfront.laundrygo.com/smartfactory/smartfactory_20250914010401_3fc78fe9f3f54c8da0013a92d8da39a9.jpeg
B9R6N6PP,와이셔츠&드라이 47,2025-9-13,셔츠류,https://cloudfront.laundrygo.com/smartfactory/smartfactory_20250914010501_1944fd9ab72946b99c611d0e01b5a443.jpeg
B9R6N6PP,와이셔츠&드라이 47,2025-9-20,셔츠류,https://cloudfront.laundrygo.com/smartfactory/smartfactory_20250921082908_5de0ec99b07546f88c0ef04a0230750d.jpeg
B9R6N6PP,와이셔츠&드라이 47,2025-9-20,셔츠류,https://cloudfront.laundrygo.com/smartfactory/smartfactory_20250921082908_babe558045714e88b75c3fc25c3aa56c.jpeg
B9R6N6PP,와이셔츠&드라이 47,2025-9-20,셔츠류,https://cloudfront.laundrygo.com/smartfactory/smartfactory_20250921082908_4e5ea726729a4b78857e2cb492338c2c.jpeg
B9R6N6PP,와이셔츠&드라이 47,2025-9-20,셔츠류,https://cloudfront.laundrygo.com/smartfactory/smartfactory_20250921083008_6e7547e8eb2245b08540cf5a2a410872.jpeg
B9R6N6PP,와이셔츠&드라이 47,2025-9-20,셔츠류,https://cloudfront.laundrygo.com/smartfactory/smartfactory_20250921083008_dd0c0ded3a0341c1b4a45ae92b82e685.jpeg
B9R6N6PP,와이셔츠&드라이 47,2025-10-3,셔츠류,https://cloudfront.laundrygo.com/smartfactory/smartfactory_20251004035303_f69e2c2a29454fbba1fb1323de9c55c2.jpeg
B9R6N6PP,와이셔츠&드라이 47,2025-10-3,셔츠류,https://cloudfront.laundrygo.com/smartfactory/smartfactory_20251004035303_01768f5dca2f48589d291001c46b58b2.jpeg
B9R6N6PP,와이셔츠&드라이 47,2025-10-3,셔츠류,https://cloudfront.laundrygo.com/smartfactory/smartfactory_20251004035303_dd9247696ebb4b08918baffc52ff1457.jpeg
B9R6N6PP,와이셔츠&드라이 47,2025-10-3,셔츠류,https://cloudfront.laundrygo.com/smartfactory/smartfactory_20251004035403_f466c6bb7cfc452cb195941771dcc8e4.jpeg
B9R6N6PP,와이셔츠&드라이 47,2025-10-3,셔츠류,https://cloudfront.laundrygo.com/smartfactory/smartfactory_20251004035403_883bf228f6554d9d9a40abaa0af7e9fd.jpeg
B9R6N6PP,와이셔츠&드라이 47,2025-10-3,셔츠류,https://cloudfront.laundrygo.com/smartfactory/smartfactory_20251004035403_32fb8c68da384009a598c8d5730239cc.jpeg
B9R6N6PP,와이셔츠&드라이 47,2025-10-3,셔츠류,https://cloudfront.laundrygo.com/smartfactory/smartfactory_20251004035403_c7afa4e28a0c4dc5a8293130a943f041.jpeg
B9R6N6PP,와이셔츠&드라이 47,2025-10-3,셔츠류,https://cloudfront.laundrygo.com/smartfactory/smartfactory_20251004035503_3055222139bd417ea10ef3c918c10f4b.jpeg
B9R6N6PP,와이셔츠&드라이 47,2025-10-3,셔츠류,https://cloudfront.laundrygo.com/smartfactory/smartfactory_20251004035503_012475b644ed4e9dac0abe457e95d982.jpeg
B9R6N6PP,와이셔츠&드라이 47,2025-10-3,셔츠류,https://cloudfront.laundrygo.com/smartfactory/smartfactory_20251004035503_7bda8bd7b0554ff9aa902e38a745314e.jpeg
B9R6N6PP,와이셔츠&드라이 47,2025-10-18,셔츠류,https://cloudfront.laundrygo.com/smartfactory/smartfactory_20251019013201_3eb8a5cda2f849e1b964520aa1d471f8.jpeg
B9R6N6PP,와이셔츠&드라이 47,2025-10-18,셔츠류,https://cloudfront.laundrygo.com/smartfactory/smartfactory_20251019013301_4ca3baa353a14451b7b4bb24dd8f0f95.jpeg
B9R6N6PP,와이셔츠&드라이 47,2025-10-18,셔츠류,https://cloudfront.laundrygo.com/smartfactory/smartfactory_20251019013301_d80a7601e2d5457fb0c56de8f9081552.jpeg
B9R6N6PP,와이셔츠&드라이 47,2025-10-18,셔츠류,https://cloudfront.laundrygo.com/smartfactory/smartfactory_20251019013301_a7ef68c8edbd4ab2b48171c4e2b257ff.jpeg
B9R6N6PP,와이셔츠&드라이 47,2025-10-18,셔츠류,https://cloudfront.laundrygo.com/smartfactory/smartfactory_20251019013301_29d9f22edcec4378be0acea43840994b.jpeg
B9R6N6PP,와이셔츠&드라이 47,2025-10-18,셔츠류,https://cloudfront.laundrygo.com/smartfactory/smartfactory_20251019013301_89a2b901f9a94fa2a46384d50a2f3cc9.jpeg
B9R6N6PP,와이셔츠&드라이 47,2025-10-25,셔츠류,https://cloudfront.laundrygo.com/smartfactory/smartfactory_20251026015901_787c9e6796414382b5e18142f99639da.jpeg
B9R6N6PP,와이셔츠&드라이 47,2025-10-25,셔츠류,https://cloudfront.laundrygo.com/smartfactory/smartfactory_20251026015901_19e424d6967748ac8db680450572fdbd.jpeg
B9R6N6PP,와이셔츠&드라이 47,2025-10-25,셔츠류,https://cloudfront.laundrygo.com/smartfactory/smartfactory_20251026020002_32aa9aac2db2483383d0255a767475e7.jpeg
B9R6N6PP,와이셔츠&드라이 47,2025-10-25,셔츠류,https://cloudfront.laundrygo.com/smartfactory/smartfactory_20251026020002_4cb051dc87b14a47a0d36b453d70b8b5.jpeg
B9R6N6PP,와이셔츠&드라이 47,2025-10-25,셔츠류,https://cloudfront.laundrygo.com/smartfactory/smartfactory_20251026020002_01331c1a501044f3b5626f8aad7f2f5f.jpeg
B9R6N6PP,와이셔츠&드라이 47,2025-11-1,셔츠류,https://cloudfront.laundrygo.com/smartfactory/smartfactory_20251102012501_60147a6c31c24e069b6a496735fe9c1c.jpeg
B9R6N6PP,와이셔츠&드라이 47,2025-11-1,셔츠류,https://cloudfront.laundrygo.com/smartfactory/smartfactory_20251102012501_1ed872780d9a4718a6f736906190a2a8.jpeg
B9R6N6PP,와이셔츠&드라이 47,2025-11-1,셔츠류,https://cloudfront.laundrygo.com/smartfactory/smartfactory_20251102012601_c86c5d9bfcfe41e7b57cbac1e1d4dd54.jpeg
B9R6N6PP,와이셔츠&드라이 47,2025-11-1,셔츠류,https://cloudfront.laundrygo.com/smartfactory/smartfactory_20251102012601_a9fdfefd17aa4521830ec109df79dbaf.jpeg
B9R6N6PP,와이셔츠&드라이 47,2025-11-1,셔츠류,https://cloudfront.laundrygo.com/smartfactory/smartfactory_20251102012601_c6c9c6f50faa435c89851b172a2eac55.jpeg
B9R6N6PP,와이셔츠&드라이 47,2025-11-8,셔츠류,https://cloudfront.laundrygo.com/smartfactory/smartfactory_20251109072207_297da132e9f64f259db0c540893bcdc6.jpeg
B9R6N6PP,와이셔츠&드라이 47,2025-11-8,셔츠류,https://cloudfront.laundrygo.com/smartfactory/smartfactory_20251109072207_b3d082897fab409fa9c8e4451db56673.jpeg
B9R6N6PP,와이셔츠&드라이 47,2025-11-8,셔츠류,https://cloudfront.laundrygo.com/smartfactory/smartfactory_20251109072307_71e973f831384f7e9cc94f73fd0ef3b6.jpeg
B9R6N6PP,와이셔츠&드라이 47,2025-11-8,셔츠류,https://cloudfront.laundrygo.com/smartfactory/smartfactory_20251109072307_14e4d1deb0e040bcb6304307d6e5e73d.jpeg
B9R6N6PP,와이셔츠&드라이 47,2025-11-8,셔츠류,https://cloudfront.laundrygo.com/smartfactory/smartfactory_20251109072307_f141c1b1bbf640b282102d37a9116c37.jpeg
B9R6N6PP,와이셔츠&드라이 47,2025-11-15,셔츠류,https://cloudfront.laundrygo.com/smartfactory/smartfactory_20251116030403_831fbbe8317441b39108612b7210c67e.jpeg
B9R6N6PP,와이셔츠&드라이 47,2025-11-15,셔츠류,https://cloudfront.laundrygo.com/smartfactory/smartfactory_20251116030403_68b297dd043948bd9294b34c26fec2bd.jpeg
B9R6N6PP,와이셔츠&드라이 47,2025-11-15,셔츠류,https://cloudfront.laundrygo.com/smartfactory/smartfactory_20251116030403_cd336114b9b244269b8d4f4e1194b1d5.jpeg
B9R6N6PP,와이셔츠&드라이 47,2025-11-15,셔츠류,https://cloudfront.laundrygo.com/smartfactory/smartfactory_20251116030503_0cd4620194ed4868bb41ff94957cf2e6.jpeg
B9R6N6PP,와이셔츠&드라이 47,2025-11-15,셔츠류,https://cloudfront.laundrygo.com/smartfactory/smartfactory_20251116030503_6b9017fde1284b779405c53eb84c7336.jpeg
B9R6N6PP,와이셔츠&드라이 47,2025-11-22,셔츠류,https://cloudfront.laundrygo.com/smartfactory/smartfactory_20251123024102_7945f28f0fa746058c2feea3587ba925.jpeg
B9R6N6PP,와이셔츠&드라이 47,2025-11-22,셔츠류,https://cloudfront.laundrygo.com/smartfactory/smartfactory_20251123024202_638465c44be741dc8388c341fb068915.jpeg
B9R6N6PP,와이셔츠&드라이 47,2025-11-22,셔츠류,https://cloudfront.laundrygo.com/smartfactory/smartfactory_20251123024202_09c86a54f80d4f97aa3983d16e31b10d.jpeg
B9R6N6PP,와이셔츠&드라이 47,2025-11-22,셔츠류,https://cloudfront.laundrygo.com/smartfactory/smartfactory_20251123024202_ba62046f617048bebce915fd6183d5d3.jpeg
B9R6N6PP,와이셔츠&드라이 47,2025-11-22,셔츠류,https://cloudfront.laundrygo.com/smartfactory/smartfactory_20251123024202_ce552f40d9044b2db5d41a062193ed97.jpeg
WUTGSNKX,런드리&드라이 45,2025-8-28,셔츠류,https://cloudfront.laundrygo.com/smartfactory/smartfactory_20250829013801_9f4f16453663400892ff649038cb62da.jpeg
WUTGSNKX,런드리&드라이 45,2025-10-16,셔츠류,https://cloudfront.laundrygo.com/smartfactory/smartfactory_20251017071407_1a3859d9c2b14f3db7595b50572b7377.jpeg
HMTZZCHB,자유이용서비스,2025-11-7,셔츠류,https://cloudfront.laundrygo.com/smartfactory/smartfactory_20251109151715_189a312d371749159e40417fc60c3bb9.jpeg
HMTZZCHB,자유이용서비스,2025-11-7,셔츠류,https://cloudfront.laundrygo.com/smartfactory/smartfactory_20251109151815_144c3dd6b8684588bc394d91c6bd192a.jpeg
HMTZZCHB,자유이용서비스,2025-11-7,셔츠류,https://cloudfront.laundrygo.com/smartfactory/smartfactory_20251109152115_3db595d3d38b47efa6f9f2ae2a0d1cb5.jpeg
HMTZZCHB,자유이용서비스,2025-11-7,셔츠류,https://cloudfront.laundrygo.com/smartfactory/smartfactory_20251109152215_145f677b37294ea0b7b0bda5662c9b39.jpeg
HMTZZCHB,자유이용서비스,2025-11-7,셔츠류,https://cloudfront.laundrygo.com/smartfactory/smartfactory_20251109152315_b2d80753985846d79447940421cf1d40.jpeg
YADAES72,와이셔츠&드라이 56,2025-8-27,셔츠류,https://cloudfront.laundrygo.com/smartfactory/smartfactory_20250828071307_9b70ae204d754b5287f43806ce37e387.jpeg
YADAES72,와이셔츠&드라이 56,2025-9-2,셔츠류,https://cloudfront.laundrygo.com/smartfactory/smartfactory_20250903053705_f37b5b8d377b4162935ca7fc29ad4663.jpeg
YADAES72,와이셔츠&드라이 56,2025-9-2,셔츠류,https://cloudfront.laundrygo.com/smartfactory/smartfactory_20250903053805_131fd8a0456040f1a12f915abcac431d.jpeg
YADAES72,와이셔츠&드라이 56,2025-9-2,셔츠류,https://cloudfront.laundrygo.com/smartfactory/smartfactory_20250903053405_323c34c33fbe47329c7255473180ae66.jpeg
YADAES72,와이셔츠&드라이 56,2025-9-2,셔츠류,https://cloudfront.laundrygo.com/smartfactory/smartfactory_20250903085908_3a91e40bb79f4b3f877fd5da7e832bd6.jpeg
YADAES72,와이셔츠&드라이 56,2025-9-2,셔츠류,https://cloudfront.laundrygo.com/smartfactory/smartfactory_20250903090009_071ec8d3b42e40aa9ae3b620d8b626a5.jpeg
YADAES72,와이셔츠&드라이 56,2025-9-2,셔츠류,https://cloudfront.laundrygo.com/smartfactory/smartfactory_20250903090009_0e3d9f00336a44b9a2393ed50f439996.jpeg
YADAES72,와이셔츠&드라이 56,2025-9-2,셔츠류,https://cloudfront.laundrygo.com/smartfactory/smartfactory_20250903053605_5bbe3fd336c94cb19206a2ba38720868.jpeg
YADAES72,와이셔츠&드라이 56,2025-9-2,셔츠류,https://cloudfront.laundrygo.com/smartfactory/smartfactory_20250903053705_96d2325165eb44b7afd05b6958b4d29d.jpeg
YADAES72,와이셔츠&드라이 56,2025-9-2,셔츠류,https://cloudfront.laundrygo.com/smartfactory/smartfactory_20250903053705_41364780611a421dbe34f117ae027a99.jpeg
YADAES72,와이셔츠&드라이 56,2025-9-17,셔츠류,https://cloudfront.laundrygo.com/smartfactory/smartfactory_20250918011901_2dac7e9f92aa4e35b3a70f1282289dd4.jpeg
YADAES72,와이셔츠&드라이 56,2025-9-17,셔츠류,https://cloudfront.laundrygo.com/smartfactory/smartfactory_20250918011901_6b15145fa1c14423bc845bc81973a696.jpeg
YADAES72,와이셔츠&드라이 56,2025-9-17,셔츠류,https://cloudfront.laundrygo.com/smartfactory/smartfactory_20250918012001_50834f5e07a749cba069dabc122cfa9e.jpeg
YADAES72,와이셔츠&드라이 56,2025-9-17,셔츠류,https://cloudfront.laundrygo.com/smartfactory/smartfactory_20250918012001_ed5264690e84474bb7003123d5524c3a.jpeg
YADAES72,와이셔츠&드라이 56,2025-9-17,셔츠류,https://cloudfront.laundrygo.com/smartfactory/smartfactory_20250918012001_29f5c5951fc44622a995989515120624.jpeg
YADAES72,와이셔츠&드라이 56,2025-9-17,셔츠류,https://cloudfront.laundrygo.com/smartfactory/smartfactory_20250918012101_e9cbb993b4e24b0093e6a70f7f56d028.jpeg
YADAES72,와이셔츠&드라이 56,2025-9-17,셔츠류,https://cloudfront.laundrygo.com/smartfactory/smartfactory_20250918012101_2c3b219d31d1445281b7b4333b2c5b90.jpeg
YADAES72,와이셔츠&드라이 56,2025-9-25,셔츠류,https://cloudfront.laundrygo.com/smartfactory/smartfactory_20250926073307_745a696d3a0b4ebcb52ec76b250c5c5d.jpeg
YADAES72,와이셔츠&드라이 56,2025-9-25,셔츠류,https://cloudfront.laundrygo.com/smartfactory/smartfactory_20250926073307_73be4da37c5446fda4144f4de4e4dec9.jpeg
YADAES72,와이셔츠&드라이 56,2025-10-1,셔츠류,https://cloudfront.laundrygo.com/smartfactory/smartfactory_20251002010701_5c0bd410e40d42eb971fabfb2af71744.jpeg
YADAES72,와이셔츠&드라이 56,2025-10-1,셔츠류,https://cloudfront.laundrygo.com/smartfactory/smartfactory_20251002005500_f9ccf1e6452d414baf7d8fce3eccf769.jpeg
YADAES72,와이셔츠&드라이 56,2025-10-1,셔츠류,https://cloudfront.laundrygo.com/smartfactory/smartfactory_20251002010901_bdff5c36225b47f1ac8d8616bfc8bd1d.jpeg
YADAES72,와이셔츠&드라이 56,2025-10-1,셔츠류,https://cloudfront.laundrygo.com/smartfactory/smartfactory_20251002010901_eb69679529174a98b7e417f3e027cdc3.jpeg
YADAES72,와이셔츠&드라이 56,2025-10-1,셔츠류,https://cloudfront.laundrygo.com/smartfactory/smartfactory_20251002011201_c4b29a93e4b247c1a0f8ebb4725e25f0.jpeg
YADAES72,와이셔츠&드라이 56,2025-10-1,셔츠류,https://cloudfront.laundrygo.com/smartfactory/smartfactory_20251002011201_53c173630cac4420bf773e1f78b7c37e.jpeg
YADAES72,와이셔츠&드라이 56,2025-10-15,셔츠류,https://cloudfront.laundrygo.com/smartfactory/smartfactory_20251016012201_016763374f6e4ad599f362e640a6dffa.jpeg
YADAES72,와이셔츠&드라이 56,2025-10-15,셔츠류,https://cloudfront.laundrygo.com/smartfactory/smartfactory_20251016084708_11a4117b34094934835f0975f8fbd229.jpeg
YADAES72,와이셔츠&드라이 56,2025-10-15,셔츠류,https://cloudfront.laundrygo.com/smartfactory/smartfactory_20251016084708_99199142100d40c2b8eec6783924b755.jpeg
YADAES72,와이셔츠&드라이 56,2025-10-15,셔츠류,https://cloudfront.laundrygo.com/smartfactory/smartfactory_20251016012201_25c596bb51834a89b0ce634cb1cbd204.jpeg
YADAES72,와이셔츠&드라이 56,2025-10-15,셔츠류,https://cloudfront.laundrygo.com/smartfactory/smartfactory_20251016012301_7675651d10c1486fba836300b3fd9ae0.jpeg
YADAES72,와이셔츠&드라이 56,2025-10-28,셔츠류,https://cloudfront.laundrygo.com/smartfactory/smartfactory_20251029023302_227fa58e57264ec9a174f2a634d652c4.jpeg
YADAES72,와이셔츠&드라이 56,2025-10-28,셔츠류,https://cloudfront.laundrygo.com/smartfactory/smartfactory_20251029023402_784d4bfee1e541669023dfffc74340dd.jpeg
YADAES72,와이셔츠&드라이 56,2025-10-28,셔츠류,https://cloudfront.laundrygo.com/smartfactory/smartfactory_20251029023402_27986165c2a44d089d72a6ca8e031599.jpeg
YADAES72,와이셔츠&드라이 56,2025-10-28,셔츠류,https://cloudfront.laundrygo.com/smartfactory/smartfactory_20251029023402_f1eedc8166964d5da3fe3b99abcc40df.jpeg
YADAES72,와이셔츠&드라이 56,2025-10-28,셔츠류,https://cloudfront.laundrygo.com/smartfactory/smartfactory_20251029023302_1abb265862384a38961f5e0eb68d282b.jpeg
YADAES72,와이셔츠&드라이 56,2025-11-3,셔츠류,https://cloudfront.laundrygo.com/smartfactory/smartfactory_20251104053005_b9f0afb5c38d491cb1a1e3e8e10375e6.jpeg
YADAES72,와이셔츠&드라이 56,2025-11-3,셔츠류,https://cloudfront.laundrygo.com/smartfactory/smartfactory_20251104052205_993b0726fc43442685d6e71381ff73ff.jpeg
YADAES72,와이셔츠&드라이 56,2025-11-3,셔츠류,https://cloudfront.laundrygo.com/smartfactory/smartfactory_20251104081008_11d11d70d2834cf59d2bb73c5b4f1e64.jpeg
YADAES72,와이셔츠&드라이 56,2025-11-3,셔츠류,https://cloudfront.laundrygo.com/smartfactory/smartfactory_20251104081008_148eadde0b4d41d694cbdbc25b9a0423.jpeg
SR3GSYGJ,런드리고X 라이트,2025-10-7,셔츠류,https://cloudfront.laundrygo.com/smartfactory/smartfactory_20251008071007_f50070f86cee41ef9477fb7a1a2d132f.jpeg
L46USMNL,런드리고X 라이트,2025-9-20,셔츠류,https://cloudfront.laundrygo.com/smartfactory/smartfactory_20250921063106_2e4affd2b2ab49f1952c5a567406d209.jpeg
4RVXHY6Y,드라이온리 39,2025-9-15,셔츠류,https://cloudfront.laundrygo.com/smartfactory/smartfactory_20250916021002_f397f60faf284cadb98acf1d690c97a2.jpeg
TV2UDHUJ,자유이용서비스,2025-9-19,셔츠류,https://cloudfront.laundrygo.com/smartfactory/smartfactory_20250920014701_cd5da4ac44f04223b481791659cd0571.jpeg
TV2UDHUJ,자유이용서비스,2025-9-19,셔츠류,https://cloudfront.laundrygo.com/smartfactory/smartfactory_20250920014701_01a63017b9c8450e95f0c2b32c257fa4.jpeg
TV2UDHUJ,자유이용서비스,2025-9-19,셔츠류,https://cloudfront.laundrygo.com/smartfactory/smartfactory_20250920014701_269bc148c0bc49f885d2f697a1a86212.jpeg
TV2UDHUJ,자유이용서비스,2025-9-19,셔츠류,https://cloudfront.laundrygo.com/smartfactory/smartfactory_20250920014801_53148ecc051d48de95358c70056cee3a.jpeg
TV2UDHUJ,자유이용서비스,2025-9-19,셔츠류,https://cloudfront.laundrygo.com/smartfactory/smartfactory_20250920014801_55fc217e9cbe47008f86642e5bf09eb1.jpeg
TV2UDHUJ,자유이용서비스,2025-9-19,셔츠류,https://cloudfront.laundrygo.com/smartfactory/smartfactory_20250920014801_cfe5cea39e7d46eeb34bb725f654c523.jpeg
TV2UDHUJ,자유이용서비스,2025-9-19,셔츠류,https://cloudfront.laundrygo.com/smartfactory/smartfactory_20250920014801_b6869b5f51ec44e0990e338989d50068.jpeg
TV2UDHUJ,자유이용서비스,2025-9-19,셔츠류,https://cloudfront.laundrygo.com/smartfactory/smartfactory_20250920014901_6c940438e22441d685cb106cbdd1996d.jpeg
TV2UDHUJ,자유이용서비스,2025-9-19,셔츠류,https://cloudfront.laundrygo.com/smartfactory/smartfactory_20250920014901_bea34011f516439f9124cfc20934c548.jpeg
TV2UDHUJ,자유이용서비스,2025-9-19,셔츠류,https://cloudfront.laundrygo.com/smartfactory/smartfactory_20250920014901_afc085f92f3c48e8add2d8fea6cf26b2.jpeg
TV2UDHUJ,자유이용서비스,2025-10-10,셔츠류,https://cloudfront.laundrygo.com/smartfactory/smartfactory_20251011033003_9be13b12bc0249e8a48d4b0c58c548fa.jpeg
TV2UDHUJ,자유이용서비스,2025-10-10,셔츠류,https://cloudfront.laundrygo.com/smartfactory/smartfactory_20251011033103_706aa1b22327453e8452715cd8c5efdd.jpeg
TV2UDHUJ,자유이용서비스,2025-10-10,셔츠류,https://cloudfront.laundrygo.com/smartfactory/smartfactory_20251011033103_cd4071ba9bb144d0b09f66f512a71bc8.jpeg
TV2UDHUJ,자유이용서비스,2025-10-10,셔츠류,https://cloudfront.laundrygo.com/smartfactory/smartfactory_20251011033203_6618b1b87f92493cb246710b069b1e1f.jpeg
TV2UDHUJ,자유이용서비스,2025-10-10,셔츠류,https://cloudfront.laundrygo.com/smartfactory/smartfactory_20251011033003_226bcf8351b146f480b0ef34620b4e5a.jpeg
TV2UDHUJ,자유이용서비스,2025-10-10,셔츠류,https://cloudfront.laundrygo.com/smartfactory/smartfactory_20251011033103_e4f9338874cd4e94a08cf91136dadb81.jpeg
TV2UDHUJ,자유이용서비스,2025-10-10,셔츠류,https://cloudfront.laundrygo.com/smartfactory/smartfactory_20251011033303_4512aea380784a3eaff893ef13194bc6.jpeg
QMDQSAV2,드라이온리 39,2025-10-9,셔츠류,https://cloudfront.laundrygo.com/smartfactory/smartfactory_20251010001400_072b128deac94fa19b9b48354957094b.jpeg
QMDQSAV2,드라이온리 39,2025-10-9,셔츠류,https://cloudfront.laundrygo.com/smartfactory/smartfactory_20251010001400_4e916455d03c4e83855d83b49e281371.jpeg
435PT5SR,자유이용서비스,2025-10-31,셔츠류,https://cloudfront.laundrygo.com/smartfactory/smartfactory_20251104111111_56a2469ef0a64b8d90a834be15b6c112.jpeg
NX9RLURD,런드리&드라이 45,2025-9-1,셔츠류,https://cloudfront.laundrygo.com/smartfactory/smartfactory_20250903080808_6e1222432c324fdeb4454798e774609a.jpeg
NX9RLURD,런드리&드라이 45,2025-9-16,셔츠류,https://cloudfront.laundrygo.com/smartfactory/smartfactory_20250918074707_f641aa5fb5e84982b1e663874c699927.jpeg
NX9RLURD,런드리&드라이 45,2025-10-12,셔츠류,https://cloudfront.laundrygo.com/smartfactory/smartfactory_20251013044404_3eedb16a0a214f85abc66b979843bf57.jpeg
NX9RLURD,런드리&드라이 45,2025-10-12,셔츠류,https://cloudfront.laundrygo.com/smartfactory/smartfactory_20251013044404_85c198d57326473399437925acb9aa55.jpeg
NX9RLURD,런드리&드라이 45,2025-10-18,셔츠류,https://cloudfront.laundrygo.com/smartfactory/smartfactory_20251021142514_9a172672de2349c79cb5cb0a756b188a.jpeg
TNFC7AS4,자유이용서비스,2025-9-8,셔츠류,https://cloudfront.laundrygo.com/smartfactory/smartfactory_20250909032303_725174d875e0424a873ad0fca9d3ff72.jpeg
TNFC7AS4,자유이용서비스,2025-9-8,셔츠류,https://cloudfront.laundrygo.com/smartfactory/smartfactory_20250909032203_d1fd7bfa99e44277ba0baa4d7878bf53.jpeg
TNFC7AS4,자유이용서비스,2025-9-8,셔츠류,https://cloudfront.laundrygo.com/smartfactory/smartfactory_20250909032303_ba2f4193eb974368b4f7aa5bd47b0090.jpeg
TNFC7AS4,자유이용서비스,2025-9-8,셔츠류,https://cloudfront.laundrygo.com/smartfactory/smartfactory_20250909032303_860891259b4e41b8b44e9854fe0a63f4.jpeg
TNFC7AS4,자유이용서비스,2025-9-8,셔츠류,https://cloudfront.laundrygo.com/smartfactory/smartfactory_20250909032403_ce16d963055d4bd8bbac407fdf95a97f.jpeg
TNFC7AS4,자유이용서비스,2025-9-27,셔츠류,https://cloudfront.laundrygo.com/smartfactory/smartfactory_20250928004800_80f0ccc2b76148d79ee37ddb1aa2ddb4.jpeg
TNFC7AS4,자유이용서비스,2025-9-27,셔츠류,https://cloudfront.laundrygo.com/smartfactory/smartfactory_20250928004900_73cea8629ab447b8a8a6cb1fc91f4694.jpeg
TNFC7AS4,자유이용서비스,2025-9-27,셔츠류,https://cloudfront.laundrygo.com/smartfactory/smartfactory_20250928004900_f82bba28fcfb452abfb116dbd6261927.jpeg
TNFC7AS4,자유이용서비스,2025-9-27,셔츠류,https://cloudfront.laundrygo.com/smartfactory/smartfactory_20250928005000_8e93340967b84c67b66cfd8c7d523d50.jpeg
TNFC7AS4,자유이용서비스,2025-9-27,셔츠류,https://cloudfront.laundrygo.com/smartfactory/smartfactory_20250928004800_c7a370a3608b4950bcd516746e718782.jpeg
TNFC7AS4,자유이용서비스,2025-9-27,셔츠류,https://cloudfront.laundrygo.com/smartfactory/smartfactory_20250928004900_fd1c1b1748db44d9a5638556d2574dab.jpeg
TNFC7AS4,자유이용서비스,2025-9-27,셔츠류,https://cloudfront.laundrygo.com/smartfactory/smartfactory_20250928005000_cee95d66e43b4f79a2f76475a5d41a83.jpeg
4SS4CNNS,런드리온리 46,2025-8-28,셔츠류,https://cloudfront.laundrygo.com/smartfactory/smartfactory_20250829001500_008c6728d1284368af1671e70250a36a.jpeg
4SS4CNNS,런드리온리 46,2025-9-13,셔츠류,https://cloudfront.laundrygo.com/smartfactory/smartfactory_20250914005400_78da784664d148c7a08790dbf8a21ed6.jpeg
4SS4CNNS,런드리온리 46,2025-9-27,셔츠류,https://cloudfront.laundrygo.com/smartfactory/smartfactory_20250928021902_06cd00ae90fa498391d335740dbb3452.jpeg
4SS4CNNS,런드리온리 46,2025-10-8,셔츠류,https://cloudfront.laundrygo.com/smartfactory/smartfactory_20251009033303_7d009246fb774c6e9d9972226a93291b.jpeg
4SS4CNNS,런드리온리 46,2025-10-8,셔츠류,https://cloudfront.laundrygo.com/smartfactory/smartfactory_20251009033403_dbdc1fa721d447df8ea5d3f5dc12b308.jpeg
4SS4CNNS,런드리온리 46,2025-10-8,셔츠류,https://cloudfront.laundrygo.com/smartfactory/smartfactory_20251009033503_ca70bea356594db6861862ed7074b942.jpeg
4SS4CNNS,런드리온리 46,2025-10-8,셔츠류,https://cloudfront.laundrygo.com/smartfactory/smartfactory_20251009033503_60c7e0660923401cad7f584c77be7b4c.jpeg
ZETTCDFV,자유이용서비스,2025-11-17,셔츠류,https://cloudfront.laundrygo.com/smartfactory/smartfactory_20251120103410_28bf774c2b1645b7a5fab973d812feb7.jpeg
ZETTCDFV,자유이용서비스,2025-11-17,셔츠류,https://cloudfront.laundrygo.com/smartfactory/smartfactory_20251120103310_f71044ae2a4e46d8bda1accc9ad412cf.jpeg
UGT8RM2T,자유이용서비스,2025-11-12,셔츠류,https://cloudfront.laundrygo.com/smartfactory/smartfactory_20251113101310_3b7f0cf626cd423cb58c27f817eb4f6b.jpeg
3L7PCR4J,자유이용서비스,2025-11-23,셔츠류,https://cloudfront.laundrygo.com/smartfactory/smartfactory_20251124050305_448f6c6f6bcc4d3fa6da9c2a715f3da2.jpeg
3L7PCR4J,자유이용서비스,2025-11-23,셔츠류,https://cloudfront.laundrygo.com/smartfactory/smartfactory_20251124050305_8c654abfa90e422498f3325740aa034b.jpeg
3L7PCR4J,자유이용서비스,2025-11-23,셔츠류,https://cloudfront.laundrygo.com/smartfactory/smartfactory_20251124050305_9912e3b8f0b047478be2a61249862c23.jpeg
3L7PCR4J,자유이용서비스,2025-11-23,셔츠류,https://cloudfront.laundrygo.com/smartfactory/smartfactory_20251124050305_b13307c3ef6d42d190180da2a634bccf.jpeg
RMA4D2EH,와이셔츠&드라이 56,2025-9-10,셔츠류,https://cloudfront.laundrygo.com/smartfactory/smartfactory_20250911071807_e9fa2dd688cc40d3808dc9742d85fa06.jpeg
RMA4D2EH,와이셔츠&드라이 56,2025-9-10,셔츠류,https://cloudfront.laundrygo.com/smartfactory/smartfactory_20250911071807_7c5e1610c545400cbc4507699c1acbb2.jpeg
RMA4D2EH,와이셔츠&드라이 56,2025-9-10,셔츠류,https://cloudfront.laundrygo.com/smartfactory/smartfactory_20250911071907_3e2f5fda8674424ab2d8f69bd0b02266.jpeg
RMA4D2EH,와이셔츠&드라이 56,2025-9-10,셔츠류,https://cloudfront.laundrygo.com/smartfactory/smartfactory_20250911071907_e73ef31a6e494adbb80765fe90fef100.jpeg
RMA4D2EH,와이셔츠&드라이 56,2025-9-10,셔츠류,https://cloudfront.laundrygo.com/smartfactory/smartfactory_20250911071907_ecbb227fad83456e8b9ecb1a58c39a5d.jpeg
RMA4D2EH,와이셔츠&드라이 56,2025-9-10,셔츠류,https://cloudfront.laundrygo.com/smartfactory/smartfactory_20250911071907_4d003332522c49afa66562a028ba1254.jpeg
RMA4D2EH,와이셔츠&드라이 56,2025-9-10,셔츠류,https://cloudfront.laundrygo.com/smartfactory/smartfactory_20250911072007_88ac963a593b492bb0b58dc59359abdc.jpeg
RMA4D2EH,와이셔츠&드라이 56,2025-9-10,셔츠류,https://cloudfront.laundrygo.com/smartfactory/smartfactory_20250911072007_b25c0570719d41a7bc3360ba48ee38c0.jpeg
RMA4D2EH,와이셔츠&드라이 56,2025-9-10,셔츠류,https://cloudfront.laundrygo.com/smartfactory/smartfactory_20250911072007_a88ee6704e574b61a1b8eb70e8f039ad.jpeg
RMA4D2EH,와이셔츠&드라이 56,2025-9-10,셔츠류,https://cloudfront.laundrygo.com/smartfactory/smartfactory_20250911072007_d47b6a1bddbe45efa00f3723fd056bca.jpeg
RMA4D2EH,와이셔츠&드라이 56,2025-10-15,셔츠류,https://cloudfront.laundrygo.com/smartfactory/smartfactory_20251016082608_fb1d69367cb84e5a91a2197218744f10.jpeg
RMA4D2EH,와이셔츠&드라이 56,2025-10-15,셔츠류,https://cloudfront.laundrygo.com/smartfactory/smartfactory_20251016082608_717dd6092c5042e68b5d61e099d67953.jpeg
RMA4D2EH,와이셔츠&드라이 56,2025-10-15,셔츠류,https://cloudfront.laundrygo.com/smartfactory/smartfactory_20251016082608_b4a32741769b4ea5bf6b56b58e5a2204.jpeg
RMA4D2EH,와이셔츠&드라이 56,2025-10-15,셔츠류,https://cloudfront.laundrygo.com/smartfactory/smartfactory_20251016082708_16af23e9894440d78915e511fccffe20.jpeg
RMA4D2EH,와이셔츠&드라이 56,2025-10-15,셔츠류,https://cloudfront.laundrygo.com/smartfactory/smartfactory_20251016082708_f3a6084c8ad6413f854450e728a7a22e.jpeg
RMA4D2EH,와이셔츠&드라이 56,2025-10-15,셔츠류,https://cloudfront.laundrygo.com/smartfactory/smartfactory_20251016082708_ebd6de629e2440b892ceabd6b85aff02.jpeg
RMA4D2EH,와이셔츠&드라이 56,2025-10-15,셔츠류,https://cloudfront.laundrygo.com/smartfactory/smartfactory_20251016082808_2cedec0a2d4b41bca99c7ee9285e501a.jpeg
RMA4D2EH,와이셔츠&드라이 56,2025-10-15,셔츠류,https://cloudfront.laundrygo.com/smartfactory/smartfactory_20251016082808_8ee73f4bb3db45aaa5265adf37498b3a.jpeg
RMA4D2EH,와이셔츠&드라이 56,2025-10-22,셔츠류,https://cloudfront.laundrygo.com/smartfactory/smartfactory_20251023074107_3a160b0de6a44c328f1d8fd1eea26406.jpeg
RMA4D2EH,와이셔츠&드라이 56,2025-10-22,셔츠류,https://cloudfront.laundrygo.com/smartfactory/smartfactory_20251023074207_7e0711bb873f40fe8ea8af9970320306.jpeg
RMA4D2EH,와이셔츠&드라이 56,2025-10-22,셔츠류,https://cloudfront.laundrygo.com/smartfactory/smartfactory_20251023074207_2cf469f8684547668e3a98b09ecee961.jpeg
RMA4D2EH,와이셔츠&드라이 56,2025-10-22,셔츠류,https://cloudfront.laundrygo.com/smartfactory/smartfactory_20251023074207_b9d21b03da0e4a7ab5f127bcfbcb485d.jpeg
RMA4D2EH,와이셔츠&드라이 56,2025-10-29,셔츠류,https://cloudfront.laundrygo.com/smartfactory/smartfactory_20251030022702_269aeb84a4f74de38fd70d6f79781e95.jpeg
RMA4D2EH,와이셔츠&드라이 56,2025-10-29,셔츠류,https://cloudfront.laundrygo.com/smartfactory/smartfactory_20251030022802_00cf8f6a156e4073912d2282862a3a96.jpeg
RMA4D2EH,와이셔츠&드라이 56,2025-10-29,셔츠류,https://cloudfront.laundrygo.com/smartfactory/smartfactory_20251030022802_1a1204ddc06d4dfc8dfe4825e4578760.jpeg
RMA4D2EH,와이셔츠&드라이 56,2025-10-29,셔츠류,https://cloudfront.laundrygo.com/smartfactory/smartfactory_20251030022802_f5254ae8a9f64a9bb869646c675da2a6.jpeg
RMA4D2EH,와이셔츠&드라이 56,2025-10-29,셔츠류,https://cloudfront.laundrygo.com/smartfactory/smartfactory_20251030022702_118357669af246509d651327197460e9.jpeg
RMA4D2EH,와이셔츠&드라이 56,2025-11-6,셔츠류,https://cloudfront.laundrygo.com/smartfactory/smartfactory_20251107022102_b86242bd76fa4142ab591a59efd687d7.jpeg
RMA4D2EH,와이셔츠&드라이 56,2025-11-6,셔츠류,https://cloudfront.laundrygo.com/smartfactory/smartfactory_20251107022102_82d848e5a8c14c5d9f01cbb8f17cdb5f.jpeg
RMA4D2EH,와이셔츠&드라이 56,2025-11-6,셔츠류,https://cloudfront.laundrygo.com/smartfactory/smartfactory_20251107022102_0d40819d4cfc4b08b264509d14d437be.jpeg
RMA4D2EH,와이셔츠&드라이 56,2025-11-6,셔츠류,https://cloudfront.laundrygo.com/smartfactory/smartfactory_20251107022202_7a058f3033b0412ab5b0a5a4fa805f67.jpeg
RMA4D2EH,와이셔츠&드라이 56,2025-11-6,셔츠류,https://cloudfront.laundrygo.com/smartfactory/smartfactory_20251107022202_083676bb0d5a41c5aa3dcd41d520ce14.jpeg
RMA4D2EH,와이셔츠&드라이 56,2025-11-6,셔츠류,https://cloudfront.laundrygo.com/smartfactory/smartfactory_20251107022202_ec883a619b364a938ac4365f3bd23b43.jpeg
RMA4D2EH,와이셔츠&드라이 56,2025-11-6,셔츠류,https://cloudfront.laundrygo.com/smartfactory/smartfactory_20251107022302_ac2d743122fe41f6be76c45239467766.jpeg
RMA4D2EH,와이셔츠&드라이 56,2025-11-17,셔츠류,https://cloudfront.laundrygo.com/smartfactory/smartfactory_20251118043004_f6aa35aff8d54b3ba068d63e97145904.jpeg
RMA4D2EH,와이셔츠&드라이 56,2025-11-17,셔츠류,https://cloudfront.laundrygo.com/smartfactory/smartfactory_20251118043004_adace029c463428bbf2d11caa9c78358.jpeg
RMA4D2EH,와이셔츠&드라이 56,2025-11-17,셔츠류,https://cloudfront.laundrygo.com/smartfactory/smartfactory_20251118043104_a894d3a83dac4dada9b6fa68d4e9cc77.jpeg
RMA4D2EH,와이셔츠&드라이 56,2025-11-17,셔츠류,https://cloudfront.laundrygo.com/smartfactory/smartfactory_20251118043204_5433893108a34b4f9f684e5abfa3f18d.jpeg
RMA4D2EH,와이셔츠&드라이 56,2025-11-17,셔츠류,https://cloudfront.laundrygo.com/smartfactory/smartfactory_20251118043304_2cbb45e62529450b94da2155a336b2ab.jpeg
RMA4D2EH,와이셔츠&드라이 56,2025-11-17,셔츠류,https://cloudfront.laundrygo.com/smartfactory/smartfactory_20251118043204_593ae280a7a0417697c1b371c48859c9.jpeg
42VBLS3B,드라이온리 73,2025-8-28,셔츠류,https://cloudfront.laundrygo.com/smartfactory/smartfactory_20250829014501_7c8e2157543c4ceab9802f075de217d2.jpeg
42VBLS3B,드라이온리 73,2025-8-28,셔츠류,https://cloudfront.laundrygo.com/smartfactory/smartfactory_20250829014501_82c173d1baf847a6961856a3efda44a0.jpeg
42VBLS3B,드라이온리 73,2025-8-28,셔츠류,https://cloudfront.laundrygo.com/smartfactory/smartfactory_20250829014601_5bc89cfbe3ab49cabcc17a87378c6ce5.jpeg
42VBLS3B,드라이온리 73,2025-9-14,셔츠류,https://cloudfront.laundrygo.com/smartfactory/smartfactory_20250915085108_b8d677b82e964c8dbc8821d3bab13092.jpeg
42VBLS3B,드라이온리 73,2025-9-14,셔츠류,https://cloudfront.laundrygo.com/smartfactory/smartfactory_20250915085308_65c349ae750e4918ac267990ac91af05.jpeg
42VBLS3B,드라이온리 73,2025-9-14,셔츠류,https://cloudfront.laundrygo.com/smartfactory/smartfactory_20250915085308_4a73f4e3f07c4c6eadd9b9afe72b0732.jpeg
42VBLS3B,드라이온리 73,2025-9-23,셔츠류,https://cloudfront.laundrygo.com/smartfactory/smartfactory_20250924071407_c5df0537cca24dd694299ad3e6127811.jpeg
42VBLS3B,드라이온리 73,2025-9-23,셔츠류,https://cloudfront.laundrygo.com/smartfactory/smartfactory_20250924065906_1d1471a97694401085c5c75819ce4ae7.jpeg
42VBLS3B,드라이온리 73,2025-9-23,셔츠류,https://cloudfront.laundrygo.com/smartfactory/smartfactory_20250924071407_d2b2da5951f24d1dba55708fe0cedeb1.jpeg
42VBLS3B,자유이용서비스,2025-10-11,셔츠류,https://cloudfront.laundrygo.com/smartfactory/smartfactory_20251013091209_1e89591cbed04f66b8750620194e157c.jpeg
42VBLS3B,자유이용서비스,2025-10-11,셔츠류,https://cloudfront.laundrygo.com/smartfactory/smartfactory_20251013091209_e2bd24bf0e274962aa99c0978abeab65.jpeg
42VBLS3B,자유이용서비스,2025-10-11,셔츠류,https://cloudfront.laundrygo.com/smartfactory/smartfactory_20251013091309_0f5f4a7b909f49af9207e8898aa74462.jpeg
RM9Y7MKA,올인원 129,2025-8-26,셔츠류,https://cloudfront.laundrygo.com/smartfactory/smartfactory_20250827025102_a8536d0ef1534461a21bdd0d3d3fce6e.jpeg
RM9Y7MKA,올인원 129,2025-9-3,셔츠류,https://cloudfront.laundrygo.com/smartfactory/smartfactory_20250904011201_e9ebbe99ac3149eea1e74bb48af99535.jpeg
RM9Y7MKA,올인원 129,2025-9-3,셔츠류,https://cloudfront.laundrygo.com/smartfactory/smartfactory_20250904011201_dd0d6e2833fc44bebf80c18baa177de3.jpeg
RM9Y7MKA,올인원 129,2025-9-10,셔츠류,https://cloudfront.laundrygo.com/smartfactory/smartfactory_20250911035603_0b7e121ed7b84d43a8d0b9bbdc2e3411.jpeg
RM9Y7MKA,올인원 129,2025-9-16,셔츠류,https://cloudfront.laundrygo.com/smartfactory/smartfactory_20250917022202_f0a24fc79d624e8990324a8f160deae8.jpeg
RM9Y7MKA,올인원 129,2025-9-16,셔츠류,https://cloudfront.laundrygo.com/smartfactory/smartfactory_20250917022202_d0312029d8a64fa683e1daf6f66964a2.jpeg
RM9Y7MKA,올인원 129,2025-9-16,셔츠류,https://cloudfront.laundrygo.com/smartfactory/smartfactory_20250917022202_27928a8f1ff84284ae5826a1306a248b.jpeg
RM9Y7MKA,올인원 129,2025-9-24,셔츠류,https://cloudfront.laundrygo.com/smartfactory/smartfactory_20250925024702_8e1506f1b6cb42ba90ce0b416cf57e44.jpeg
RM9Y7MKA,올인원 129,2025-9-24,셔츠류,https://cloudfront.laundrygo.com/smartfactory/smartfactory_20250925024702_4026931773644e27a5a976540ca6f91c.jpeg
RM9Y7MKA,올인원 129,2025-10-1,셔츠류,https://cloudfront.laundrygo.com/smartfactory/smartfactory_20251002041304_119b7e45cc4144b3953538bf472e9e4b.jpeg
RM9Y7MKA,올인원 129,2025-10-1,셔츠류,https://cloudfront.laundrygo.com/smartfactory/smartfactory_20251002041404_a53ceb7c2d1e48c897a0680aec983348.jpeg
RM9Y7MKA,올인원 129,2025-10-1,셔츠류,https://cloudfront.laundrygo.com/smartfactory/smartfactory_20251002041404_549105dece28486b883665d26a976dcb.jpeg
RM9Y7MKA,올인원 129,2025-10-1,셔츠류,https://cloudfront.laundrygo.com/smartfactory/smartfactory_20251002041404_aebddab8cb3343b990d963acf8dab73b.jpeg
RM9Y7MKA,올인원 129,2025-10-9,셔츠류,https://cloudfront.laundrygo.com/smartfactory/smartfactory_20251010042704_fc3d11a003394d9a85f0973e44c52d63.jpeg
RM9Y7MKA,올인원 129,2025-10-9,셔츠류,https://cloudfront.laundrygo.com/smartfactory/smartfactory_20251010042704_5f98dbd1872e41318486fcaf9f4f6d5a.jpeg
XRF982DM,드라이온리 39,2025-8-29,셔츠류,https://cloudfront.laundrygo.com/smartfactory/smartfactory_20250830074307_4ad97bcf93ee4a239c3f20bb5f4c85bf.jpeg
XRF982DM,드라이온리 39,2025-8-29,셔츠류,https://cloudfront.laundrygo.com/smartfactory/smartfactory_20250830074307_a9fc8718fabd495dba6179718e7784c3.jpeg
XRF982DM,드라이온리 39,2025-8-29,셔츠류,https://cloudfront.laundrygo.com/smartfactory/smartfactory_20250830074307_6b9c95e1d35340a5afe36a207357ced0.jpeg
XRF982DM,드라이온리 39,2025-8-29,셔츠류,https://cloudfront.laundrygo.com/smartfactory/smartfactory_20250830074307_b50f2eea0fc049178e92bb8ea88dd43c.jpeg
XRF982DM,드라이온리 39,2025-8-29,셔츠류,https://cloudfront.laundrygo.com/smartfactory/smartfactory_20250830074407_7deb6a5cac614429b3446ffe800fc01b.jpeg
XRF982DM,드라이온리 39,2025-8-29,셔츠류,https://cloudfront.laundrygo.com/smartfactory/smartfactory_20250830074407_435ec3ca6a404b979369cbe62e1f388a.jpeg
XRF982DM,드라이온리 39,2025-8-29,셔츠류,https://cloudfront.laundrygo.com/smartfactory/smartfactory_20250830074407_10237509c6e946d8a92d6dc27b78c64b.jpeg
XRF982DM,드라이온리 39,2025-9-7,셔츠류,https://cloudfront.laundrygo.com/smartfactory/smartfactory_20250908043704_773e1e7f3c3e41efa5d55bc0dbebd388.jpeg
XRF982DM,드라이온리 39,2025-9-7,셔츠류,https://cloudfront.laundrygo.com/smartfactory/smartfactory_20250908043804_226fdf17906a4bbb87933545e0d12c0a.jpeg
XRF982DM,드라이온리 39,2025-9-7,셔츠류,https://cloudfront.laundrygo.com/smartfactory/smartfactory_20250908043804_adb4b9cf6f5040899926df41039453c7.jpeg
XRF982DM,드라이온리 39,2025-9-7,셔츠류,https://cloudfront.laundrygo.com/smartfactory/smartfactory_20250908043804_2e013a0a7b4346009b887631c137c847.jpeg
XRF982DM,드라이온리 39,2025-9-19,셔츠류,https://cloudfront.laundrygo.com/smartfactory/smartfactory_20250920050705_14aa355af9134c9791cfe7d0e98ce48f.jpeg
XRF982DM,드라이온리 39,2025-9-19,셔츠류,https://cloudfront.laundrygo.com/smartfactory/smartfactory_20250920050705_8edc5e6aea6941b3b37baa788676dca5.jpeg
XRF982DM,드라이온리 39,2025-9-19,셔츠류,https://cloudfront.laundrygo.com/smartfactory/smartfactory_20250920050705_a4b3cd86cd9146aa902ba6580c976e0f.jpeg
XRF982DM,드라이온리 39,2025-9-19,셔츠류,https://cloudfront.laundrygo.com/smartfactory/smartfactory_20250920050805_809dd5e35f9b4440b8b130a10cd34695.jpeg
XRF982DM,드라이온리 39,2025-9-19,셔츠류,https://cloudfront.laundrygo.com/smartfactory/smartfactory_20250920050605_f224cafa85b549f8819fa0dcc42c233f.jpeg
XRF982DM,드라이온리 39,2025-10-7,셔츠류,https://cloudfront.laundrygo.com/smartfactory/smartfactory_20251008101910_b8e512c8c2e34cb6af639f7e951d4b72.jpeg
XRF982DM,드라이온리 39,2025-10-7,셔츠류,https://cloudfront.laundrygo.com/smartfactory/smartfactory_20251008101910_5b811f53b0554171873200bddd00b667.jpeg
XRF982DM,드라이온리 39,2025-10-7,셔츠류,https://cloudfront.laundrygo.com/smartfactory/smartfactory_20251008101910_f4d90fb563624494b029679cbef9d486.jpeg
XRF982DM,드라이온리 39,2025-10-7,셔츠류,https://cloudfront.laundrygo.com/smartfactory/smartfactory_20251008102010_8c7b44ff47974d90824c785849558f0a.jpeg
XRF982DM,드라이온리 39,2025-10-7,셔츠류,https://cloudfront.laundrygo.com/smartfactory/smartfactory_20251008102010_ff72643b158b42809a1575460b94d337.jpeg
XRF982DM,드라이온리 39,2025-10-7,셔츠류,https://cloudfront.laundrygo.com/smartfactory/smartfactory_20251008102010_299be4762d0a4085a25780cf6ec67080.jpeg
XRF982DM,드라이온리 39,2025-10-7,셔츠류,https://cloudfront.laundrygo.com/smartfactory/smartfactory_20251008102110_df61f56080d5464eb87e3d17950d3d83.jpeg
XRF982DM,드라이온리 39,2025-10-18,셔츠류,https://cloudfront.laundrygo.com/smartfactory/smartfactory_20251019032603_fb750b97edb140cb949665a59662c166.jpeg
XRF982DM,드라이온리 39,2025-10-18,셔츠류,https://cloudfront.laundrygo.com/smartfactory/smartfactory_20251019032603_b6587e243806423792723cecd304f677.jpeg
XRF982DM,드라이온리 39,2025-10-18,셔츠류,https://cloudfront.laundrygo.com/smartfactory/smartfactory_20251019032603_82eaad77f6614861899e4ef1cc4ba199.jpeg
XRF982DM,드라이온리 39,2025-10-31,셔츠류,https://cloudfront.laundrygo.com/smartfactory/smartfactory_20251101070407_c2c97441b58d4fbcb39c7f4188773930.jpeg
XRF982DM,드라이온리 39,2025-10-31,셔츠류,https://cloudfront.laundrygo.com/smartfactory/smartfactory_20251101070407_feb9f8abbe3c4d8187f04f46a1663a17.jpeg
XRF982DM,드라이온리 39,2025-10-31,셔츠류,https://cloudfront.laundrygo.com/smartfactory/smartfactory_20251101070407_6dc319df607e4af496e26139e109af58.jpeg
XRF982DM,드라이온리 39,2025-10-31,셔츠류,https://cloudfront.laundrygo.com/smartfactory/smartfactory_20251101070307_916bf40b979e4ea1a7c5a6bf65aff7d4.jpeg
XRF982DM,드라이온리 39,2025-11-8,셔츠류,https://cloudfront.laundrygo.com/smartfactory/smartfactory_20251109101310_3f225d5ac74d453e9d95366c8c6dd088.jpeg
XRF982DM,드라이온리 39,2025-11-22,셔츠류,https://cloudfront.laundrygo.com/smartfactory/smartfactory_20251123091509_8689b3a5c8f34f098150b88d61d0e415.jpeg
XRF982DM,드라이온리 39,2025-11-22,셔츠류,https://cloudfront.laundrygo.com/smartfactory/smartfactory_20251123091609_1a19e6c5e28c41b89ee763785633b144.jpeg
MP8TGUG9,자유이용서비스,2025-10-31,셔츠류,https://cloudfront.laundrygo.com/smartfactory/smartfactory_20251101095909_4884be9627a44fcbb851c51a8c10b47f.jpeg
VNC7PULD,드라이온리 68,2025-9-19,셔츠류,https://cloudfront.laundrygo.com/smartfactory/smartfactory_20250920030903_8047663bd4ac460fad20e0d2f0a45c8a.jpeg
VNC7PULD,드라이온리 68,2025-9-19,셔츠류,https://cloudfront.laundrygo.com/smartfactory/smartfactory_20250920031003_f5f9e217210f4b92bdf343cb018b3d64.jpeg
VNC7PULD,드라이온리 68,2025-10-2,셔츠류,https://cloudfront.laundrygo.com/smartfactory/smartfactory_20251003024302_29f14a1669f7415eab5d321527ff5dda.jpeg
VNC7PULD,드라이온리 68,2025-10-2,셔츠류,https://cloudfront.laundrygo.com/smartfactory/smartfactory_20251003024602_2bcf2f48462246c89adde50259a23692.jpeg
VNC7PULD,드라이온리 68,2025-10-2,셔츠류,https://cloudfront.laundrygo.com/smartfactory/smartfactory_20251003024402_b8642c80adfb46eeb8866b0d7537acad.jpeg
VNC7PULD,드라이온리 68,2025-10-22,셔츠류,https://cloudfront.laundrygo.com/smartfactory/smartfactory_20251023032003_8450f9a9c3e44b5cb61d174b6d619ff0.jpeg
VNC7PULD,드라이온리 68,2025-11-1,셔츠류,https://cloudfront.laundrygo.com/smartfactory/smartfactory_20251102030103_ed22813a54b749058f91be6b71349e4f.jpeg
FEDANAGN,자유이용서비스,2025-10-13,셔츠류,https://cloudfront.laundrygo.com/smartfactory/smartfactory_20251016135813_52eab215cb2f4a0a936d20e496e13f5f.jpeg
FEDANAGN,자유이용서비스,2025-10-13,셔츠류,https://cloudfront.laundrygo.com/smartfactory/smartfactory_20251016140014_0b80a3fcda1f462e94b2787e18f43b4b.jpeg
FEDANAGN,자유이용서비스,2025-10-13,셔츠류,https://cloudfront.laundrygo.com/smartfactory/smartfactory_20251016140014_ffce4c759f654c33a4b3e4ecbb743a59.jpeg
FEDANAGN,자유이용서비스,2025-10-13,셔츠류,https://cloudfront.laundrygo.com/smartfactory/smartfactory_20251016135913_5debbb60210343589e950238fbdb36c0.jpeg
FEDANAGN,자유이용서비스,2025-11-17,셔츠류,https://cloudfront.laundrygo.com/smartfactory/smartfactory_20251118175017_21dbe34406754083a12c3487aa371c04.jpeg
FEDANAGN,자유이용서비스,2025-11-17,셔츠류,https://cloudfront.laundrygo.com/smartfactory/smartfactory_20251118175017_304df4c2e6444bb087115ad6061350a5.jpeg
FEDANAGN,자유이용서비스,2025-11-17,셔츠류,https://cloudfront.laundrygo.com/smartfactory/smartfactory_20251118175117_65edf317cff742d38fb2b7aea7737e63.jpeg
6UY4WJUN,자유이용서비스,2025-9-6,셔츠류,https://cloudfront.laundrygo.com/smartfactory/smartfactory_20250907000800_d381f03b572c42d088935a87de3dac26.jpeg
6UY4WJUN,자유이용서비스,2025-10-9,셔츠류,https://cloudfront.laundrygo.com/smartfactory/smartfactory_20251010093409_ccbf08c6fbc147f1b0c66170bd8a5588.jpeg
6UY4WJUN,자유이용서비스,2025-10-9,셔츠류,https://cloudfront.laundrygo.com/smartfactory/smartfactory_20251010093409_3c1e6fb3ebb041f390278d9013d6726e.jpeg
6UY4WJUN,자유이용서비스,2025-10-9,셔츠류,https://cloudfront.laundrygo.com/smartfactory/smartfactory_20251010093509_8e6d4b60e5af4167b9fada8c971e5369.jpeg
6UY4WJUN,자유이용서비스,2025-10-9,셔츠류,https://cloudfront.laundrygo.com/smartfactory/smartfactory_20251010093509_e92ec0947d474145ac5039a3db8cb4e1.jpeg
4JAPMZ8H,런드리고X 베이직,2025-8-24,셔츠류,https://cloudfront.laundrygo.com/smartfactory/smartfactory_20250825054105_550c4525559649ebbe0bcf3b58cd96db.jpeg
4JAPMZ8H,런드리고X 베이직,2025-9-7,셔츠류,https://cloudfront.laundrygo.com/smartfactory/smartfactory_20250908055805_1db993633fa84461b59a02ce845be297.jpeg
4JAPMZ8H,런드리고X 베이직,2025-9-28,셔츠류,https://cloudfront.laundrygo.com/smartfactory/smartfactory_20250929063606_45e6846608df4e82b17769de8d19a8fc.jpeg
4JAPMZ8H,런드리고X 베이직,2025-10-23,셔츠류,https://cloudfront.laundrygo.com/smartfactory/smartfactory_20251024085208_93b744079cbd43179409f9c28a5edc81.jpeg
4JAPMZ8H,런드리고X 베이직,2025-10-23,셔츠류,https://cloudfront.laundrygo.com/smartfactory/smartfactory_20251024085008_16c87475f7744ba8a3cd3310db1da03e.jpeg
4JAPMZ8H,런드리고X 베이직,2025-10-23,셔츠류,https://cloudfront.laundrygo.com/smartfactory/smartfactory_20251024085308_43f0de3aab7d48b088a1678a06a054bd.jpeg
4JAPMZ8H,런드리고X 베이직,2025-10-23,셔츠류,https://cloudfront.laundrygo.com/smartfactory/smartfactory_20251024085308_12a4b83b5a464b03818ed1efc03c2243.jpeg
NA5J7CJ4,자유이용서비스,2025-8-31,셔츠류,https://cloudfront.laundrygo.com/smartfactory/smartfactory_20250902093609_6394ae99bfce4d60bc7795f57e32bb27.jpeg
NA5J7CJ4,자유이용서비스,2025-8-31,셔츠류,https://cloudfront.laundrygo.com/smartfactory/smartfactory_20250902093509_8c716801bd804a1795f143c010e673ba.jpeg
NA5J7CJ4,자유이용서비스,2025-8-31,셔츠류,https://cloudfront.laundrygo.com/smartfactory/smartfactory_20250902093609_ca0ef2b4418f44fcbb05385255ff6ace.jpeg
NA5J7CJ4,자유이용서비스,2025-9-22,셔츠류,https://cloudfront.laundrygo.com/smartfactory/smartfactory_20250925160216_d1bce036b8754efdabf5b68f63b83107.jpeg
NA5J7CJ4,자유이용서비스,2025-9-22,셔츠류,https://cloudfront.laundrygo.com/smartfactory/smartfactory_20250925160216_4b01e66180744fb0a87e5c2b5761db65.jpeg
NA5J7CJ4,자유이용서비스,2025-9-22,셔츠류,https://cloudfront.laundrygo.com/smartfactory/smartfactory_20250925160316_691860c9023b4e61bf9b4a6982711e0e.jpeg
NA5J7CJ4,자유이용서비스,2025-10-12,셔츠류,https://cloudfront.laundrygo.com/smartfactory/smartfactory_20251014173617_9ecb561a81014111b409f90ae47b8a4a.jpeg
NA5J7CJ4,자유이용서비스,2025-10-12,셔츠류,https://cloudfront.laundrygo.com/smartfactory/smartfactory_20251014173717_c52a003a150b43038ad0492a93775848.jpeg
NA5J7CJ4,자유이용서비스,2025-10-12,셔츠류,https://cloudfront.laundrygo.com/smartfactory/smartfactory_20251014173717_603b5d1b0e824db59e107a5b0d7f6e5d.jpeg
NA5J7CJ4,자유이용서비스,2025-10-24,셔츠류,https://cloudfront.laundrygo.com/smartfactory/smartfactory_20251028172917_35bd5ffe72e74df9a6bac37df35e7358.jpeg
NA5J7CJ4,자유이용서비스,2025-10-24,셔츠류,https://cloudfront.laundrygo.com/smartfactory/smartfactory_20251028173017_b4839c56dfed485db5a4e8b3c570fe87.jpeg
NA5J7CJ4,자유이용서비스,2025-10-24,셔츠류,https://cloudfront.laundrygo.com/smartfactory/smartfactory_20251028173017_c41d007e33574f67bff1920352f22dba.jpeg
NA5J7CJ4,자유이용서비스,2025-10-24,셔츠류,https://cloudfront.laundrygo.com/smartfactory/smartfactory_20251028172917_688d698c5e19477097814d2c726c60ae.jpeg
TW8R372U,와이셔츠&드라이 56,2025-9-4,셔츠류,https://cloudfront.laundrygo.com/smartfactory/smartfactory_20250905081608_a125cca47d6245b1affab2b7d659cd04.jpeg
TW8R372U,와이셔츠&드라이 56,2025-9-4,셔츠류,https://cloudfront.laundrygo.com/smartfactory/smartfactory_20250905081708_fb7691277b0d4cbeaf6c9b124c54fa9d.jpeg
TW8R372U,와이셔츠&드라이 56,2025-9-4,셔츠류,https://cloudfront.laundrygo.com/smartfactory/smartfactory_20250905081808_447eb00ae7e54c38b84302476cb976c0.jpeg
TW8R372U,와이셔츠&드라이 56,2025-9-4,셔츠류,https://cloudfront.laundrygo.com/smartfactory/smartfactory_20250905081808_4cb199422e1e4d15948a8094337a28bf.jpeg
TW8R372U,와이셔츠&드라이 56,2025-9-4,셔츠류,https://cloudfront.laundrygo.com/smartfactory/smartfactory_20250905081908_cebe7c87f8394efd92125f926dd18a83.jpeg
TW8R372U,와이셔츠&드라이 56,2025-9-4,셔츠류,https://cloudfront.laundrygo.com/smartfactory/smartfactory_20250905081908_c853758848624851bda888dbeeb91528.jpeg
TW8R372U,와이셔츠&드라이 56,2025-9-4,셔츠류,https://cloudfront.laundrygo.com/smartfactory/smartfactory_20250905081708_a7c7a6b341044dddb426c2d48e5c153a.jpeg
TW8R372U,와이셔츠&드라이 56,2025-9-4,셔츠류,https://cloudfront.laundrygo.com/smartfactory/smartfactory_20250905081908_100c04f2ab8a459f855c8516f784ae25.jpeg
TW8R372U,와이셔츠&드라이 56,2025-9-27,셔츠류,https://cloudfront.laundrygo.com/smartfactory/smartfactory_20250928071807_d7e20a881f1e4bca95cd8d584d5d1338.jpeg
TW8R372U,와이셔츠&드라이 56,2025-9-27,셔츠류,https://cloudfront.laundrygo.com/smartfactory/smartfactory_20250928071907_4ce8450dce1f4e5490c05f639921b953.jpeg
TW8R372U,와이셔츠&드라이 56,2025-9-27,셔츠류,https://cloudfront.laundrygo.com/smartfactory/smartfactory_20250928072007_c0e2b75ebc4d447a853f5d91b3c8f9b2.jpeg
TW8R372U,와이셔츠&드라이 56,2025-9-27,셔츠류,https://cloudfront.laundrygo.com/smartfactory/smartfactory_20250928072107_773675c919d24ba49bb71159994c2f46.jpeg
TW8R372U,와이셔츠&드라이 56,2025-9-27,셔츠류,https://cloudfront.laundrygo.com/smartfactory/smartfactory_20250928072207_ff16559ea47b49488ff37c3cebfb1c35.jpeg
TW8R372U,와이셔츠&드라이 56,2025-9-27,셔츠류,https://cloudfront.laundrygo.com/smartfactory/smartfactory_20250928072207_db4be2ba93114794b5dc789155acefd0.jpeg
TW8R372U,와이셔츠&드라이 56,2025-9-27,셔츠류,https://cloudfront.laundrygo.com/smartfactory/smartfactory_20250928071907_4d68023ee732450e94ff2f3a7bd8a31d.jpeg
TW8R372U,와이셔츠&드라이 56,2025-9-27,셔츠류,https://cloudfront.laundrygo.com/smartfactory/smartfactory_20250928072107_1339765fbf1848c5bb1a435b892aeed8.jpeg
TW8R372U,와이셔츠&드라이 56,2025-10-12,셔츠류,https://cloudfront.laundrygo.com/smartfactory/smartfactory_20251013073607_55d5256a96a74404b74b365941ce7a10.jpeg
TW8R372U,와이셔츠&드라이 56,2025-10-12,셔츠류,https://cloudfront.laundrygo.com/smartfactory/smartfactory_20251013073707_9c0be992bd024807a15a90799056a57f.jpeg
TW8R372U,와이셔츠&드라이 56,2025-10-12,셔츠류,https://cloudfront.laundrygo.com/smartfactory/smartfactory_20251013073907_152da248930042f9a296455d1697ca9a.jpeg
TW8R372U,와이셔츠&드라이 56,2025-10-12,셔츠류,https://cloudfront.laundrygo.com/smartfactory/smartfactory_20251013073707_3c6e27f6315a4ac0892fc1bc39383a55.jpeg
TW8R372U,와이셔츠&드라이 56,2025-10-12,셔츠류,https://cloudfront.laundrygo.com/smartfactory/smartfactory_20251013073807_9a3083c91dcd4318a403de8e62d98185.jpeg
TW8R372U,와이셔츠&드라이 56,2025-10-12,셔츠류,https://cloudfront.laundrygo.com/smartfactory/smartfactory_20251013073807_1a21a37b82604556b0f6d8b6a9e8c901.jpeg
TW8R372U,와이셔츠&드라이 56,2025-10-28,셔츠류,https://cloudfront.laundrygo.com/smartfactory/smartfactory_20251030140914_60c2a5a9ea0849dfada2d7dbd0bec86b.jpeg
TW8R372U,와이셔츠&드라이 56,2025-10-28,셔츠류,https://cloudfront.laundrygo.com/smartfactory/smartfactory_20251030141314_f3a5169a370144d3aab299e71bd0f42c.jpeg
TW8R372U,와이셔츠&드라이 56,2025-10-28,셔츠류,https://cloudfront.laundrygo.com/smartfactory/smartfactory_20251030141414_fdb7c5844e6342f792c5bd9c0a198159.jpeg
TW8R372U,와이셔츠&드라이 56,2025-10-28,셔츠류,https://cloudfront.laundrygo.com/smartfactory/smartfactory_20251030141414_83a4e7421c7f4804b286a0f175a3936b.jpeg
TW8R372U,와이셔츠&드라이 56,2025-10-28,셔츠류,https://cloudfront.laundrygo.com/smartfactory/smartfactory_20251030141314_bd71ee8269b048ba9aa14c1cf98d88cc.jpeg
TW8R372U,와이셔츠&드라이 56,2025-11-19,셔츠류,https://cloudfront.laundrygo.com/smartfactory/smartfactory_20251120003700_b2b064a0158043dc8375f63f60bf5449.jpeg
TW8R372U,와이셔츠&드라이 56,2025-11-19,셔츠류,https://cloudfront.laundrygo.com/smartfactory/smartfactory_20251120003800_887ff497f8a14f388a5fb0957a71dd55.jpeg
TW8R372U,와이셔츠&드라이 56,2025-11-19,셔츠류,https://cloudfront.laundrygo.com/smartfactory/smartfactory_20251120003800_2f7d5158bbb247c7bbb49518999c73f1.jpeg
TW8R372U,와이셔츠&드라이 56,2025-11-19,셔츠류,https://cloudfront.laundrygo.com/smartfactory/smartfactory_20251120003900_a3b0b0efd4794c65b17b309bb2856fbb.jpeg
TW8R372U,와이셔츠&드라이 56,2025-11-19,셔츠류,https://cloudfront.laundrygo.com/smartfactory/smartfactory_20251120003900_48540ce8970f4921a58028a634e3fa41.jpeg
TW8R372U,와이셔츠&드라이 56,2025-11-19,셔츠류,https://cloudfront.laundrygo.com/smartfactory/smartfactory_20251120004000_f7dcd6415b8b406f923a7bcc926314b5.jpeg
TW8R372U,와이셔츠&드라이 56,2025-11-19,셔츠류,https://cloudfront.laundrygo.com/smartfactory/smartfactory_20251120004000_7d607ad7625444fb9cb8a15fe8fc02db.jpeg
TW8R372U,와이셔츠&드라이 56,2025-11-19,셔츠류,https://cloudfront.laundrygo.com/smartfactory/smartfactory_20251120003900_b205e48376174ffa810248c6730575e2.jpeg
7CVFXHK2,런드리&드라이 64,2025-9-30,셔츠류,https://cloudfront.laundrygo.com/smartfactory/smartfactory_20251001002600_4a260c1d89414b1ca50c81e04bdd4a91.jpeg
7CVFXHK2,런드리&드라이 64,2025-10-15,셔츠류,https://cloudfront.laundrygo.com/smartfactory/smartfactory_20251016012601_dce48cb1424c47a19783cddb904d6214.jpeg
7CVFXHK2,런드리&드라이 64,2025-10-15,셔츠류,https://cloudfront.laundrygo.com/smartfactory/smartfactory_20251016012701_de6cced8128b4ea085e52713d3b3a833.jpeg
7CVFXHK2,런드리&드라이 64,2025-11-22,셔츠류,https://cloudfront.laundrygo.com/smartfactory/smartfactory_20251123000800_5d91b98a473047a8a8da840d0aeaafeb.jpeg
5JFGZRVY,드라이온리 39,2025-10-17,셔츠류,https://cloudfront.laundrygo.com/smartfactory/smartfactory_20251018052405_8b9eb23eb1cf4d8e89cd4f9a94671191.jpeg
5JFGZRVY,드라이온리 39,2025-10-28,셔츠류,https://cloudfront.laundrygo.com/smartfactory/smartfactory_20251029084508_967931bc5bbb44e6a631d6744217191b.jpeg
5JFGZRVY,드라이온리 39,2025-11-6,셔츠류,https://cloudfront.laundrygo.com/smartfactory/smartfactory_20251107055205_571e952f18c2453096e478dc9871288a.jpeg
WQ4CZP6L,자유이용서비스,2025-11-7,셔츠류,https://cloudfront.laundrygo.com/smartfactory/smartfactory_20251108093909_92970548c37d4548ab36ff8aaf7d4f4c.jpeg
T2GS7NZY,자유이용서비스,2025-8-31,셔츠류,https://cloudfront.laundrygo.com/smartfactory/smartfactory_20250901022802_43672bb28b9448a58c9e4a30596bd44f.jpeg
T2GS7NZY,자유이용서비스,2025-8-31,셔츠류,https://cloudfront.laundrygo.com/smartfactory/smartfactory_20250901022802_167b00d8769444faba7763b7360c43fc.jpeg
T2GS7NZY,자유이용서비스,2025-8-31,셔츠류,https://cloudfront.laundrygo.com/smartfactory/smartfactory_20250901022902_4a59a5a10d6f4b28ae883c0f1cc0a147.jpeg
T2GS7NZY,자유이용서비스,2025-8-31,셔츠류,https://cloudfront.laundrygo.com/smartfactory/smartfactory_20250901022902_bc0c9fbf6dad440e9d5b4976cbf36d4f.jpeg
T2GS7NZY,자유이용서비스,2025-8-31,셔츠류,https://cloudfront.laundrygo.com/smartfactory/smartfactory_20250901022902_a0c342534b2d489ea0cb51f67630e009.jpeg
T2GS7NZY,자유이용서비스,2025-8-31,셔츠류,https://cloudfront.laundrygo.com/smartfactory/smartfactory_20250901022802_4234b27fafe448a6a5c7a7cf895e4502.jpeg
T2GS7NZY,자유이용서비스,2025-8-31,셔츠류,https://cloudfront.laundrygo.com/smartfactory/smartfactory_20250901022902_332057ee363943b28f5f38c2b5bf567a.jpeg
T2GS7NZY,자유이용서비스,2025-9-19,셔츠류,https://cloudfront.laundrygo.com/smartfactory/smartfactory_20250920023502_e7baedb7914b44a4bda9e9d74e645380.jpeg
T2GS7NZY,자유이용서비스,2025-9-19,셔츠류,https://cloudfront.laundrygo.com/smartfactory/smartfactory_20250920023502_33d9e292e6a34915b7d4f8ed1d8cb57d.jpeg
T2GS7NZY,자유이용서비스,2025-9-19,셔츠류,https://cloudfront.laundrygo.com/smartfactory/smartfactory_20250920023602_40d04f61ba1747f0aecfd9fd09368e5b.jpeg
T2GS7NZY,자유이용서비스,2025-9-19,셔츠류,https://cloudfront.laundrygo.com/smartfactory/smartfactory_20250920023602_8c74ed391dbd456c91c1589d32de421b.jpeg
T2GS7NZY,자유이용서비스,2025-9-19,셔츠류,https://cloudfront.laundrygo.com/smartfactory/smartfactory_20250920023602_e697b617336445fd88f48501873b94a2.jpeg
T2GS7NZY,자유이용서비스,2025-9-19,셔츠류,https://cloudfront.laundrygo.com/smartfactory/smartfactory_20250920023602_9f427b1ba19449bdb6e356098fdee553.jpeg
T2GS7NZY,자유이용서비스,2025-9-19,셔츠류,https://cloudfront.laundrygo.com/smartfactory/smartfactory_20250920023702_168c9453fb4e47779f24b71af668cab9.jpeg
T2GS7NZY,자유이용서비스,2025-9-19,셔츠류,https://cloudfront.laundrygo.com/smartfactory/smartfactory_20250920023802_60bcaf72e850451ab3fedbb18d816e9f.jpeg
T2GS7NZY,자유이용서비스,2025-9-19,셔츠류,https://cloudfront.laundrygo.com/smartfactory/smartfactory_20250920023802_93583a0b37394930b5ad5a3b36c9ec4b.jpeg
T2GS7NZY,자유이용서비스,2025-9-19,셔츠류,https://cloudfront.laundrygo.com/smartfactory/smartfactory_20250920023502_ee849c9f9e024dc69140d13a9991eef5.jpeg
T2GS7NZY,자유이용서비스,2025-9-19,셔츠류,https://cloudfront.laundrygo.com/smartfactory/smartfactory_20250920023702_6875f33bdb344c32aefc887b7ce8bf33.jpeg
T2GS7NZY,자유이용서비스,2025-9-19,셔츠류,https://cloudfront.laundrygo.com/smartfactory/smartfactory_20250920023702_3640ec7b9c38491b87ee23c769cca318.jpeg
T2GS7NZY,자유이용서비스,2025-9-19,셔츠류,https://cloudfront.laundrygo.com/smartfactory/smartfactory_20250920023802_647ef6de7bcc42238b662f52f888fc76.jpeg
T2GS7NZY,자유이용서비스,2025-9-27,셔츠류,https://cloudfront.laundrygo.com/smartfactory/smartfactory_20250928035603_2f02b87871764e0a9200d8345029d569.jpeg
T2GS7NZY,자유이용서비스,2025-9-27,셔츠류,https://cloudfront.laundrygo.com/smartfactory/smartfactory_20250928035703_91da09d5372941c7a76d02afad15596b.jpeg
T2GS7NZY,자유이용서비스,2025-9-27,셔츠류,https://cloudfront.laundrygo.com/smartfactory/smartfactory_20250928035603_0a81a3a9184642e19aae74c924af4e74.jpeg
T2GS7NZY,자유이용서비스,2025-9-27,셔츠류,https://cloudfront.laundrygo.com/smartfactory/smartfactory_20250928050105_f453df035573491b9c5e58562fade007.jpeg
T2GS7NZY,자유이용서비스,2025-9-27,셔츠류,https://cloudfront.laundrygo.com/smartfactory/smartfactory_20250928050105_271e689d5d894f84a8b195826698a136.jpeg
T2GS7NZY,자유이용서비스,2025-10-13,셔츠류,https://cloudfront.laundrygo.com/smartfactory/smartfactory_20251014012301_dceefb35220a49148ffdf1eec30ba246.jpeg
T2GS7NZY,자유이용서비스,2025-10-13,셔츠류,https://cloudfront.laundrygo.com/smartfactory/smartfactory_20251014012301_a2d99d3640f141cb879eac3ea4deac86.jpeg
T2GS7NZY,자유이용서비스,2025-10-13,셔츠류,https://cloudfront.laundrygo.com/smartfactory/smartfactory_20251014012301_ebb7697f89cf41a1aeea0453081d5216.jpeg
T2GS7NZY,자유이용서비스,2025-10-13,셔츠류,https://cloudfront.laundrygo.com/smartfactory/smartfactory_20251014012401_9097d06cec6a49169297d97481a4936b.jpeg
T2GS7NZY,자유이용서비스,2025-10-13,셔츠류,https://cloudfront.laundrygo.com/smartfactory/smartfactory_20251014012401_d5ae549d80f94a8592b73fcc592c9085.jpeg
T2GS7NZY,자유이용서비스,2025-10-13,셔츠류,https://cloudfront.laundrygo.com/smartfactory/smartfactory_20251014012401_d243946112c24aaa9744dfaae64f7d6b.jpeg
T2GS7NZY,자유이용서비스,2025-10-13,셔츠류,https://cloudfront.laundrygo.com/smartfactory/smartfactory_20251014012401_5bd33b8a4fad45f4aa18d90204ba70ee.jpeg
T2GS7NZY,자유이용서비스,2025-10-13,셔츠류,https://cloudfront.laundrygo.com/smartfactory/smartfactory_20251014012401_8c5bddbcc0684f9bb64bbcb5581e73c7.jpeg
T2GS7NZY,자유이용서비스,2025-10-25,셔츠류,https://cloudfront.laundrygo.com/smartfactory/smartfactory_20251029121812_c60e1d44c36a403daf14f2d6d2015603.jpeg
T2GS7NZY,자유이용서비스,2025-10-25,셔츠류,https://cloudfront.laundrygo.com/smartfactory/smartfactory_20251029121812_a093fb601c5c4f6eae62c984c1398b93.jpeg
T2GS7NZY,자유이용서비스,2025-10-25,셔츠류,https://cloudfront.laundrygo.com/smartfactory/smartfactory_20251029121912_bcc15078cd2e4962874f27f215060b30.jpeg
T2GS7NZY,자유이용서비스,2025-10-25,셔츠류,https://cloudfront.laundrygo.com/smartfactory/smartfactory_20251029121912_6dcb881010a146d78d55b6e503a5ece1.jpeg
T2GS7NZY,자유이용서비스,2025-10-25,셔츠류,https://cloudfront.laundrygo.com/smartfactory/smartfactory_20251029122012_79053754fe3140f9b2032bc2b617f47c.jpeg
T2GS7NZY,자유이용서비스,2025-10-25,셔츠류,https://cloudfront.laundrygo.com/smartfactory/smartfactory_20251029122012_d486057029744101b7ab8840ac1b3312.jpeg
T2GS7NZY,자유이용서비스,2025-10-25,셔츠류,https://cloudfront.laundrygo.com/smartfactory/smartfactory_20251029122112_1f31504a34304db4b0723f5f30ffdf9c.jpeg
T2GS7NZY,자유이용서비스,2025-11-14,셔츠류,https://cloudfront.laundrygo.com/smartfactory/smartfactory_20251115095209_0aadfdc0c8494a9199e5240a357edfba.jpeg
T2GS7NZY,자유이용서비스,2025-11-14,셔츠류,https://cloudfront.laundrygo.com/smartfactory/smartfactory_20251115095209_2db710b8cd93476c950ccc3d2cd77d6f.jpeg
T2GS7NZY,자유이용서비스,2025-11-14,셔츠류,https://cloudfront.laundrygo.com/smartfactory/smartfactory_20251115095309_0da509bc92844515ae4e6529aabf73fe.jpeg
T2GS7NZY,자유이용서비스,2025-11-14,셔츠류,https://cloudfront.laundrygo.com/smartfactory/smartfactory_20251115095309_58e6122ea9e9441e937a0709d2e7b472.jpeg
T2GS7NZY,자유이용서비스,2025-11-14,셔츠류,https://cloudfront.laundrygo.com/smartfactory/smartfactory_20251115095309_79298bbb02634b5a9d5160285847e03a.jpeg
T2GS7NZY,자유이용서비스,2025-11-14,셔츠류,https://cloudfront.laundrygo.com/smartfactory/smartfactory_20251115095409_d61557ea18674ab6b8fad5fcebc42472.jpeg
T2GS7NZY,자유이용서비스,2025-11-14,셔츠류,https://cloudfront.laundrygo.com/smartfactory/smartfactory_20251115095409_b26c8d6c046e47bd8a62557343841cc4.jpeg
T2GS7NZY,자유이용서비스,2025-11-14,셔츠류,https://cloudfront.laundrygo.com/smartfactory/smartfactory_20251115095409_5ce7c349976c4c96bdc2b62bceb79452.jpeg
T2GS7NZY,자유이용서비스,2025-11-14,셔츠류,https://cloudfront.laundrygo.com/smartfactory/smartfactory_20251115095509_6cc6750e714849f0bd08d365f3b8aa6d.jpeg
T2GS7NZY,자유이용서비스,2025-11-14,셔츠류,https://cloudfront.laundrygo.com/smartfactory/smartfactory_20251115095509_b8f519216684430b8db40384568e7030.jpeg
P108UFK1,드라이온리 62,2025-10-22,셔츠류,https://cloudfront.laundrygo.com/smartfactory/smartfactory_20251023000800_4ced2026d8314a29b3b182947c58385b.jpeg
P108UFK1,드라이온리 62,2025-10-25,셔츠류,https://cloudfront.laundrygo.com/smartfactory/smartfactory_20251026095809_2c56e4f4aeae40ea977175d4abf9320c.jpeg
P108UFK1,드라이온리 62,2025-11-18,셔츠류,https://cloudfront.laundrygo.com/smartfactory/smartfactory_20251119063506_ad2c8ffbf58244e7af8ae9ae7387f446.jpeg
M5HTNKBB,드라이온리 58,2025-9-12,셔츠류,https://cloudfront.laundrygo.com/smartfactory/smartfactory_20250913051905_fcb5c5ac4ffe44c185b0b84fa78e7601.jpeg
M5HTNKBB,드라이온리 58,2025-10-9,셔츠류,https://cloudfront.laundrygo.com/smartfactory/smartfactory_20251010031703_dd9cb2ae19944586847a2945a044d5da.jpeg
M5HTNKBB,드라이온리 58,2025-10-9,셔츠류,https://cloudfront.laundrygo.com/smartfactory/smartfactory_20251010031903_215dd3ca5e784883acfbf3e62554439e.jpeg
M5HTNKBB,드라이온리 58,2025-11-11,셔츠류,https://cloudfront.laundrygo.com/smartfactory/smartfactory_20251112003000_9718ad5967554119a3caf6334f15865d.jpeg
M5HTNKBB,드라이온리 58,2025-11-11,셔츠류,https://cloudfront.laundrygo.com/smartfactory/smartfactory_20251112003000_58bf109d82754e1bb4de42915057a435.jpeg
M0JDW0GW,자유이용서비스,2025-9-1,셔츠류,https://cloudfront.laundrygo.com/smartfactory/smartfactory_20250903081208_b468f231bc634701980c5c3f955765f0.jpeg
M0JDW0GW,자유이용서비스,2025-9-1,셔츠류,https://cloudfront.laundrygo.com/smartfactory/smartfactory_20250903081308_cf29a6e8ca0542f495181c92b96c830f.jpeg
M0JDW0GW,자유이용서비스,2025-9-1,셔츠류,https://cloudfront.laundrygo.com/smartfactory/smartfactory_20250903081108_09ac1c559a1647c597d9bdc590f79ffe.jpeg
M0JDW0GW,자유이용서비스,2025-9-1,셔츠류,https://cloudfront.laundrygo.com/smartfactory/smartfactory_20250903081208_38efd9ebac5f43feb1dbfd3883c7404c.jpeg
M0JDW0GW,자유이용서비스,2025-11-14,셔츠류,https://cloudfront.laundrygo.com/smartfactory/smartfactory_20251115114911_7a5d97f539584624bd3673c3ed1cde04.jpeg
8REKS751,런드리고X 스탠다드,2025-8-27,셔츠류,https://cloudfront.laundrygo.com/smartfactory/smartfactory_20250828052405_641ae8ac0ffe4e169fcc5697b198f008.jpeg
8REKS751,런드리고X 스탠다드,2025-8-27,셔츠류,https://cloudfront.laundrygo.com/smartfactory/smartfactory_20250828052405_47f9e0f619f04385889cade2c98cb6b0.jpeg
8REKS751,런드리고X 스탠다드,2025-8-27,셔츠류,https://cloudfront.laundrygo.com/smartfactory/smartfactory_20250828052505_52c485f715ef48508e37a8bed5e4324d.jpeg
8REKS751,런드리고X 스탠다드,2025-8-27,셔츠류,https://cloudfront.laundrygo.com/smartfactory/smartfactory_20250828052505_2222d8e38f0f44c088d9e88526e0f101.jpeg
8REKS751,런드리고X 스탠다드,2025-9-8,셔츠류,https://cloudfront.laundrygo.com/smartfactory/smartfactory_20250909060306_d00882158e214bbd985ac6bc81a9a778.jpeg
8REKS751,런드리고X 스탠다드,2025-9-8,셔츠류,https://cloudfront.laundrygo.com/smartfactory/smartfactory_20250909060306_583d7df5bee24b1183c419745bf2415b.jpeg
8REKS751,런드리고X 스탠다드,2025-10-15,셔츠류,https://cloudfront.laundrygo.com/smartfactory/smartfactory_20251016075607_6fa172808287480d8a4d279bc67838cb.jpeg
8REKS751,런드리고X 스탠다드,2025-10-15,셔츠류,https://cloudfront.laundrygo.com/smartfactory/smartfactory_20251016080208_b3903723416c482e822bb5552b042b7b.jpeg
8REKS751,런드리고X 스탠다드,2025-11-5,셔츠류,https://cloudfront.laundrygo.com/smartfactory/smartfactory_20251106084008_b767e0d19d8e48709b9d1b2a16cf39ce.jpeg
8REKS751,런드리고X 스탠다드,2025-11-5,셔츠류,https://cloudfront.laundrygo.com/smartfactory/smartfactory_20251106084408_eb1a35745e764738b56c43678b259123.jpeg
8REKS751,런드리고X 스탠다드,2025-11-19,셔츠류,https://cloudfront.laundrygo.com/smartfactory/smartfactory_20251120072107_10749b67392945a6a1793619ab4a33f6.jpeg
MPA1088C,자유이용서비스,2025-11-7,셔츠류,https://cloudfront.laundrygo.com/smartfactory/smartfactory_20251109142414_95f3ab1cbaa94b77b33dd00b64d8f070.jpeg
9EOLA1LK,드라이온리 68,2025-8-31,셔츠류,https://cloudfront.laundrygo.com/smartfactory/smartfactory_20250901054005_07232340efe840769a2ebbb46c22ebfb.jpeg
9EOLA1LK,드라이온리 68,2025-8-31,셔츠류,https://cloudfront.laundrygo.com/smartfactory/smartfactory_20250901054005_0df4e6044e9a485b9e0727eb1701c65f.jpeg
9EOLA1LK,드라이온리 68,2025-8-31,셔츠류,https://cloudfront.laundrygo.com/smartfactory/smartfactory_20250901054005_92b9240398f6491e98a9209c6f446387.jpeg
9EOLA1LK,드라이온리 68,2025-8-31,셔츠류,https://cloudfront.laundrygo.com/smartfactory/smartfactory_20250901054105_4eb3449ced0641d1ba52dece655b0275.jpeg
9EOLA1LK,드라이온리 68,2025-8-31,셔츠류,https://cloudfront.laundrygo.com/smartfactory/smartfactory_20250901054105_4145f3c804d640f8b15f00cebe3d9286.jpeg
9EOLA1LK,드라이온리 68,2025-8-31,셔츠류,https://cloudfront.laundrygo.com/smartfactory/smartfactory_20250901054105_b9c90965149f4c9e81f0c3ba24fc32ad.jpeg
9EOLA1LK,드라이온리 68,2025-8-31,셔츠류,https://cloudfront.laundrygo.com/smartfactory/smartfactory_20250901054205_4a590f83ec5943bfb2b6486170c0c8d4.jpeg
9EOLA1LK,드라이온리 68,2025-8-31,셔츠류,https://cloudfront.laundrygo.com/smartfactory/smartfactory_20250901054205_6cb588d4fb514601a3b77b95b9e4d4c2.jpeg
9EOLA1LK,드라이온리 68,2025-8-31,셔츠류,https://cloudfront.laundrygo.com/smartfactory/smartfactory_20250901054205_f341e92085a540c9aaa7a9548b66ef1d.jpeg
9EOLA1LK,드라이온리 68,2025-8-31,셔츠류,https://cloudfront.laundrygo.com/smartfactory/smartfactory_20250901054305_5b385af1244744b2b80eb6e9abdfa7a8.jpeg
9EOLA1LK,드라이온리 68,2025-8-31,셔츠류,https://cloudfront.laundrygo.com/smartfactory/smartfactory_20250901054305_0b3b1ec117464a10a700fe873b5455ff.jpeg
9EOLA1LK,드라이온리 68,2025-8-31,셔츠류,https://cloudfront.laundrygo.com/smartfactory/smartfactory_20250901054405_84da97b67bc94567a80aa180e28b82c9.jpeg
9EOLA1LK,드라이온리 68,2025-8-31,셔츠류,https://cloudfront.laundrygo.com/smartfactory/smartfactory_20250901054405_461f115617844a32836c281addb914de.jpeg
9EOLA1LK,드라이온리 68,2025-9-15,셔츠류,https://cloudfront.laundrygo.com/smartfactory/smartfactory_20250916064506_2d8170d316ac4b6b9cb2a19ac6b4f6f4.jpeg
9EOLA1LK,드라이온리 68,2025-9-15,셔츠류,https://cloudfront.laundrygo.com/smartfactory/smartfactory_20250916064506_69891bdb4b0541f0b2f8c1c2856603f1.jpeg
9EOLA1LK,드라이온리 68,2025-9-15,셔츠류,https://cloudfront.laundrygo.com/smartfactory/smartfactory_20250916064506_a7092bf6f38641cbad9e641ff7d8d96d.jpeg
9EOLA1LK,드라이온리 68,2025-9-15,셔츠류,https://cloudfront.laundrygo.com/smartfactory/smartfactory_20250916064506_aae0d90824ed442ead6ee38f3c1ba0c9.jpeg
9EOLA1LK,드라이온리 68,2025-9-15,셔츠류,https://cloudfront.laundrygo.com/smartfactory/smartfactory_20250916064606_3298beea17d444988cd6924652b7ae07.jpeg
9EOLA1LK,드라이온리 68,2025-9-15,셔츠류,https://cloudfront.laundrygo.com/smartfactory/smartfactory_20250916064606_63a136067cc04f1e871e4cc3fbe3b303.jpeg
9EOLA1LK,드라이온리 68,2025-9-15,셔츠류,https://cloudfront.laundrygo.com/smartfactory/smartfactory_20250916064606_5e85dc507a9f428395699d0b3a8c3f1b.jpeg
9EOLA1LK,드라이온리 68,2025-9-15,셔츠류,https://cloudfront.laundrygo.com/smartfactory/smartfactory_20250916064606_47c0c3fb2c924753a74e621bc08c9418.jpeg
9EOLA1LK,드라이온리 68,2025-9-15,셔츠류,https://cloudfront.laundrygo.com/smartfactory/smartfactory_20250916064606_f462d6f344db44c294d17d71ef9d4bdc.jpeg
9EOLA1LK,드라이온리 68,2025-9-15,셔츠류,https://cloudfront.laundrygo.com/smartfactory/smartfactory_20250916064706_a924320a9e2340ea95309d073b504bea.jpeg
9EOLA1LK,드라이온리 68,2025-9-15,셔츠류,https://cloudfront.laundrygo.com/smartfactory/smartfactory_20250916064706_093a58f456f243b89cba595ed9860faa.jpeg
9EOLA1LK,드라이온리 68,2025-9-30,셔츠류,https://cloudfront.laundrygo.com/smartfactory/smartfactory_20251001045604_a95964d6a7bd45b6a63362fe528da566.jpeg
9EOLA1LK,드라이온리 68,2025-9-30,셔츠류,https://cloudfront.laundrygo.com/smartfactory/smartfactory_20251001045704_3d69b6e37bea438daaa16b4520dad37e.jpeg
9EOLA1LK,드라이온리 68,2025-9-30,셔츠류,https://cloudfront.laundrygo.com/smartfactory/smartfactory_20251001045704_d000e350fa6f4e3d8a1fe26d86a6b559.jpeg
9EOLA1LK,드라이온리 68,2025-9-30,셔츠류,https://cloudfront.laundrygo.com/smartfactory/smartfactory_20251001045704_bf34ad5f134548eb9b541043ca9e2151.jpeg
9EOLA1LK,드라이온리 68,2025-9-30,셔츠류,https://cloudfront.laundrygo.com/smartfactory/smartfactory_20251001045804_bacb5d10f6d64c54aca8115bd42c0750.jpeg
9EOLA1LK,드라이온리 68,2025-9-30,셔츠류,https://cloudfront.laundrygo.com/smartfactory/smartfactory_20251001045804_3e71b7798cec4411af38d7bc507012b9.jpeg
9EOLA1LK,드라이온리 68,2025-9-30,셔츠류,https://cloudfront.laundrygo.com/smartfactory/smartfactory_20251001045804_42b2c4c9515d42c5bd97375c50afb3ab.jpeg
9EOLA1LK,드라이온리 68,2025-9-30,셔츠류,https://cloudfront.laundrygo.com/smartfactory/smartfactory_20251001045804_ddbbea2bfe1c48b5b18c382725af8bc1.jpeg
9EOLA1LK,드라이온리 68,2025-9-30,셔츠류,https://cloudfront.laundrygo.com/smartfactory/smartfactory_20251001045904_514508f40d1e4f9c84472d0047e9f3de.jpeg
9EOLA1LK,드라이온리 68,2025-10-13,셔츠류,https://cloudfront.laundrygo.com/smartfactory/smartfactory_20251014070707_8db5bab79fcf41a1b144f3fa6a594f53.jpeg
9EOLA1LK,드라이온리 68,2025-10-13,셔츠류,https://cloudfront.laundrygo.com/smartfactory/smartfactory_20251014070707_d8bcfd4cd91741b9bb6a528d55e15096.jpeg
9EOLA1LK,드라이온리 68,2025-10-13,셔츠류,https://cloudfront.laundrygo.com/smartfactory/smartfactory_20251014070707_40ea9e21e4da4f2c9b643594dedbbe3b.jpeg
9EOLA1LK,드라이온리 68,2025-10-13,셔츠류,https://cloudfront.laundrygo.com/smartfactory/smartfactory_20251014070807_4be47b9fe768458bb3964b8e5aaeb5ab.jpeg
9EOLA1LK,드라이온리 68,2025-10-13,셔츠류,https://cloudfront.laundrygo.com/smartfactory/smartfactory_20251014070807_6736ce4484e846ea9d927b9bb99e3853.jpeg
9EOLA1LK,드라이온리 68,2025-10-13,셔츠류,https://cloudfront.laundrygo.com/smartfactory/smartfactory_20251014070807_6b208a8cebb1434ba58a6aa332c05303.jpeg
9EOLA1LK,드라이온리 68,2025-10-29,셔츠류,https://cloudfront.laundrygo.com/smartfactory/smartfactory_20251030054105_a0e062a0ee5d4702870d176e6339a36e.jpeg
9EOLA1LK,드라이온리 68,2025-10-29,셔츠류,https://cloudfront.laundrygo.com/smartfactory/smartfactory_20251030054105_ccd2d45a882d41e680b8770d83d0c077.jpeg
9EOLA1LK,드라이온리 68,2025-10-29,셔츠류,https://cloudfront.laundrygo.com/smartfactory/smartfactory_20251030054205_f87a9df7b1f94cabae77b0bdd42beaa5.jpeg
9EOLA1LK,드라이온리 68,2025-10-29,셔츠류,https://cloudfront.laundrygo.com/smartfactory/smartfactory_20251030054205_6bf5a298659246d38f43f2c6ba6d3875.jpeg
9EOLA1LK,드라이온리 68,2025-10-29,셔츠류,https://cloudfront.laundrygo.com/smartfactory/smartfactory_20251030054805_83aeb6e1a71a4ab2ad733e6efc9ade97.jpeg
9EOLA1LK,드라이온리 68,2025-10-29,셔츠류,https://cloudfront.laundrygo.com/smartfactory/smartfactory_20251030054805_cf148c401311441ca449a85054d60eba.jpeg
9EOLA1LK,드라이온리 68,2025-10-29,셔츠류,https://cloudfront.laundrygo.com/smartfactory/smartfactory_20251030054805_29ae4d07a6cd4b2b91c9263763ef442b.jpeg
9EOLA1LK,드라이온리 68,2025-10-29,셔츠류,https://cloudfront.laundrygo.com/smartfactory/smartfactory_20251030054805_4259061ef4784348a3be9a17006101ab.jpeg
9EOLA1LK,드라이온리 68,2025-10-29,셔츠류,https://cloudfront.laundrygo.com/smartfactory/smartfactory_20251030054905_7901e7f6645d4b54b2cbd6aca7d2da64.jpeg
9EOLA1LK,드라이온리 68,2025-10-29,셔츠류,https://cloudfront.laundrygo.com/smartfactory/smartfactory_20251030054905_2988205433c44c85aea35d98641ae501.jpeg
9EOLA1LK,드라이온리 68,2025-10-29,셔츠류,https://cloudfront.laundrygo.com/smartfactory/smartfactory_20251030054905_0b84f953792d4b8689c6f7c5995c9a74.jpeg
9EOLA1LK,드라이온리 68,2025-10-29,셔츠류,https://cloudfront.laundrygo.com/smartfactory/smartfactory_20251030054905_363623d9b62a4d85a0db1815a1ed0dc7.jpeg
9EOLA1LK,드라이온리 68,2025-10-29,셔츠류,https://cloudfront.laundrygo.com/smartfactory/smartfactory_20251030054005_85cbf318ddc64f168e6593cd311d7693.jpeg
9EOLA1LK,드라이온리 68,2025-11-10,셔츠류,https://cloudfront.laundrygo.com/smartfactory/smartfactory_20251111075207_e9bba3f21b6a4df5bd6526ab5e8145f5.jpeg
9EOLA1LK,드라이온리 68,2025-11-10,셔츠류,https://cloudfront.laundrygo.com/smartfactory/smartfactory_20251111075207_6743298fb6a844cfba3707f2789bbc0b.jpeg
9EOLA1LK,드라이온리 68,2025-11-10,셔츠류,https://cloudfront.laundrygo.com/smartfactory/smartfactory_20251111075207_4b35462715304aa484b214faaebd6aa3.jpeg
9EOLA1LK,드라이온리 68,2025-11-10,셔츠류,https://cloudfront.laundrygo.com/smartfactory/smartfactory_20251111075207_39c44cfb1d5d4991aa392635427acf95.jpeg
9EOLA1LK,드라이온리 68,2025-11-10,셔츠류,https://cloudfront.laundrygo.com/smartfactory/smartfactory_20251111075207_ff7aa1554a4c4782a2276911b309cd5c.jpeg
9EOLA1LK,드라이온리 68,2025-11-10,셔츠류,https://cloudfront.laundrygo.com/smartfactory/smartfactory_20251111075307_a3c656d69a7440eebe9de9f60ca209c8.jpeg
9EOLA1LK,드라이온리 68,2025-11-10,셔츠류,https://cloudfront.laundrygo.com/smartfactory/smartfactory_20251111075307_71cd1c50abd640918136fc275da2204b.jpeg
9EOLA1LK,드라이온리 68,2025-11-10,셔츠류,https://cloudfront.laundrygo.com/smartfactory/smartfactory_20251111075307_2cf88ce7cd7f4f0ebac828f0e5066040.jpeg
9EOLA1LK,드라이온리 68,2025-11-22,셔츠류,https://cloudfront.laundrygo.com/smartfactory/smartfactory_20251123042404_57d9295c2d4b440e8ac503f0c7b7045f.jpeg
9EOLA1LK,드라이온리 68,2025-11-22,셔츠류,https://cloudfront.laundrygo.com/smartfactory/smartfactory_20251123042504_1c7ad6e175e44ef095be455948e77210.jpeg
9EOLA1LK,드라이온리 68,2025-11-22,셔츠류,https://cloudfront.laundrygo.com/smartfactory/smartfactory_20251123042504_67f41ad0697e4c828997868b7d425685.jpeg
9EOLA1LK,드라이온리 68,2025-11-22,셔츠류,https://cloudfront.laundrygo.com/smartfactory/smartfactory_20251123042504_c2b3d1082ffe4b1e9676145f79f2a7f0.jpeg
9EOLA1LK,드라이온리 68,2025-11-22,셔츠류,https://cloudfront.laundrygo.com/smartfactory/smartfactory_20251123042504_f5025d7d52a04c538ac93266f620d95f.jpeg
9EOLA1LK,드라이온리 68,2025-11-22,셔츠류,https://cloudfront.laundrygo.com/smartfactory/smartfactory_20251123042604_507edfb223e348ff80ca8fc0f4777dd5.jpeg
9EOLA1LK,드라이온리 68,2025-11-22,셔츠류,https://cloudfront.laundrygo.com/smartfactory/smartfactory_20251123042704_1c2c40631f65464a9cd2fa2aef752d2f.jpeg
9EOLA1LK,드라이온리 68,2025-11-22,셔츠류,https://cloudfront.laundrygo.com/smartfactory/smartfactory_20251123042704_5dc32534e38d4421aadbb524b4ec539a.jpeg
9EOLA1LK,드라이온리 68,2025-11-22,셔츠류,https://cloudfront.laundrygo.com/smartfactory/smartfactory_20251123042704_a9d0cee58e0d4384b875ad1f34ea3e22.jpeg
J5JQ9HDR,와이셔츠&드라이 47,2025-9-6,셔츠류,https://cloudfront.laundrygo.com/smartfactory/smartfactory_20250907063206_a6b3afdbecfa44148f34e7dac49ba636.jpeg
J5JQ9HDR,와이셔츠&드라이 47,2025-9-6,셔츠류,https://cloudfront.laundrygo.com/smartfactory/smartfactory_20250907063206_ee81b4d8e9c042809bcbe62173de5e8f.jpeg
J5JQ9HDR,와이셔츠&드라이 47,2025-9-6,셔츠류,https://cloudfront.laundrygo.com/smartfactory/smartfactory_20250907063306_f198025fc568448183678348fd84064e.jpeg
J5JQ9HDR,와이셔츠&드라이 47,2025-9-6,셔츠류,https://cloudfront.laundrygo.com/smartfactory/smartfactory_20250907063306_f578815aea5b4f6b9216d4de87d40296.jpeg
J5JQ9HDR,와이셔츠&드라이 47,2025-9-6,셔츠류,https://cloudfront.laundrygo.com/smartfactory/smartfactory_20250907063306_b14e3f5df17a4d868e5212caf433fc5a.jpeg
J5JQ9HDR,와이셔츠&드라이 47,2025-9-6,셔츠류,https://cloudfront.laundrygo.com/smartfactory/smartfactory_20250907063406_a62334f652cb438191476db55396bff5.jpeg
J5JQ9HDR,와이셔츠&드라이 47,2025-9-29,셔츠류,https://cloudfront.laundrygo.com/smartfactory/smartfactory_20250930060506_9b317d1875a94e33b70f1bd69b30570a.jpeg
J5JQ9HDR,와이셔츠&드라이 47,2025-9-29,셔츠류,https://cloudfront.laundrygo.com/smartfactory/smartfactory_20250930060606_8ea66136fa1945a5ac5d0b13db32ba8e.jpeg
J5JQ9HDR,와이셔츠&드라이 47,2025-9-29,셔츠류,https://cloudfront.laundrygo.com/smartfactory/smartfactory_20250930060606_bd016fbf94f64579988a519dfc571918.jpeg
J5JQ9HDR,와이셔츠&드라이 47,2025-9-29,셔츠류,https://cloudfront.laundrygo.com/smartfactory/smartfactory_20250930060706_9a27d163a62b49e3a5a5f816af41c43f.jpeg
J5JQ9HDR,와이셔츠&드라이 47,2025-9-29,셔츠류,https://cloudfront.laundrygo.com/smartfactory/smartfactory_20250930060706_7e69cfc7dd104116b5d0e777b7281b2f.jpeg
J5JQ9HDR,와이셔츠&드라이 47,2025-10-9,셔츠류,https://cloudfront.laundrygo.com/smartfactory/smartfactory_20251010084208_ef2f87f0f91a45a3ae4eee5f55d1add4.jpeg
J5JQ9HDR,와이셔츠&드라이 47,2025-10-22,셔츠류,https://cloudfront.laundrygo.com/smartfactory/smartfactory_20251023025302_91ac5559e7ec4e3fb148a6bed5136935.jpeg
J5JQ9HDR,와이셔츠&드라이 47,2025-10-22,셔츠류,https://cloudfront.laundrygo.com/smartfactory/smartfactory_20251023025402_fdcd483db0214debb48ab2bcfb2db6dc.jpeg
J5JQ9HDR,와이셔츠&드라이 47,2025-10-22,셔츠류,https://cloudfront.laundrygo.com/smartfactory/smartfactory_20251023025302_7f06cf260de74e1cb544dcc8d632cf3f.jpeg
J5JQ9HDR,와이셔츠&드라이 47,2025-10-22,셔츠류,https://cloudfront.laundrygo.com/smartfactory/smartfactory_20251023025302_e41c19957a914756b3c8753bda97dfd7.jpeg
J5JQ9HDR,와이셔츠&드라이 47,2025-11-19,셔츠류,https://cloudfront.laundrygo.com/smartfactory/smartfactory_20251120001100_66052b3bec414d548069decd93e59ee2.jpeg
J5JQ9HDR,와이셔츠&드라이 47,2025-11-19,셔츠류,https://cloudfront.laundrygo.com/smartfactory/smartfactory_20251120001100_586195509a2540939845df3b4609cfdd.jpeg
J5JQ9HDR,와이셔츠&드라이 47,2025-11-19,셔츠류,https://cloudfront.laundrygo.com/smartfactory/smartfactory_20251120001200_3174844bf2514c8d85bb70d01b5c4caf.jpeg
J5JQ9HDR,와이셔츠&드라이 47,2025-11-19,셔츠류,https://cloudfront.laundrygo.com/smartfactory/smartfactory_20251120001300_8f71b563d3754836a59cf0d1443d8a3a.jpeg
J5JQ9HDR,와이셔츠&드라이 47,2025-11-19,셔츠류,https://cloudfront.laundrygo.com/smartfactory/smartfactory_20251120001200_43ba4979ccf84701b0cdcee9015667e0.jpeg
0F11ZHOB,자유이용서비스,2025-9-6,셔츠류,https://cloudfront.laundrygo.com/smartfactory/smartfactory_20250907051605_0049fd60dfc7493d97cb1a881a863737.jpeg
0F11ZHOB,자유이용서비스,2025-9-6,셔츠류,https://cloudfront.laundrygo.com/smartfactory/smartfactory_20250907051605_7d966eed740c4e40984fd080db6543af.jpeg
0F11ZHOB,자유이용서비스,2025-9-6,셔츠류,https://cloudfront.laundrygo.com/smartfactory/smartfactory_20250907051705_48d172fe7b774715a7dcaaf76ec43154.jpeg
0F11ZHOB,자유이용서비스,2025-9-6,셔츠류,https://cloudfront.laundrygo.com/smartfactory/smartfactory_20250907051605_f5cfc7c3d096438482646b2c8c375149.jpeg
0F11ZHOB,자유이용서비스,2025-10-3,셔츠류,https://cloudfront.laundrygo.com/smartfactory/smartfactory_20251004045404_9bb2012217874a2a86bfdb89e54cbcdf.jpeg
0F11ZHOB,자유이용서비스,2025-10-3,셔츠류,https://cloudfront.laundrygo.com/smartfactory/smartfactory_20251004045504_a7a7f264496940e5ae4f6fe89e526073.jpeg
0F11ZHOB,자유이용서비스,2025-10-3,셔츠류,https://cloudfront.laundrygo.com/smartfactory/smartfactory_20251004045504_0bfa54d6c59a481e96e579c9efe4ddfe.jpeg
0F11ZHOB,자유이용서비스,2025-10-3,셔츠류,https://cloudfront.laundrygo.com/smartfactory/smartfactory_20251004045604_e56303cb10114018b921982b7655b591.jpeg
6IGIY9N8,드라이온리 39,2025-10-11,셔츠류,https://cloudfront.laundrygo.com/smartfactory/smartfactory_20251014093409_11a50261a6eb4d97bd049e7b88c11859.jpeg
6IGIY9N8,드라이온리 39,2025-10-11,셔츠류,https://cloudfront.laundrygo.com/smartfactory/smartfactory_20251014093509_d78de14546ef4c248ae4154338b3f782.jpeg
KERU4Z73,드라이온리 78,2025-8-25,셔츠류,https://cloudfront.laundrygo.com/smartfactory/smartfactory_20250826004100_9fe5df279ec54dbfbc5ff8bfb60dea12.jpeg
KERU4Z73,드라이온리 78,2025-8-30,셔츠류,https://cloudfront.laundrygo.com/smartfactory/smartfactory_20250831004200_98e209b3e6f84012b9df61bfbed311f2.jpeg
KERU4Z73,드라이온리 78,2025-9-14,셔츠류,https://cloudfront.laundrygo.com/smartfactory/smartfactory_20250915080808_97679f52af254404aa40e812ae65c87c.jpeg
KERU4Z73,드라이온리 78,2025-9-14,셔츠류,https://cloudfront.laundrygo.com/smartfactory/smartfactory_20250915080808_c9bd82c594844d7c91784b7b4f560f4e.jpeg
KERU4Z73,드라이온리 78,2025-9-26,셔츠류,https://cloudfront.laundrygo.com/smartfactory/smartfactory_20250927054905_f4d886240a474cdaa7794c992e13c9e1.jpeg
KERU4Z73,드라이온리 78,2025-10-3,셔츠류,https://cloudfront.laundrygo.com/smartfactory/smartfactory_20251004081108_0b6fc2507d0a44948e62d98c4ef9fcc7.jpeg
KERU4Z73,드라이온리 78,2025-10-3,셔츠류,https://cloudfront.laundrygo.com/smartfactory/smartfactory_20251004081008_14f0ba558e194865947c83c2f5675798.jpeg
KERU4Z73,드라이온리 78,2025-10-13,셔츠류,https://cloudfront.laundrygo.com/smartfactory/smartfactory_20251014012801_ab3b37c8e80947e59c57f952ac9330bd.jpeg
KERU4Z73,드라이온리 78,2025-10-19,셔츠류,https://cloudfront.laundrygo.com/smartfactory/smartfactory_20251020022802_b86ca229c5894a01a1953ddc3bfb0129.jpeg
KERU4Z73,드라이온리 78,2025-11-22,셔츠류,https://cloudfront.laundrygo.com/smartfactory/smartfactory_20251123005000_02b49a3062f54e7393230fe2d961c223.jpeg
UAS2TQV8,자유이용서비스,2025-11-6,셔츠류,https://cloudfront.laundrygo.com/smartfactory/smartfactory_20251107075007_eb0075503da24247ba93e49de85d84dc.jpeg
UAS2TQV8,자유이용서비스,2025-11-6,셔츠류,https://cloudfront.laundrygo.com/smartfactory/smartfactory_20251107075007_9df6408e039c46ebbf81141f7b416a39.jpeg
UAS2TQV8,자유이용서비스,2025-11-6,셔츠류,https://cloudfront.laundrygo.com/smartfactory/smartfactory_20251107075107_6591208c7667448b89a7af027dbb46a0.jpeg
UAS2TQV8,자유이용서비스,2025-11-6,셔츠류,https://cloudfront.laundrygo.com/smartfactory/smartfactory_20251107074707_7dddb8d7645548029c4bc7323f5f13d0.jpeg
UAS2TQV8,자유이용서비스,2025-11-6,셔츠류,https://cloudfront.laundrygo.com/smartfactory/smartfactory_20251107075607_83552f88fa2c403594f4978d08017ef1.jpeg
8OGM95AS,자유이용서비스,2025-10-16,셔츠류,https://cloudfront.laundrygo.com/smartfactory/smartfactory_20251017083408_88502fe5165647b3aeb0467285ab057c.jpeg
8OGM95AS,자유이용서비스,2025-10-16,셔츠류,https://cloudfront.laundrygo.com/smartfactory/smartfactory_20251017083408_207bd97f263a4222a6b6f949d63ff2e0.jpeg
8OGM95AS,자유이용서비스,2025-10-16,셔츠류,https://cloudfront.laundrygo.com/smartfactory/smartfactory_20251017083508_7d30cc694430477f9c62959eb08c8d9c.jpeg
C3K7ETW3,자유이용서비스,2025-9-14,셔츠류,https://cloudfront.laundrygo.com/smartfactory/smartfactory_20250915033803_2a07db7ebce047b89c26de7e9d3d3fed.jpeg
C3K7ETW3,자유이용서비스,2025-9-14,셔츠류,https://cloudfront.laundrygo.com/smartfactory/smartfactory_20250915033903_42980061f21f46bf8ff08c4a11a5e2a2.jpeg
C3K7ETW3,자유이용서비스,2025-9-14,셔츠류,https://cloudfront.laundrygo.com/smartfactory/smartfactory_20250915033903_1ca655be9d0e4951a82d1a2a5acfed85.jpeg
C3K7ETW3,자유이용서비스,2025-9-14,셔츠류,https://cloudfront.laundrygo.com/smartfactory/smartfactory_20250915033903_a3b98947bff2451a88425da019c306bc.jpeg
C3K7ETW3,자유이용서비스,2025-9-14,셔츠류,https://cloudfront.laundrygo.com/smartfactory/smartfactory_20250915034003_1349a3c2783f43ca9dfef41df0b624c0.jpeg
C3K7ETW3,자유이용서비스,2025-10-19,셔츠류,https://cloudfront.laundrygo.com/smartfactory/smartfactory_20251020074207_80dbf23d33c74b9db83b2996960f8c93.jpeg
C3K7ETW3,자유이용서비스,2025-10-19,셔츠류,https://cloudfront.laundrygo.com/smartfactory/smartfactory_20251020074207_53a02294e0d2495b9da97c0e8f8cdebe.jpeg
C3K7ETW3,자유이용서비스,2025-10-19,셔츠류,https://cloudfront.laundrygo.com/smartfactory/smartfactory_20251020074107_f3ba316f60cc497e95bff1ffbaf90f3a.jpeg
C3K7ETW3,자유이용서비스,2025-10-19,셔츠류,https://cloudfront.laundrygo.com/smartfactory/smartfactory_20251020074107_32a36b66b3e44566a7f1095515d7c4bc.jpeg
NTBGBCBA,드라이온리 39,2025-8-24,셔츠류,https://cloudfront.laundrygo.com/smartfactory/smartfactory_20250825030503_3519878cbc4346328f436ec881c40a74.jpeg
NTBGBCBA,드라이온리 39,2025-9-23,셔츠류,https://cloudfront.laundrygo.com/smartfactory/smartfactory_20250924051105_3935c478881748be853a9a38c3df8aa7.jpeg
NTBGBCBA,드라이온리 39,2025-9-23,셔츠류,https://cloudfront.laundrygo.com/smartfactory/smartfactory_20250924051205_ae825387caa94ebe9b86af084a3f0d01.jpeg
NTBGBCBA,자유이용서비스,2025-10-13,셔츠류,https://cloudfront.laundrygo.com/smartfactory/smartfactory_20251016143914_31f7413d241542f4ba2570cf9000b9b4.jpeg
NTBGBCBA,자유이용서비스,2025-10-13,셔츠류,https://cloudfront.laundrygo.com/smartfactory/smartfactory_20251016144014_e723f1a6c5de42d4b08e422c447912f0.jpeg
JZLQTJ0F,자유이용서비스,2025-9-3,셔츠류,https://cloudfront.laundrygo.com/smartfactory/smartfactory_20250904014201_8cddeb64e10140cfa0bc736510c0d607.jpeg
JZLQTJ0F,자유이용서비스,2025-9-3,셔츠류,https://cloudfront.laundrygo.com/smartfactory/smartfactory_20250904014201_19ec273bc5aa4ff79a0b40de7f0da0a2.jpeg
JZLQTJ0F,자유이용서비스,2025-9-3,셔츠류,https://cloudfront.laundrygo.com/smartfactory/smartfactory_20250904014301_119d5c41de7f40ea87580f7788e1994c.jpeg
JZLQTJ0F,자유이용서비스,2025-9-3,셔츠류,https://cloudfront.laundrygo.com/smartfactory/smartfactory_20250904014301_f5b0fe8caaf740f9a27efb41cec205fc.jpeg
JZLQTJ0F,자유이용서비스,2025-9-3,셔츠류,https://cloudfront.laundrygo.com/smartfactory/smartfactory_20250904014301_af7cd66bfcf94e6f8ba7207e5cdfee46.jpeg
JZLQTJ0F,자유이용서비스,2025-11-16,셔츠류,https://cloudfront.laundrygo.com/smartfactory/smartfactory_20251117012901_8faa74c567a049ffa2c3665ac3646f7e.jpeg
13VWBFGZ,자유이용서비스,2025-11-10,셔츠류,https://cloudfront.laundrygo.com/smartfactory/smartfactory_20251113091309_88e4ba287e3843a9b498723376fd91a2.jpeg
13VWBFGZ,자유이용서비스,2025-11-10,셔츠류,https://cloudfront.laundrygo.com/smartfactory/smartfactory_20251113091309_0e681595c3314f52bd9f1f311cdefebc.jpeg
N6HK64QW,자유이용서비스,2025-8-23,셔츠류,https://cloudfront.laundrygo.com/smartfactory/smartfactory_20250824064006_75c12d8efc584436b9ffad7f9f68c14e.jpeg
N6HK64QW,자유이용서비스,2025-8-31,셔츠류,https://cloudfront.laundrygo.com/smartfactory/smartfactory_20250901075207_61aea17dbf2d44b0b4a1a1cd2c99e0cc.jpeg
N6HK64QW,자유이용서비스,2025-9-23,셔츠류,https://cloudfront.laundrygo.com/smartfactory/smartfactory_20250924052005_ecaa630131e7441992c89d433aefd400.jpeg
N6HK64QW,자유이용서비스,2025-9-23,셔츠류,https://cloudfront.laundrygo.com/smartfactory/smartfactory_20250924051905_cbc9ea7640b8464c8138a92cef12141a.jpeg
N6HK64QW,자유이용서비스,2025-9-29,셔츠류,https://cloudfront.laundrygo.com/smartfactory/smartfactory_20250930013901_5302024551554ca9b20f026d97f92c6d.jpeg
N6HK64QW,자유이용서비스,2025-9-29,셔츠류,https://cloudfront.laundrygo.com/smartfactory/smartfactory_20250930013901_e253690723a64c228b0c6d2ef72e9382.jpeg
N6HK64QW,자유이용서비스,2025-9-29,셔츠류,https://cloudfront.laundrygo.com/smartfactory/smartfactory_20250930014001_fea3111d84114a56bfc5b729b7124371.jpeg
N6HK64QW,자유이용서비스,2025-9-29,셔츠류,https://cloudfront.laundrygo.com/smartfactory/smartfactory_20250930014001_95451af8ab6141cdad2806f06888237d.jpeg
N6HK64QW,자유이용서비스,2025-10-14,셔츠류,https://cloudfront.laundrygo.com/smartfactory/smartfactory_20251016145814_b053bc89f07b4b94a1abf158e44d59ba.jpeg
N6HK64QW,자유이용서비스,2025-10-26,셔츠류,https://cloudfront.laundrygo.com/smartfactory/smartfactory_20251028140014_203135a87e66445b9cf53a49f1502b19.jpeg
N6HK64QW,자유이용서비스,2025-10-26,셔츠류,https://cloudfront.laundrygo.com/smartfactory/smartfactory_20251028140114_8322c2c939d847d190123d7fd913928e.jpeg
N6HK64QW,자유이용서비스,2025-10-26,셔츠류,https://cloudfront.laundrygo.com/smartfactory/smartfactory_20251028135913_23255f98c13d4fe2a2257d5f4cce5b9e.jpeg
4MD9L0A3,올인원 71,2025-8-30,셔츠류,https://cloudfront.laundrygo.com/smartfactory/smartfactory_20250831032803_be16622b3b8e4d8087b7cbcdbb814f1f.jpeg
4MD9L0A3,올인원 71,2025-8-30,셔츠류,https://cloudfront.laundrygo.com/smartfactory/smartfactory_20250831032803_36baea1379974be98675d8c006971b2b.jpeg
4MD9L0A3,올인원 71,2025-8-30,셔츠류,https://cloudfront.laundrygo.com/smartfactory/smartfactory_20250831032803_532549e731d6436793c9abf3d0bf0063.jpeg
4MD9L0A3,올인원 71,2025-8-30,셔츠류,https://cloudfront.laundrygo.com/smartfactory/smartfactory_20250831032903_14490ea97c004890b6d589849838e28c.jpeg
4MD9L0A3,올인원 71,2025-8-30,셔츠류,https://cloudfront.laundrygo.com/smartfactory/smartfactory_20250831032903_f9798c6927d542f19d34481fbcb48c00.jpeg
4MD9L0A3,올인원 71,2025-8-30,셔츠류,https://cloudfront.laundrygo.com/smartfactory/smartfactory_20250831033003_ddbd2e22d7e446eda68953e279e3511e.jpeg
4MD9L0A3,올인원 71,2025-8-30,셔츠류,https://cloudfront.laundrygo.com/smartfactory/smartfactory_20250831033003_2e0d47e4e4374332ad6212ee3cee5918.jpeg
4MD9L0A3,올인원 71,2025-8-30,셔츠류,https://cloudfront.laundrygo.com/smartfactory/smartfactory_20250831033003_e05b2ab3da3c4fc983ed92e5396bb052.jpeg
4MD9L0A3,올인원 71,2025-8-30,셔츠류,https://cloudfront.laundrygo.com/smartfactory/smartfactory_20250831033003_c550876a77194e7b8d15d1f1aa0798ae.jpeg
4MD9L0A3,올인원 71,2025-8-30,셔츠류,https://cloudfront.laundrygo.com/smartfactory/smartfactory_20250831033103_5d6aa6fcdaf84c409c39bc471fd51a76.jpeg
4MD9L0A3,올인원 71,2025-9-10,셔츠류,https://cloudfront.laundrygo.com/smartfactory/smartfactory_20250911044404_a610ddcea86f4ea089a60b1eb747dd30.jpeg
4MD9L0A3,올인원 71,2025-9-10,셔츠류,https://cloudfront.laundrygo.com/smartfactory/smartfactory_20250911044504_e532fe8e143143bc920670313213e282.jpeg
4MD9L0A3,올인원 71,2025-9-10,셔츠류,https://cloudfront.laundrygo.com/smartfactory/smartfactory_20250911044504_3e9677f8f47f4baf8e466a5daf9ef834.jpeg
4MD9L0A3,올인원 71,2025-9-10,셔츠류,https://cloudfront.laundrygo.com/smartfactory/smartfactory_20250911044504_c8daa2a73cf34283ae7c284fc12fa414.jpeg
4MD9L0A3,올인원 71,2025-9-10,셔츠류,https://cloudfront.laundrygo.com/smartfactory/smartfactory_20250911044604_68fe832733874a6ea5142f3f69141c12.jpeg
4MD9L0A3,올인원 71,2025-9-10,셔츠류,https://cloudfront.laundrygo.com/smartfactory/smartfactory_20250911044604_622fe33f1bef4c5d93f143aa9d335702.jpeg
4MD9L0A3,올인원 71,2025-9-10,셔츠류,https://cloudfront.laundrygo.com/smartfactory/smartfactory_20250911044604_20539696dfcf4e29913ad823fc03acf5.jpeg
4MD9L0A3,올인원 71,2025-9-10,셔츠류,https://cloudfront.laundrygo.com/smartfactory/smartfactory_20250911044704_25cef42c626248a99ec3accbfb048f91.jpeg
4MD9L0A3,올인원 71,2025-9-21,셔츠류,https://cloudfront.laundrygo.com/smartfactory/smartfactory_20250922053905_0d785c97ce4e4fadac967b09336423eb.jpeg
4MD9L0A3,올인원 71,2025-9-21,셔츠류,https://cloudfront.laundrygo.com/smartfactory/smartfactory_20250922053905_ade60b2ddf214b00813581c2b6e29b4f.jpeg
4MD9L0A3,올인원 71,2025-9-21,셔츠류,https://cloudfront.laundrygo.com/smartfactory/smartfactory_20250922053905_43f6c8e4034f4bc298601f20ef2db36d.jpeg
4MD9L0A3,올인원 71,2025-9-21,셔츠류,https://cloudfront.laundrygo.com/smartfactory/smartfactory_20250922054005_2a5f08eeed9a4707adb32c77727cb837.jpeg
4MD9L0A3,올인원 71,2025-9-21,셔츠류,https://cloudfront.laundrygo.com/smartfactory/smartfactory_20250922054005_43dd951028344419a93a35a52da8dea5.jpeg
4MD9L0A3,올인원 71,2025-9-21,셔츠류,https://cloudfront.laundrygo.com/smartfactory/smartfactory_20250922054005_6f658daa3e4d468a815086f8aff05c6f.jpeg
4MD9L0A3,올인원 71,2025-9-21,셔츠류,https://cloudfront.laundrygo.com/smartfactory/smartfactory_20250922054005_60d3e1b932a94575afb78e9af9a30f50.jpeg
4MD9L0A3,올인원 71,2025-9-27,셔츠류,https://cloudfront.laundrygo.com/smartfactory/smartfactory_20250928044604_98c0cee150164bd9bbe297fcf92893f3.jpeg
4MD9L0A3,올인원 71,2025-9-27,셔츠류,https://cloudfront.laundrygo.com/smartfactory/smartfactory_20250928044704_fe644164eef84d478f9f6f562a8b4c67.jpeg
4MD9L0A3,올인원 71,2025-9-27,셔츠류,https://cloudfront.laundrygo.com/smartfactory/smartfactory_20250928044704_0c864f8da45f43ab90bbed22eccbf3b1.jpeg
4MD9L0A3,올인원 71,2025-9-27,셔츠류,https://cloudfront.laundrygo.com/smartfactory/smartfactory_20250928044704_e51416bd1c874978947408e2014752e5.jpeg
4MD9L0A3,올인원 71,2025-9-27,셔츠류,https://cloudfront.laundrygo.com/smartfactory/smartfactory_20250928044704_22574908c7084053b9954da92f5fd83c.jpeg
4MD9L0A3,올인원 71,2025-10-11,셔츠류,https://cloudfront.laundrygo.com/smartfactory/smartfactory_20251012082208_0fb295aef8f34262ba412919e2698f89.jpeg
4MD9L0A3,올인원 71,2025-10-11,셔츠류,https://cloudfront.laundrygo.com/smartfactory/smartfactory_20251012082208_7cc21d49b8ee4a40b57ed6089f240cca.jpeg
4MD9L0A3,올인원 71,2025-10-11,셔츠류,https://cloudfront.laundrygo.com/smartfactory/smartfactory_20251012082208_8254454bfcbd4fc78b2976da6f7750d2.jpeg
4MD9L0A3,올인원 71,2025-10-11,셔츠류,https://cloudfront.laundrygo.com/smartfactory/smartfactory_20251012082308_c29fb3a988464ca2a92afa339e01a3b4.jpeg
4MD9L0A3,올인원 71,2025-10-19,셔츠류,https://cloudfront.laundrygo.com/smartfactory/smartfactory_20251020035503_bbc7ba5e8319407d869afb1e80347253.jpeg
4MD9L0A3,올인원 71,2025-10-19,셔츠류,https://cloudfront.laundrygo.com/smartfactory/smartfactory_20251020035603_6126c70057314bf8a8c8d7ca8c0e0a5e.jpeg
4MD9L0A3,올인원 71,2025-10-19,셔츠류,https://cloudfront.laundrygo.com/smartfactory/smartfactory_20251020035603_16bd7b49b2fd4dec9e1c626f99926aec.jpeg
4MD9L0A3,올인원 71,2025-10-19,셔츠류,https://cloudfront.laundrygo.com/smartfactory/smartfactory_20251020035603_4f01c627cabb4636b838b538aa760b8b.jpeg
4MD9L0A3,올인원 71,2025-10-19,셔츠류,https://cloudfront.laundrygo.com/smartfactory/smartfactory_20251020035703_5d769c2b49774c2587d92c795d596c52.jpeg
4MD9L0A3,올인원 71,2025-10-31,셔츠류,https://cloudfront.laundrygo.com/smartfactory/smartfactory_20251101025302_c550c7965a654a8ba488f48c4a60d339.jpeg
4MD9L0A3,올인원 71,2025-10-31,셔츠류,https://cloudfront.laundrygo.com/smartfactory/smartfactory_20251101025402_18df218dc4424cc1ad4ccfe46399c8c5.jpeg
4MD9L0A3,올인원 71,2025-10-31,셔츠류,https://cloudfront.laundrygo.com/smartfactory/smartfactory_20251101025402_0f3558f4b67b46e8a8d3f17b0290356c.jpeg
4MD9L0A3,올인원 71,2025-10-31,셔츠류,https://cloudfront.laundrygo.com/smartfactory/smartfactory_20251101025402_e43caa1ece9a4a4f89889a1dfc7e0c4b.jpeg
4MD9L0A3,올인원 71,2025-10-31,셔츠류,https://cloudfront.laundrygo.com/smartfactory/smartfactory_20251101025502_b5eca054fd8949c8878f9049fc11bba5.jpeg
4MD9L0A3,올인원 71,2025-10-31,셔츠류,https://cloudfront.laundrygo.com/smartfactory/smartfactory_20251101025502_46835394a98448fe800a1324407dd498.jpeg
4MD9L0A3,올인원 71,2025-10-31,셔츠류,https://cloudfront.laundrygo.com/smartfactory/smartfactory_20251101025502_0fc5ea5e44874d49907847fa55871539.jpeg
4MD9L0A3,올인원 71,2025-10-31,셔츠류,https://cloudfront.laundrygo.com/smartfactory/smartfactory_20251101025502_61bf3be179b34c8db2bb7fa46e91ecce.jpeg
4MD9L0A3,올인원 71,2025-10-31,셔츠류,https://cloudfront.laundrygo.com/smartfactory/smartfactory_20251101025602_9d9e5845f3d94cbf8d6d8ea72e9ee1ab.jpeg
4MD9L0A3,올인원 71,2025-10-31,셔츠류,https://cloudfront.laundrygo.com/smartfactory/smartfactory_20251101025602_ba9797a68fe348f98fc1767244be589b.jpeg
4MD9L0A3,올인원 71,2025-11-15,셔츠류,https://cloudfront.laundrygo.com/smartfactory/smartfactory_20251116071107_3beec5f3ddee4f43a0fe15ba00efafbf.jpeg
4MD9L0A3,올인원 71,2025-11-15,셔츠류,https://cloudfront.laundrygo.com/smartfactory/smartfactory_20251116071107_753076f9a7a24386ad65de1af430f619.jpeg
4MD9L0A3,올인원 71,2025-11-15,셔츠류,https://cloudfront.laundrygo.com/smartfactory/smartfactory_20251116071107_0ee6eeb67598463892a12333086589f7.jpeg
4MD9L0A3,올인원 71,2025-11-15,셔츠류,https://cloudfront.laundrygo.com/smartfactory/smartfactory_20251116071107_b0fc3be0bf4f4da2a6c730782961b2da.jpeg
4MD9L0A3,올인원 71,2025-11-15,셔츠류,https://cloudfront.laundrygo.com/smartfactory/smartfactory_20251116071107_936d552b316b440bad0673b260ae9a8b.jpeg
4MD9L0A3,올인원 71,2025-11-15,셔츠류,https://cloudfront.laundrygo.com/smartfactory/smartfactory_20251116071207_d3c622183c96489bbb0fc3cd426e834f.jpeg
4MD9L0A3,올인원 71,2025-11-15,셔츠류,https://cloudfront.laundrygo.com/smartfactory/smartfactory_20251116071207_f68d396d52674c14b94b646b6fe88f40.jpeg
4MD9L0A3,올인원 71,2025-11-15,셔츠류,https://cloudfront.laundrygo.com/smartfactory/smartfactory_20251116071207_59588cd9ab6a4741a3341dd92ee9d22b.jpeg
4MD9L0A3,올인원 71,2025-11-15,셔츠류,https://cloudfront.laundrygo.com/smartfactory/smartfactory_20251116071207_60140b22da494004adb069deb576ad3b.jpeg
4MD9L0A3,올인원 71,2025-11-15,셔츠류,https://cloudfront.laundrygo.com/smartfactory/smartfactory_20251116071307_15a7c02782534cff807b5309977bc8e0.jpeg
YL5SLRW2,와이셔츠&드라이 79,2025-8-24,셔츠류,https://cloudfront.laundrygo.com/smartfactory/smartfactory_20250825085908_b9054ec1ece44432a65bd1db8e2e1b18.jpeg
YL5SLRW2,와이셔츠&드라이 79,2025-8-24,셔츠류,https://cloudfront.laundrygo.com/smartfactory/smartfactory_20250825085908_af39fed701a44f7b95a6fcf7c55f501b.jpeg
YL5SLRW2,와이셔츠&드라이 79,2025-8-24,셔츠류,https://cloudfront.laundrygo.com/smartfactory/smartfactory_20250825085908_0b1a282b477949088f11bb4b4855eb38.jpeg
YL5SLRW2,와이셔츠&드라이 79,2025-8-24,셔츠류,https://cloudfront.laundrygo.com/smartfactory/smartfactory_20250825090009_eab5a73962dc42c8a8480e1da874acb4.jpeg
YL5SLRW2,와이셔츠&드라이 79,2025-8-24,셔츠류,https://cloudfront.laundrygo.com/smartfactory/smartfactory_20250825090009_3fcc46050284407bb38de8209b6c5ffe.jpeg
YL5SLRW2,와이셔츠&드라이 79,2025-8-24,셔츠류,https://cloudfront.laundrygo.com/smartfactory/smartfactory_20250825090009_121e58992df643188e4be9e33fd16b04.jpeg
YL5SLRW2,와이셔츠&드라이 79,2025-8-24,셔츠류,https://cloudfront.laundrygo.com/smartfactory/smartfactory_20250825090109_d8890e5cf80047d7b6c56df248cdcb67.jpeg
YL5SLRW2,와이셔츠&드라이 79,2025-8-30,셔츠류,https://cloudfront.laundrygo.com/smartfactory/smartfactory_20250831033003_3fa11ab43bad4091b0a6771801312a85.jpeg
YL5SLRW2,와이셔츠&드라이 79,2025-8-30,셔츠류,https://cloudfront.laundrygo.com/smartfactory/smartfactory_20250831033003_e2c12af1d94941bc9ad22fce39a3113a.jpeg
YL5SLRW2,와이셔츠&드라이 79,2025-8-30,셔츠류,https://cloudfront.laundrygo.com/smartfactory/smartfactory_20250831033103_f16f923a3ba2483d83b09c9f610a0bdf.jpeg
YL5SLRW2,와이셔츠&드라이 79,2025-9-5,셔츠류,https://cloudfront.laundrygo.com/smartfactory/smartfactory_20250906071707_18bfa9562803463cb0c63e83d19b3df6.jpeg
YL5SLRW2,와이셔츠&드라이 79,2025-9-5,셔츠류,https://cloudfront.laundrygo.com/smartfactory/smartfactory_20250906071707_7be52171e70141edbe6e8733ebc102d9.jpeg
YL5SLRW2,와이셔츠&드라이 79,2025-9-5,셔츠류,https://cloudfront.laundrygo.com/smartfactory/smartfactory_20250906071807_1668ccb0804a4d4c8d5dcaac5b8ef61f.jpeg
YL5SLRW2,와이셔츠&드라이 79,2025-9-13,셔츠류,https://cloudfront.laundrygo.com/smartfactory/smartfactory_20250914044404_5dafcd9edc3c4f828990803635aa9593.jpeg
YL5SLRW2,와이셔츠&드라이 79,2025-9-13,셔츠류,https://cloudfront.laundrygo.com/smartfactory/smartfactory_20250914044504_99e0f65c6f9744229df4e7736bd22c57.jpeg
YL5SLRW2,와이셔츠&드라이 79,2025-9-13,셔츠류,https://cloudfront.laundrygo.com/smartfactory/smartfactory_20250914044504_cf275576db684bb38e92e2254fd02e72.jpeg
YL5SLRW2,와이셔츠&드라이 79,2025-9-13,셔츠류,https://cloudfront.laundrygo.com/smartfactory/smartfactory_20250914044504_3955ea1d17e24c58928542a351adfbb2.jpeg
YL5SLRW2,와이셔츠&드라이 79,2025-9-19,셔츠류,https://cloudfront.laundrygo.com/smartfactory/smartfactory_20250920082608_a097442771a245b49afcf3d993240d24.jpeg
YL5SLRW2,와이셔츠&드라이 79,2025-9-19,셔츠류,https://cloudfront.laundrygo.com/smartfactory/smartfactory_20250920082608_91a33625684646f58ef7267ff3251de6.jpeg
YL5SLRW2,와이셔츠&드라이 79,2025-9-19,셔츠류,https://cloudfront.laundrygo.com/smartfactory/smartfactory_20250920082708_99f2d022cb974d6e9a7a695252316220.jpeg
YL5SLRW2,와이셔츠&드라이 79,2025-9-19,셔츠류,https://cloudfront.laundrygo.com/smartfactory/smartfactory_20250920082708_5eea9bf83d87480bb07eda818adf7e81.jpeg
YL5SLRW2,와이셔츠&드라이 79,2025-9-19,셔츠류,https://cloudfront.laundrygo.com/smartfactory/smartfactory_20250920082708_bbc23ee141574aec88d28b46647db4f3.jpeg
YL5SLRW2,와이셔츠&드라이 79,2025-9-27,셔츠류,https://cloudfront.laundrygo.com/smartfactory/smartfactory_20250928031903_7f0f77a1e36049debfb678738c415c00.jpeg
YL5SLRW2,와이셔츠&드라이 79,2025-9-27,셔츠류,https://cloudfront.laundrygo.com/smartfactory/smartfactory_20250928032003_ffef462c23ca43eea154816f71a586bc.jpeg
YL5SLRW2,와이셔츠&드라이 79,2025-9-27,셔츠류,https://cloudfront.laundrygo.com/smartfactory/smartfactory_20250928032003_9776512b8b404a52afd2f512b0b52597.jpeg
YL5SLRW2,와이셔츠&드라이 79,2025-9-27,셔츠류,https://cloudfront.laundrygo.com/smartfactory/smartfactory_20250928032003_4d4c8898d5ae45c794cc5b5e2e5e61ef.jpeg
YL5SLRW2,와이셔츠&드라이 79,2025-9-27,셔츠류,https://cloudfront.laundrygo.com/smartfactory/smartfactory_20250928032103_b9eb1e9a43f749518256766a01250328.jpeg
YL5SLRW2,와이셔츠&드라이 79,2025-9-27,셔츠류,https://cloudfront.laundrygo.com/smartfactory/smartfactory_20250928032103_e991069c3eb2485dba635a7f3e5fd07b.jpeg
YL5SLRW2,와이셔츠&드라이 79,2025-10-9,셔츠류,https://cloudfront.laundrygo.com/smartfactory/smartfactory_20251010034303_c8a32feb4de44214a401328d3134978f.jpeg
YL5SLRW2,와이셔츠&드라이 79,2025-10-9,셔츠류,https://cloudfront.laundrygo.com/smartfactory/smartfactory_20251010034303_e78ae7bd966643e08493533ee9a7b1d0.jpeg
YL5SLRW2,와이셔츠&드라이 79,2025-10-9,셔츠류,https://cloudfront.laundrygo.com/smartfactory/smartfactory_20251010034403_a70136d67c5949fc865fcf72e01e5401.jpeg
YL5SLRW2,와이셔츠&드라이 79,2025-10-9,셔츠류,https://cloudfront.laundrygo.com/smartfactory/smartfactory_20251010034403_aa22b313240b4be799191a8572f9cab7.jpeg
YL5SLRW2,와이셔츠&드라이 79,2025-10-9,셔츠류,https://cloudfront.laundrygo.com/smartfactory/smartfactory_20251010034403_d28996f1eb6f47b68d126fb3c922480c.jpeg
YL5SLRW2,와이셔츠&드라이 79,2025-10-9,셔츠류,https://cloudfront.laundrygo.com/smartfactory/smartfactory_20251010034503_8159ce9ce03743e7b498dfcf308f19aa.jpeg
YL5SLRW2,와이셔츠&드라이 79,2025-10-9,셔츠류,https://cloudfront.laundrygo.com/smartfactory/smartfactory_20251010034503_bfb9d81c09f149dab6354f9b5648bcdc.jpeg
YL5SLRW2,와이셔츠&드라이 79,2025-10-17,셔츠류,https://cloudfront.laundrygo.com/smartfactory/smartfactory_20251018033703_0c3edcdf2f9549bcbb3867fec9e720b2.jpeg
YL5SLRW2,와이셔츠&드라이 79,2025-10-17,셔츠류,https://cloudfront.laundrygo.com/smartfactory/smartfactory_20251018033703_5deb1f158ab34b14814b07570efcc9a0.jpeg
YL5SLRW2,와이셔츠&드라이 79,2025-10-17,셔츠류,https://cloudfront.laundrygo.com/smartfactory/smartfactory_20251018033703_718a597fd1124fc581bb7a2fb4985c8a.jpeg
YL5SLRW2,와이셔츠&드라이 79,2025-10-27,셔츠류,https://cloudfront.laundrygo.com/smartfactory/smartfactory_20251028104910_924cf8fd910f49e8b6bec41deaa6a280.jpeg
YL5SLRW2,와이셔츠&드라이 79,2025-10-27,셔츠류,https://cloudfront.laundrygo.com/smartfactory/smartfactory_20251028104910_ce2e2d2296934b5e996e7701e7e94f40.jpeg
YL5SLRW2,와이셔츠&드라이 79,2025-10-27,셔츠류,https://cloudfront.laundrygo.com/smartfactory/smartfactory_20251028105010_af55158c7e2f45fdba38193c2c9da11b.jpeg
YL5SLRW2,와이셔츠&드라이 79,2025-10-27,셔츠류,https://cloudfront.laundrygo.com/smartfactory/smartfactory_20251028105010_0a218cf2ec2b423fad1443b2240a6071.jpeg
YL5SLRW2,와이셔츠&드라이 79,2025-10-27,셔츠류,https://cloudfront.laundrygo.com/smartfactory/smartfactory_20251028105010_f8864c58ee37412ba9038d42191f8376.jpeg
YL5SLRW2,와이셔츠&드라이 79,2025-11-1,셔츠류,https://cloudfront.laundrygo.com/smartfactory/smartfactory_20251102055305_9e2611b68afd4a5897cd9d080aa01050.jpeg
YL5SLRW2,와이셔츠&드라이 79,2025-11-1,셔츠류,https://cloudfront.laundrygo.com/smartfactory/smartfactory_20251102055305_d235647de05f48fd8d134b2477f0a9ce.jpeg
YL5SLRW2,와이셔츠&드라이 79,2025-11-1,셔츠류,https://cloudfront.laundrygo.com/smartfactory/smartfactory_20251102055405_d70eb8719ee5425f93679a0c430bb39a.jpeg
YL5SLRW2,와이셔츠&드라이 79,2025-11-7,셔츠류,https://cloudfront.laundrygo.com/smartfactory/smartfactory_20251108072607_9ab6ddf9d87240a3a08250c6735fc4b1.jpeg
YL5SLRW2,와이셔츠&드라이 79,2025-11-7,셔츠류,https://cloudfront.laundrygo.com/smartfactory/smartfactory_20251108072607_1e73beee5cf245169937ab552e96b04c.jpeg
YL5SLRW2,와이셔츠&드라이 79,2025-11-7,셔츠류,https://cloudfront.laundrygo.com/smartfactory/smartfactory_20251108072607_52778132b98c44adaaab8019da28a31f.jpeg
YL5SLRW2,와이셔츠&드라이 79,2025-11-7,셔츠류,https://cloudfront.laundrygo.com/smartfactory/smartfactory_20251108072707_3ed555f1ecc74a5287c0b769a94b045c.jpeg
YL5SLRW2,와이셔츠&드라이 79,2025-11-7,셔츠류,https://cloudfront.laundrygo.com/smartfactory/smartfactory_20251108072707_a3452dcc29724ad1a9d5166219df62ef.jpeg
YL5SLRW2,와이셔츠&드라이 79,2025-11-16,셔츠류,https://cloudfront.laundrygo.com/smartfactory/smartfactory_20251117052805_d0516694a307434c8a4eb89bcc2adb65.jpeg
YL5SLRW2,와이셔츠&드라이 79,2025-11-16,셔츠류,https://cloudfront.laundrygo.com/smartfactory/smartfactory_20251117052905_709578ce319b4147aa93c0925ce1f458.jpeg
YL5SLRW2,와이셔츠&드라이 79,2025-11-16,셔츠류,https://cloudfront.laundrygo.com/smartfactory/smartfactory_20251117052905_17b074c894324956a3c15537bcb9dd44.jpeg
YL5SLRW2,와이셔츠&드라이 79,2025-11-16,셔츠류,https://cloudfront.laundrygo.com/smartfactory/smartfactory_20251117052905_8fbf900484af4d3e9ca32fe73afc215d.jpeg
YL5SLRW2,와이셔츠&드라이 79,2025-11-16,셔츠류,https://cloudfront.laundrygo.com/smartfactory/smartfactory_20251117052905_3b6c4da12cdf4e14b1f2d4bd9cac88ee.jpeg
YL5SLRW2,와이셔츠&드라이 79,2025-11-16,셔츠류,https://cloudfront.laundrygo.com/smartfactory/smartfactory_20251117053005_5c8fa3c23e67488b989fab79c43226f0.jpeg
YL5SLRW2,와이셔츠&드라이 79,2025-11-22,셔츠류,https://cloudfront.laundrygo.com/smartfactory/smartfactory_20251123054405_bdbfd9eb25ee417b9e8f6b0fcc0e8ef1.jpeg
YL5SLRW2,와이셔츠&드라이 79,2025-11-22,셔츠류,https://cloudfront.laundrygo.com/smartfactory/smartfactory_20251123054505_331b0db5887e4daf987ed3d7a9061048.jpeg
YL5SLRW2,와이셔츠&드라이 79,2025-11-22,셔츠류,https://cloudfront.laundrygo.com/smartfactory/smartfactory_20251123054505_2f469f858fa34a489c64f11f90053390.jpeg
YL5SLRW2,와이셔츠&드라이 79,2025-11-22,셔츠류,https://cloudfront.laundrygo.com/smartfactory/smartfactory_20251123054505_e8de1dace46749c4a16f60425c016b4d.jpeg
YL5SLRW2,와이셔츠&드라이 79,2025-11-22,셔츠류,https://cloudfront.laundrygo.com/smartfactory/smartfactory_20251123054505_c35f6f98c014495eafc9a94172a62a71.jpeg
92N3G97S,자유이용서비스,2025-9-7,셔츠류,https://cloudfront.laundrygo.com/smartfactory/smartfactory_20250908033703_57a9bf51e5d041e2bef0f1e41fca79d4.jpeg
92N3G97S,자유이용서비스,2025-9-7,셔츠류,https://cloudfront.laundrygo.com/smartfactory/smartfactory_20250908033703_efdc4dc6731e4e328aa2619e3b0d563a.jpeg
92N3G97S,자유이용서비스,2025-9-7,셔츠류,https://cloudfront.laundrygo.com/smartfactory/smartfactory_20250908033803_80d346563e7d4581ba5187f2b7b257fc.jpeg
92N3G97S,자유이용서비스,2025-10-17,셔츠류,https://cloudfront.laundrygo.com/smartfactory/smartfactory_20251018002000_ec40e20aeb964817b0c285cd9164d712.jpeg
92N3G97S,자유이용서비스,2025-10-17,셔츠류,https://cloudfront.laundrygo.com/smartfactory/smartfactory_20251018002100_42e40f5ad77e4bbbb1a2271fc9cf51aa.jpeg
92N3G97S,자유이용서비스,2025-10-17,셔츠류,https://cloudfront.laundrygo.com/smartfactory/smartfactory_20251018002100_c219f6c3a38641a59fca6fa4836f8bec.jpeg
92N3G97S,자유이용서비스,2025-10-17,셔츠류,https://cloudfront.laundrygo.com/smartfactory/smartfactory_20251018002100_e0a2b3462657462aa9a2c972c8580d5e.jpeg
92N3G97S,자유이용서비스,2025-10-17,셔츠류,https://cloudfront.laundrygo.com/smartfactory/smartfactory_20251018002100_9df6e1bb39894894ab7fc66aa83e37fc.jpeg
92N3G97S,자유이용서비스,2025-10-21,셔츠류,https://cloudfront.laundrygo.com/smartfactory/smartfactory_20251022102010_236593055014492ba3a0afd6536feb60.jpeg
92N3G97S,자유이용서비스,2025-10-26,셔츠류,https://cloudfront.laundrygo.com/smartfactory/smartfactory_20251027013501_478ed53d33d542e397b2c3492c99ca10.jpeg
92N3G97S,자유이용서비스,2025-10-26,셔츠류,https://cloudfront.laundrygo.com/smartfactory/smartfactory_20251027013501_6385987d33124880a9cd7ef959d34d02.jpeg
92N3G97S,자유이용서비스,2025-10-31,셔츠류,https://cloudfront.laundrygo.com/smartfactory/smartfactory_20251101005700_098fba703e1f44b6b71e7305dbaf6619.jpeg
92N3G97S,자유이용서비스,2025-10-31,셔츠류,https://cloudfront.laundrygo.com/smartfactory/smartfactory_20251101005700_a0ff21e600ce4d4b8bdf38ba7ea8d076.jpeg
92N3G97S,자유이용서비스,2025-10-31,셔츠류,https://cloudfront.laundrygo.com/smartfactory/smartfactory_20251101005700_bc8148fad008480b8a3c27ea7d01f497.jpeg
92N3G97S,자유이용서비스,2025-10-31,셔츠류,https://cloudfront.laundrygo.com/smartfactory/smartfactory_20251101005700_46b1d33cc90040e2aa62cb4aae9a0cd4.jpeg
92N3G97S,자유이용서비스,2025-11-14,셔츠류,https://cloudfront.laundrygo.com/smartfactory/smartfactory_20251115002600_ae932932959e49ec8cfc43d5c3db4d5a.jpeg
92N3G97S,자유이용서비스,2025-11-14,셔츠류,https://cloudfront.laundrygo.com/smartfactory/smartfactory_20251115002600_bd9f5df588764c7fa391b8baf3ddcf06.jpeg
92N3G97S,자유이용서비스,2025-11-14,셔츠류,https://cloudfront.laundrygo.com/smartfactory/smartfactory_20251115002700_952a2a9d7adf4f3790ff916cab2af2e0.jpeg
92N3G97S,자유이용서비스,2025-11-14,셔츠류,https://cloudfront.laundrygo.com/smartfactory/smartfactory_20251115002700_347b08f653294faaa7de433df3d85280.jpeg
92N3G97S,자유이용서비스,2025-11-14,셔츠류,https://cloudfront.laundrygo.com/smartfactory/smartfactory_20251115002700_47cb1f444ddc4a59a565f660ace08ff0.jpeg
92N3G97S,자유이용서비스,2025-11-23,셔츠류,https://cloudfront.laundrygo.com/smartfactory/smartfactory_20251124003500_85b384cec440425b9fddc20cdd9b80ec.jpeg
92N3G97S,자유이용서비스,2025-11-23,셔츠류,https://cloudfront.laundrygo.com/smartfactory/smartfactory_20251124003500_a801e3684d7a4b9d9791fa1896777cc7.jpeg
92N3G97S,자유이용서비스,2025-11-23,셔츠류,https://cloudfront.laundrygo.com/smartfactory/smartfactory_20251124003600_873c1660736d4ebf90e4523ae4f38c31.jpeg
92N3G97S,자유이용서비스,2025-11-23,셔츠류,https://cloudfront.laundrygo.com/smartfactory/smartfactory_20251124003600_a57a12e93d99482688a6c283b3b105bd.jpeg
Z14XWW0I,드라이온리 73,2025-9-2,셔츠류,https://cloudfront.laundrygo.com/smartfactory/smartfactory_20250903063906_a891cddf820d4669ab79c29f04d3a857.jpeg
Z14XWW0I,드라이온리 73,2025-9-2,셔츠류,https://cloudfront.laundrygo.com/smartfactory/smartfactory_20250903063906_7d9fc1bf837f4689a42e75aedd05ab72.jpeg
Z14XWW0I,드라이온리 73,2025-9-2,셔츠류,https://cloudfront.laundrygo.com/smartfactory/smartfactory_20250903064006_f62252333d914a1da5e872ceec79edf2.jpeg
Z14XWW0I,드라이온리 73,2025-9-2,셔츠류,https://cloudfront.laundrygo.com/smartfactory/smartfactory_20250903064006_d4e361cf89504946b30db3e11c9a5790.jpeg
Z14XWW0I,드라이온리 73,2025-9-18,셔츠류,https://cloudfront.laundrygo.com/smartfactory/smartfactory_20250919051705_d71f18325a8246bc8e845fe7764a2627.jpeg
Z14XWW0I,드라이온리 73,2025-9-18,셔츠류,https://cloudfront.laundrygo.com/smartfactory/smartfactory_20250919051705_03af27f67bbd43c08a464cf29b0c8bf7.jpeg
Z14XWW0I,드라이온리 73,2025-9-18,셔츠류,https://cloudfront.laundrygo.com/smartfactory/smartfactory_20250919051405_d491c1f7922d4309ac80aa0f48ae46bc.jpeg
Z14XWW0I,드라이온리 73,2025-9-18,셔츠류,https://cloudfront.laundrygo.com/smartfactory/smartfactory_20250919051505_af2ed2410a474d7196a4ebf967a7b89c.jpeg
Z14XWW0I,드라이온리 73,2025-9-18,셔츠류,https://cloudfront.laundrygo.com/smartfactory/smartfactory_20250919051605_f1d4bfceee234cd2aa3f4123d5d78729.jpeg
Z14XWW0I,드라이온리 73,2025-9-30,셔츠류,https://cloudfront.laundrygo.com/smartfactory/smartfactory_20251001070107_3926d3be4d064614a2aa75bfff8f6c99.jpeg
Z14XWW0I,드라이온리 73,2025-9-30,셔츠류,https://cloudfront.laundrygo.com/smartfactory/smartfactory_20251001070107_e0a837c761a5415dacab5fce88699be2.jpeg
Z14XWW0I,드라이온리 73,2025-9-30,셔츠류,https://cloudfront.laundrygo.com/smartfactory/smartfactory_20251001070207_392aa567a4294003a03cd01531edebcf.jpeg
Z14XWW0I,드라이온리 73,2025-10-15,셔츠류,https://cloudfront.laundrygo.com/smartfactory/smartfactory_20251016061806_2d4b632b017e422ca098ead490ff3d43.jpeg
Z14XWW0I,드라이온리 73,2025-10-15,셔츠류,https://cloudfront.laundrygo.com/smartfactory/smartfactory_20251016061706_57e5601ae13640e6b9a1857007cf2fb7.jpeg
Z14XWW0I,드라이온리 73,2025-10-15,셔츠류,https://cloudfront.laundrygo.com/smartfactory/smartfactory_20251016061806_9ca4e552744a407e9db22b4b6637cab9.jpeg
Z14XWW0I,드라이온리 73,2025-10-15,셔츠류,https://cloudfront.laundrygo.com/smartfactory/smartfactory_20251016061806_be446707bbc340f29ea8b1a3e85264a4.jpeg
Z14XWW0I,런드리고X 베이직,2025-11-12,셔츠류,https://cloudfront.laundrygo.com/smartfactory/smartfactory_20251113055505_f84426f888ee46bbbbe04369a93ff549.jpeg
Z14XWW0I,런드리고X 베이직,2025-11-12,셔츠류,https://cloudfront.laundrygo.com/smartfactory/smartfactory_20251113055605_75a34da362894d0199e4b8e1c3845766.jpeg
Z14XWW0I,런드리고X 베이직,2025-11-12,셔츠류,https://cloudfront.laundrygo.com/smartfactory/smartfactory_20251113055605_8829bcfd6f8c4d68ac69a884da7ce8d7.jpeg
Z14XWW0I,런드리고X 베이직,2025-11-12,셔츠류,https://cloudfront.laundrygo.com/smartfactory/smartfactory_20251113055605_216142bfe18143ae853208666e5eeb3d.jpeg
Z14XWW0I,런드리고X 베이직,2025-11-12,셔츠류,https://cloudfront.laundrygo.com/smartfactory/smartfactory_20251113055705_323296385b5f4723b8aba194b35bb9df.jpeg
LM0CQRM8,자유이용서비스,2025-8-29,셔츠류,https://cloudfront.laundrygo.com/smartfactory/smartfactory_20250830091309_2b42c11b455a42d1a6f7cd573b5bc5f4.jpeg
LM0CQRM8,자유이용서비스,2025-8-29,셔츠류,https://cloudfront.laundrygo.com/smartfactory/smartfactory_20250830091409_4205d84ac9894151b59817af01f95fb1.jpeg
LM0CQRM8,자유이용서비스,2025-8-29,셔츠류,https://cloudfront.laundrygo.com/smartfactory/smartfactory_20250830091409_e487bd767dbb42c785cafd798c85c4df.jpeg
LM0CQRM8,자유이용서비스,2025-8-29,셔츠류,https://cloudfront.laundrygo.com/smartfactory/smartfactory_20250830091509_eb7543c5f1194e2c9d449a162bbc78dc.jpeg
LM0CQRM8,자유이용서비스,2025-8-29,셔츠류,https://cloudfront.laundrygo.com/smartfactory/smartfactory_20250830093109_408bfc95f4f74b79a4ba133d617dc338.jpeg
LM0CQRM8,자유이용서비스,2025-8-29,셔츠류,https://cloudfront.laundrygo.com/smartfactory/smartfactory_20250830091209_b1ab2de7176e429aa2ea8b551561c648.jpeg
LM0CQRM8,자유이용서비스,2025-8-29,셔츠류,https://cloudfront.laundrygo.com/smartfactory/smartfactory_20250830091309_4aed6306aede43c490bf8ad845387c54.jpeg
LM0CQRM8,자유이용서비스,2025-8-29,셔츠류,https://cloudfront.laundrygo.com/smartfactory/smartfactory_20250830093209_ba1e1bf286654586941865ac5084a06f.jpeg
LM0CQRM8,자유이용서비스,2025-9-10,셔츠류,https://cloudfront.laundrygo.com/smartfactory/smartfactory_20250911061806_338fbff593ba47f1a49d7f32ac54578a.jpeg
LM0CQRM8,자유이용서비스,2025-9-10,셔츠류,https://cloudfront.laundrygo.com/smartfactory/smartfactory_20250911062206_e7330455e03e44238d885d8f9ffadbb3.jpeg
LM0CQRM8,자유이용서비스,2025-9-10,셔츠류,https://cloudfront.laundrygo.com/smartfactory/smartfactory_20250911062406_c04a2556e7814ddfa5a3d579c11d1332.jpeg
LM0CQRM8,자유이용서비스,2025-9-10,셔츠류,https://cloudfront.laundrygo.com/smartfactory/smartfactory_20250911062506_64c30e109c784705b6d969282a1960c9.jpeg
LM0CQRM8,자유이용서비스,2025-9-10,셔츠류,https://cloudfront.laundrygo.com/smartfactory/smartfactory_20250911061906_40e06d6448504578ac7b11a81f83de71.jpeg
LM0CQRM8,자유이용서비스,2025-9-10,셔츠류,https://cloudfront.laundrygo.com/smartfactory/smartfactory_20250911062306_be2c8420fa0d4189b4cecb06753a4304.jpeg
LM0CQRM8,자유이용서비스,2025-9-10,셔츠류,https://cloudfront.laundrygo.com/smartfactory/smartfactory_20250911062406_5bdc64f27fa7495cbe59145919320883.jpeg
LM0CQRM8,자유이용서비스,2025-9-10,셔츠류,https://cloudfront.laundrygo.com/smartfactory/smartfactory_20250911062406_09e6f2334f1d442f829f6e027d5dd411.jpeg
LM0CQRM8,자유이용서비스,2025-9-22,셔츠류,https://cloudfront.laundrygo.com/smartfactory/smartfactory_20250924095709_2c29a59a0f994b97bcaa994641e6b457.jpeg
LM0CQRM8,자유이용서비스,2025-9-22,셔츠류,https://cloudfront.laundrygo.com/smartfactory/smartfactory_20250924095909_62d32e4dd2b249b59622755bd93be8b4.jpeg
LM0CQRM8,자유이용서비스,2025-9-22,셔츠류,https://cloudfront.laundrygo.com/smartfactory/smartfactory_20250924095909_d04abb3cd42e4a149d32a06fa38527ed.jpeg
LM0CQRM8,자유이용서비스,2025-9-22,셔츠류,https://cloudfront.laundrygo.com/smartfactory/smartfactory_20250924100010_dd016b08065b46b080a8ec91ace8e460.jpeg
LM0CQRM8,자유이용서비스,2025-9-22,셔츠류,https://cloudfront.laundrygo.com/smartfactory/smartfactory_20250924100210_ba53ea5d0224438088645343036cf525.jpeg
LM0CQRM8,자유이용서비스,2025-9-22,셔츠류,https://cloudfront.laundrygo.com/smartfactory/smartfactory_20250924095809_eee14c868d4d4b1eaaf082d87c055228.jpeg
LM0CQRM8,자유이용서비스,2025-10-2,셔츠류,https://cloudfront.laundrygo.com/smartfactory/smartfactory_20251003112711_63847f0e92f845efa7e3babe5f7f7acc.jpeg
LM0CQRM8,자유이용서비스,2025-10-2,셔츠류,https://cloudfront.laundrygo.com/smartfactory/smartfactory_20251003112911_026575f59a2d435e96b51432668b38ea.jpeg
LM0CQRM8,자유이용서비스,2025-10-2,셔츠류,https://cloudfront.laundrygo.com/smartfactory/smartfactory_20251003113011_f464aea01f28412aabea5b45a6684999.jpeg
LM0CQRM8,자유이용서비스,2025-10-2,셔츠류,https://cloudfront.laundrygo.com/smartfactory/smartfactory_20251003113011_29c46c4c8757452191dc4d3b0cbbcf1d.jpeg
LM0CQRM8,자유이용서비스,2025-10-2,셔츠류,https://cloudfront.laundrygo.com/smartfactory/smartfactory_20251003113111_e8288907e202402184740e6a61979db8.jpeg
LM0CQRM8,자유이용서비스,2025-10-2,셔츠류,https://cloudfront.laundrygo.com/smartfactory/smartfactory_20251003112811_38ee7507f0274445ab090d9fbf826a6f.jpeg
LM0CQRM8,자유이용서비스,2025-10-2,셔츠류,https://cloudfront.laundrygo.com/smartfactory/smartfactory_20251003112911_c0eb6cc723344323aa5333d1fc3f530d.jpeg
LM0CQRM8,자유이용서비스,2025-10-13,셔츠류,https://cloudfront.laundrygo.com/smartfactory/smartfactory_20251014101810_db8584d2d5e741c4b23837031ea11859.jpeg
LM0CQRM8,자유이용서비스,2025-10-13,셔츠류,https://cloudfront.laundrygo.com/smartfactory/smartfactory_20251014101810_1f2e71953daa47d18ce8479879719d3f.jpeg
LM0CQRM8,자유이용서비스,2025-10-13,셔츠류,https://cloudfront.laundrygo.com/smartfactory/smartfactory_20251014101710_86ea9c3699b24159b50b8d6d26f224a4.jpeg
LM0CQRM8,자유이용서비스,2025-10-13,셔츠류,https://cloudfront.laundrygo.com/smartfactory/smartfactory_20251014101910_6b304b2bf4284fb698a117df777cdfa3.jpeg
LM0CQRM8,자유이용서비스,2025-10-21,셔츠류,https://cloudfront.laundrygo.com/smartfactory/smartfactory_20251022105910_39bd2354332e4f90b3337b793a879c34.jpeg
LM0CQRM8,자유이용서비스,2025-10-21,셔츠류,https://cloudfront.laundrygo.com/smartfactory/smartfactory_20251022110111_f1649e0c451c4be2b073688e4ecd2f75.jpeg
LM0CQRM8,자유이용서비스,2025-10-21,셔츠류,https://cloudfront.laundrygo.com/smartfactory/smartfactory_20251022110411_dbf9533570364c9391219439a8be613d.jpeg
LM0CQRM8,자유이용서비스,2025-10-21,셔츠류,https://cloudfront.laundrygo.com/smartfactory/smartfactory_20251022110111_472e4447088d47ee84a2281d8473491d.jpeg
LM0CQRM8,자유이용서비스,2025-10-21,셔츠류,https://cloudfront.laundrygo.com/smartfactory/smartfactory_20251022110311_0ab244025a1b464883d6dd70c2722639.jpeg
LM0CQRM8,자유이용서비스,2025-10-21,셔츠류,https://cloudfront.laundrygo.com/smartfactory/smartfactory_20251022110411_5833e3a344e5499389bfc13e1f5effed.jpeg
LM0CQRM8,자유이용서비스,2025-10-29,셔츠류,https://cloudfront.laundrygo.com/smartfactory/smartfactory_20251030084208_84b3c40e82b4488c9b01a672c80ea9a8.jpeg
LM0CQRM8,자유이용서비스,2025-10-29,셔츠류,https://cloudfront.laundrygo.com/smartfactory/smartfactory_20251030084308_674f4810611147a0a2f975182208df20.jpeg
LM0CQRM8,자유이용서비스,2025-10-29,셔츠류,https://cloudfront.laundrygo.com/smartfactory/smartfactory_20251030084408_e836adf63a8e485d98a6a5e161546239.jpeg
LM0CQRM8,자유이용서비스,2025-10-29,셔츠류,https://cloudfront.laundrygo.com/smartfactory/smartfactory_20251030084508_433c77a1711f4aadac812ac56fad8396.jpeg
LM0CQRM8,자유이용서비스,2025-10-29,셔츠류,https://cloudfront.laundrygo.com/smartfactory/smartfactory_20251030084108_4d514b5380254fefad7bac19f5bf8563.jpeg
LM0CQRM8,자유이용서비스,2025-10-29,셔츠류,https://cloudfront.laundrygo.com/smartfactory/smartfactory_20251030084308_b60274ad1b1f411bb3f9e6902d56e0dc.jpeg
LM0CQRM8,자유이용서비스,2025-10-29,셔츠류,https://cloudfront.laundrygo.com/smartfactory/smartfactory_20251030084508_f94a1123f9634bd58d2f3f67aa3ad028.jpeg
LM0CQRM8,자유이용서비스,2025-11-9,셔츠류,https://cloudfront.laundrygo.com/smartfactory/smartfactory_20251110091809_6f88a60f807a47609d50e8012055e278.jpeg
LM0CQRM8,자유이용서비스,2025-11-9,셔츠류,https://cloudfront.laundrygo.com/smartfactory/smartfactory_20251110091809_54cdf45a7c82436e999e2a2ab73246c3.jpeg
LM0CQRM8,자유이용서비스,2025-11-9,셔츠류,https://cloudfront.laundrygo.com/smartfactory/smartfactory_20251110091909_59e984e48eda455c947ad27d67cdbd42.jpeg
LM0CQRM8,자유이용서비스,2025-11-9,셔츠류,https://cloudfront.laundrygo.com/smartfactory/smartfactory_20251110091909_b080a489fbd243dfb7c8c3c5a1390f78.jpeg
LM0CQRM8,자유이용서비스,2025-11-9,셔츠류,https://cloudfront.laundrygo.com/smartfactory/smartfactory_20251110092009_d54aed194a42468891d2b98aa6ad9356.jpeg
LM0CQRM8,자유이용서비스,2025-11-23,셔츠류,https://cloudfront.laundrygo.com/smartfactory/smartfactory_20251124102510_f7fb7f8faa394bed805043e37233c6e9.jpeg
LM0CQRM8,자유이용서비스,2025-11-23,셔츠류,https://cloudfront.laundrygo.com/smartfactory/smartfactory_20251124102510_2de6b7348ef2487eb1ffefe8c7b758da.jpeg
LM0CQRM8,자유이용서비스,2025-11-23,셔츠류,https://cloudfront.laundrygo.com/smartfactory/smartfactory_20251124102610_400f1e58a2ba4ac5ad5c9b29d0f64947.jpeg
LM0CQRM8,자유이용서비스,2025-11-23,셔츠류,https://cloudfront.laundrygo.com/smartfactory/smartfactory_20251124102610_fd976088e9254f38bbd54be4d475d7e4.jpeg
LM0CQRM8,자유이용서비스,2025-11-23,셔츠류,https://cloudfront.laundrygo.com/smartfactory/smartfactory_20251124102710_3d34884f7464453fa1cc9918fe10be53.jpeg
LM0CQRM8,자유이용서비스,2025-11-23,셔츠류,https://cloudfront.laundrygo.com/smartfactory/smartfactory_20251124102810_2a64c8bd833f431ebffb6074faf26987.jpeg
LM0CQRM8,자유이용서비스,2025-11-23,셔츠류,https://cloudfront.laundrygo.com/smartfactory/smartfactory_20251124102510_56f1ffa771ad42ed9bf5fc355ab5d1d8.jpeg
WJFM7PWS,와이셔츠&드라이 47,2025-8-27,셔츠류,https://cloudfront.laundrygo.com/smartfactory/smartfactory_20250828055105_a1d94764f091459bae5de200d0807873.jpeg
WJFM7PWS,와이셔츠&드라이 47,2025-8-27,셔츠류,https://cloudfront.laundrygo.com/smartfactory/smartfactory_20250828055205_54fffe58c21441d2bc0e3e8c1055f10f.jpeg
WJFM7PWS,와이셔츠&드라이 47,2025-8-27,셔츠류,https://cloudfront.laundrygo.com/smartfactory/smartfactory_20250828055305_041771dc354b43fa847feba3e37fbd55.jpeg
WJFM7PWS,와이셔츠&드라이 47,2025-8-27,셔츠류,https://cloudfront.laundrygo.com/smartfactory/smartfactory_20250828055405_92a7e7a35edd485fb606135b57fe577d.jpeg
WJFM7PWS,와이셔츠&드라이 47,2025-8-27,셔츠류,https://cloudfront.laundrygo.com/smartfactory/smartfactory_20250828055405_8ad4e7bcb0bd414cb1c4f03d6e788a03.jpeg
WJFM7PWS,와이셔츠&드라이 47,2025-8-27,셔츠류,https://cloudfront.laundrygo.com/smartfactory/smartfactory_20250828055505_61a54236dab648ecb099a8ecefd53a3f.jpeg
WJFM7PWS,와이셔츠&드라이 47,2025-8-27,셔츠류,https://cloudfront.laundrygo.com/smartfactory/smartfactory_20250828055605_050ec84844ce44ab808a8f0c5ca32982.jpeg
WJFM7PWS,와이셔츠&드라이 47,2025-8-27,셔츠류,https://cloudfront.laundrygo.com/smartfactory/smartfactory_20250828055705_7cb61d6d7d324f8cabc1ce69d72cf87d.jpeg
WJFM7PWS,와이셔츠&드라이 47,2025-9-8,셔츠류,https://cloudfront.laundrygo.com/smartfactory/smartfactory_20250909025202_6faaf2d6e4d646a5ba511fe003b1d787.jpeg
WJFM7PWS,와이셔츠&드라이 47,2025-9-8,셔츠류,https://cloudfront.laundrygo.com/smartfactory/smartfactory_20250909025302_643f9113e9ea4ce684e84dc28e7db734.jpeg
WJFM7PWS,와이셔츠&드라이 47,2025-9-8,셔츠류,https://cloudfront.laundrygo.com/smartfactory/smartfactory_20250909025302_3cf51f9f57634326bc9079f819e7644b.jpeg
WJFM7PWS,와이셔츠&드라이 47,2025-9-8,셔츠류,https://cloudfront.laundrygo.com/smartfactory/smartfactory_20250909025402_20d46a41f39c491aab95e543d5db71b6.jpeg
WJFM7PWS,와이셔츠&드라이 47,2025-9-8,셔츠류,https://cloudfront.laundrygo.com/smartfactory/smartfactory_20250909025402_2ffcf0491a8d4faa9c5889eba8c4b69d.jpeg
WJFM7PWS,와이셔츠&드라이 47,2025-9-8,셔츠류,https://cloudfront.laundrygo.com/smartfactory/smartfactory_20250909025502_dfd64e07e15942b58b7802586d5af7c9.jpeg
WJFM7PWS,와이셔츠&드라이 47,2025-9-8,셔츠류,https://cloudfront.laundrygo.com/smartfactory/smartfactory_20250909025502_c4a399911a284bc48078784cf86f6133.jpeg
WJFM7PWS,와이셔츠&드라이 47,2025-9-8,셔츠류,https://cloudfront.laundrygo.com/smartfactory/smartfactory_20250909025502_1778c4b030354c81ac7d2f8577e041ca.jpeg
WJFM7PWS,와이셔츠&드라이 47,2025-9-8,셔츠류,https://cloudfront.laundrygo.com/smartfactory/smartfactory_20250909025602_e1d4f5b22a3f4433bde6dc4618ac9d92.jpeg
WJFM7PWS,와이셔츠&드라이 47,2025-9-8,셔츠류,https://cloudfront.laundrygo.com/smartfactory/smartfactory_20250909025602_0d8edecfb9874d3398070064c397f341.jpeg
WJFM7PWS,와이셔츠&드라이 47,2025-9-20,셔츠류,https://cloudfront.laundrygo.com/smartfactory/smartfactory_20250921062106_687b74f449ad4c26a813ef31341054e3.jpeg
WJFM7PWS,와이셔츠&드라이 47,2025-9-20,셔츠류,https://cloudfront.laundrygo.com/smartfactory/smartfactory_20250921062106_87be36627f3e45d0876046bbef30586e.jpeg
WJFM7PWS,와이셔츠&드라이 47,2025-9-20,셔츠류,https://cloudfront.laundrygo.com/smartfactory/smartfactory_20250921062206_8febffe2cb7f408fae47fcd67077c55b.jpeg
WJFM7PWS,와이셔츠&드라이 47,2025-9-20,셔츠류,https://cloudfront.laundrygo.com/smartfactory/smartfactory_20250921062306_eef8b539c9eb45b3967dcfb9f20f59e5.jpeg
WJFM7PWS,와이셔츠&드라이 47,2025-9-20,셔츠류,https://cloudfront.laundrygo.com/smartfactory/smartfactory_20250921062306_c70a0b4212d2463f9f2dd15778abccc6.jpeg
WJFM7PWS,와이셔츠&드라이 47,2025-9-20,셔츠류,https://cloudfront.laundrygo.com/smartfactory/smartfactory_20250921062406_1ff0a68f545d4477a0df4a1cf5efd381.jpeg
WJFM7PWS,와이셔츠&드라이 47,2025-9-20,셔츠류,https://cloudfront.laundrygo.com/smartfactory/smartfactory_20250921062406_c86dc4f727744dc99f996812c9e7fe49.jpeg
WJFM7PWS,와이셔츠&드라이 47,2025-9-20,셔츠류,https://cloudfront.laundrygo.com/smartfactory/smartfactory_20250921062506_166fd7c7cb934d6f9e39c42dcb80275b.jpeg
WJFM7PWS,와이셔츠&드라이 47,2025-9-20,셔츠류,https://cloudfront.laundrygo.com/smartfactory/smartfactory_20250921062206_2f212b24bc4c4f9b862033ebe353843f.jpeg
WJFM7PWS,와이셔츠&드라이 47,2025-9-20,셔츠류,https://cloudfront.laundrygo.com/smartfactory/smartfactory_20250921062306_51fff8f0f0c74de393bde51cf24c03bd.jpeg
WJFM7PWS,와이셔츠&드라이 47,2025-10-11,셔츠류,https://cloudfront.laundrygo.com/smartfactory/smartfactory_20251012081108_95e213abe0d2469e9ed5bb64226f45b3.jpeg
WJFM7PWS,와이셔츠&드라이 47,2025-10-11,셔츠류,https://cloudfront.laundrygo.com/smartfactory/smartfactory_20251012081108_8bb85f18856342b28b15f8aa4dc16cd8.jpeg
WJFM7PWS,와이셔츠&드라이 47,2025-10-11,셔츠류,https://cloudfront.laundrygo.com/smartfactory/smartfactory_20251012081208_d0ac4a8619764c8892a969727e75ce4f.jpeg
WJFM7PWS,와이셔츠&드라이 47,2025-10-11,셔츠류,https://cloudfront.laundrygo.com/smartfactory/smartfactory_20251012081208_0008f10bc5c742d09ac6e0639621210e.jpeg
WJFM7PWS,와이셔츠&드라이 47,2025-10-11,셔츠류,https://cloudfront.laundrygo.com/smartfactory/smartfactory_20251012081308_658af42775cd4feeacbc2caeadc3aa8c.jpeg
WJFM7PWS,와이셔츠&드라이 47,2025-10-11,셔츠류,https://cloudfront.laundrygo.com/smartfactory/smartfactory_20251012081308_18a98d088aa34395ba4a63589e11a173.jpeg
WJFM7PWS,와이셔츠&드라이 47,2025-10-11,셔츠류,https://cloudfront.laundrygo.com/smartfactory/smartfactory_20251012081308_87535ced0d0e42a2bab9c1974fb16199.jpeg
WJFM7PWS,와이셔츠&드라이 47,2025-10-11,셔츠류,https://cloudfront.laundrygo.com/smartfactory/smartfactory_20251012081408_28bcc724746b4722a1e12364ab4d12f8.jpeg
WJFM7PWS,와이셔츠&드라이 47,2025-10-11,셔츠류,https://cloudfront.laundrygo.com/smartfactory/smartfactory_20251012081108_d86562cae5a840779c5b2f4306e55a5e.jpeg
WJFM7PWS,와이셔츠&드라이 47,2025-10-22,셔츠류,https://cloudfront.laundrygo.com/smartfactory/smartfactory_20251023023702_0ecc40db96da42fa8a71ecee749afe97.jpeg
WJFM7PWS,와이셔츠&드라이 47,2025-10-22,셔츠류,https://cloudfront.laundrygo.com/smartfactory/smartfactory_20251023023802_ef92e3f6e8534944abbac42aee6d9a45.jpeg
WJFM7PWS,와이셔츠&드라이 47,2025-10-22,셔츠류,https://cloudfront.laundrygo.com/smartfactory/smartfactory_20251023023802_aed7ae520b0d4ad28743e15319afad71.jpeg
WJFM7PWS,와이셔츠&드라이 47,2025-10-22,셔츠류,https://cloudfront.laundrygo.com/smartfactory/smartfactory_20251023023802_a19d04fecbba4d78b1b4bd6e3b1b2cc0.jpeg
WJFM7PWS,와이셔츠&드라이 47,2025-10-22,셔츠류,https://cloudfront.laundrygo.com/smartfactory/smartfactory_20251023023802_b1ad0ffa05df488dbe48452d0696b92a.jpeg
WJFM7PWS,와이셔츠&드라이 47,2025-10-22,셔츠류,https://cloudfront.laundrygo.com/smartfactory/smartfactory_20251023023902_1299b6721df245169e429460b44b7538.jpeg
WJFM7PWS,와이셔츠&드라이 47,2025-10-22,셔츠류,https://cloudfront.laundrygo.com/smartfactory/smartfactory_20251023023902_32b9127a7c8744ceba9531c078ecbc00.jpeg
WJFM7PWS,와이셔츠&드라이 47,2025-10-22,셔츠류,https://cloudfront.laundrygo.com/smartfactory/smartfactory_20251023023902_a980bc7c11e3469aa5b69a91a394b606.jpeg
WJFM7PWS,와이셔츠&드라이 47,2025-10-22,셔츠류,https://cloudfront.laundrygo.com/smartfactory/smartfactory_20251023023902_693ac92e0d6348658f9d476ea21c6ddc.jpeg
WJFM7PWS,와이셔츠&드라이 47,2025-11-3,셔츠류,https://cloudfront.laundrygo.com/smartfactory/smartfactory_20251104110011_d3d962a8787445439a0711cf0bc68f7f.jpeg
WJFM7PWS,와이셔츠&드라이 47,2025-11-3,셔츠류,https://cloudfront.laundrygo.com/smartfactory/smartfactory_20251104110011_d81d0b7350154df8b2ed788008f2246b.jpeg
WJFM7PWS,와이셔츠&드라이 47,2025-11-3,셔츠류,https://cloudfront.laundrygo.com/smartfactory/smartfactory_20251104110111_923215e20fc24be8aa31e8411c160acd.jpeg
WJFM7PWS,와이셔츠&드라이 47,2025-11-3,셔츠류,https://cloudfront.laundrygo.com/smartfactory/smartfactory_20251104110111_e48e2de33911477bbb61f4918dfa858e.jpeg
WJFM7PWS,와이셔츠&드라이 47,2025-11-3,셔츠류,https://cloudfront.laundrygo.com/smartfactory/smartfactory_20251104110111_edda6c139920429490ab7bca3befadc8.jpeg
WJFM7PWS,와이셔츠&드라이 47,2025-11-3,셔츠류,https://cloudfront.laundrygo.com/smartfactory/smartfactory_20251104110211_4e741eb07f5c416f885758e14edbd60a.jpeg
WJFM7PWS,와이셔츠&드라이 47,2025-11-3,셔츠류,https://cloudfront.laundrygo.com/smartfactory/smartfactory_20251104110211_13045a0bbbf249d2aa8a10024d5ad25b.jpeg
WJFM7PWS,와이셔츠&드라이 47,2025-11-3,셔츠류,https://cloudfront.laundrygo.com/smartfactory/smartfactory_20251104110211_6ffbff9aec6a40c2a70b94bd85aef72d.jpeg
WJFM7PWS,와이셔츠&드라이 47,2025-11-3,셔츠류,https://cloudfront.laundrygo.com/smartfactory/smartfactory_20251104110311_482ea76bcfd048e1810d8b9d6ed9cca8.jpeg
WJFM7PWS,와이셔츠&드라이 47,2025-11-11,셔츠류,https://cloudfront.laundrygo.com/smartfactory/smartfactory_20251112081408_7881aab84ceb4459b90b724f5e632bd3.jpeg
WJFM7PWS,와이셔츠&드라이 47,2025-11-11,셔츠류,https://cloudfront.laundrygo.com/smartfactory/smartfactory_20251112081508_0419e0f645b54cf4b91027f2074d2365.jpeg
WJFM7PWS,와이셔츠&드라이 47,2025-11-11,셔츠류,https://cloudfront.laundrygo.com/smartfactory/smartfactory_20251112081508_1a010d5c34b74ae3be3c401284836de5.jpeg
WJFM7PWS,와이셔츠&드라이 47,2025-11-11,셔츠류,https://cloudfront.laundrygo.com/smartfactory/smartfactory_20251112081608_5be4f2daf6514e31a330278cd3122c60.jpeg
WJFM7PWS,와이셔츠&드라이 47,2025-11-11,셔츠류,https://cloudfront.laundrygo.com/smartfactory/smartfactory_20251112081608_b617927b434a4c19b9354c475bfc09aa.jpeg
WJFM7PWS,와이셔츠&드라이 47,2025-11-11,셔츠류,https://cloudfront.laundrygo.com/smartfactory/smartfactory_20251112081608_12f6d0e0377b4dc2bc1436949e5349eb.jpeg
WJFM7PWS,와이셔츠&드라이 47,2025-11-20,셔츠류,https://cloudfront.laundrygo.com/smartfactory/smartfactory_20251121082708_c86683af25254d309d0c8ee839d9e667.jpeg
WJFM7PWS,와이셔츠&드라이 47,2025-11-20,셔츠류,https://cloudfront.laundrygo.com/smartfactory/smartfactory_20251121082708_9cef240427104fc9928a73d06dab3101.jpeg
WJFM7PWS,와이셔츠&드라이 47,2025-11-20,셔츠류,https://cloudfront.laundrygo.com/smartfactory/smartfactory_20251121082808_10499009f9224484b89e745b70c54b80.jpeg
WJFM7PWS,와이셔츠&드라이 47,2025-11-20,셔츠류,https://cloudfront.laundrygo.com/smartfactory/smartfactory_20251121082808_19ec4162c5cf42228a808a86eecb537d.jpeg
WJFM7PWS,와이셔츠&드라이 47,2025-11-20,셔츠류,https://cloudfront.laundrygo.com/smartfactory/smartfactory_20251121082808_fb46bf9659a5431ab8c3e17ec22c8005.jpeg
WJFM7PWS,와이셔츠&드라이 47,2025-11-20,셔츠류,https://cloudfront.laundrygo.com/smartfactory/smartfactory_20251121082808_77427da2c622419281d93fc19d154922.jpeg
WJFM7PWS,와이셔츠&드라이 47,2025-11-20,셔츠류,https://cloudfront.laundrygo.com/smartfactory/smartfactory_20251121082908_902ee3b608134ca0937c7542539e2eba.jpeg
WJFM7PWS,와이셔츠&드라이 47,2025-11-20,셔츠류,https://cloudfront.laundrygo.com/smartfactory/smartfactory_20251121082908_652e3275ea134285ab49c9684c3855d9.jpeg
WJFM7PWS,와이셔츠&드라이 47,2025-11-20,셔츠류,https://cloudfront.laundrygo.com/smartfactory/smartfactory_20251121082908_9847fc819fde4984b7f264cd4b24be38.jpeg
0OSL6SMQ,자유이용서비스,2025-9-13,셔츠류,https://cloudfront.laundrygo.com/smartfactory/smartfactory_20250914130513_d0dc30bee7944eaf887e0c461cf6802b.jpeg
0OSL6SMQ,자유이용서비스,2025-9-13,셔츠류,https://cloudfront.laundrygo.com/smartfactory/smartfactory_20250914130513_0ec0973bdecc44418322b13dd889498c.jpeg
0OSL6SMQ,자유이용서비스,2025-9-13,셔츠류,https://cloudfront.laundrygo.com/smartfactory/smartfactory_20250914130513_2992b9b979714f8a9da9c9bdbab3d895.jpeg
0OSL6SMQ,자유이용서비스,2025-9-13,셔츠류,https://cloudfront.laundrygo.com/smartfactory/smartfactory_20250914130613_b0e8997b22754ac59a80062fbd883547.jpeg
0OSL6SMQ,자유이용서비스,2025-9-13,셔츠류,https://cloudfront.laundrygo.com/smartfactory/smartfactory_20250914130613_0ba829be783242b28e2fc677523e5682.jpeg
0OSL6SMQ,자유이용서비스,2025-9-13,셔츠류,https://cloudfront.laundrygo.com/smartfactory/smartfactory_20250914130613_445875a590c046c492169fa3ed27ea44.jpeg
0OSL6SMQ,자유이용서비스,2025-9-13,셔츠류,https://cloudfront.laundrygo.com/smartfactory/smartfactory_20250914130713_cbc0e3aa14ce4830a83aa33cb1956329.jpeg
0OSL6SMQ,자유이용서비스,2025-9-13,셔츠류,https://cloudfront.laundrygo.com/smartfactory/smartfactory_20250914130613_7bc2dfb3e6cb4851a8a54c3e8bcb4ad0.jpeg
WVC3H541,자유이용서비스,2025-10-1,셔츠류,https://cloudfront.laundrygo.com/smartfactory/smartfactory_20251003094609_230e1657fc9c44b5aeeae6459d754c2f.jpeg
T2ZWQU74,자유이용서비스,2025-9-8,셔츠류,https://cloudfront.laundrygo.com/smartfactory/smartfactory_20250909015101_9d1579b793cb4957bc9defefb019e123.jpeg
T2ZWQU74,자유이용서비스,2025-10-18,셔츠류,https://cloudfront.laundrygo.com/smartfactory/smartfactory_20251019003700_1e3c7a7d1e75469dbb2d5de88f3108ec.jpeg
T2ZWQU74,자유이용서비스,2025-10-18,셔츠류,https://cloudfront.laundrygo.com/smartfactory/smartfactory_20251019003700_8d4a0326638d4db0873e14512de89422.jpeg
NFQ90TRS,자유이용서비스,2025-9-7,셔츠류,https://cloudfront.laundrygo.com/smartfactory/smartfactory_20250908093809_598c2e8bedd74d609267a6d2a1285118.jpeg
NFQ90TRS,자유이용서비스,2025-9-14,셔츠류,https://cloudfront.laundrygo.com/smartfactory/smartfactory_20250916100010_05d10dafb6874a388394a24def0ccf6a.jpeg
NFQ90TRS,자유이용서비스,2025-9-14,셔츠류,https://cloudfront.laundrygo.com/smartfactory/smartfactory_20250916100110_730f89c7f5f443f18964a1460b97d114.jpeg
NFQ90TRS,자유이용서비스,2025-9-30,셔츠류,https://cloudfront.laundrygo.com/smartfactory/smartfactory_20251002113611_666bec35a5ca4bfc860bf1311839092d.jpeg
NFQ90TRS,드라이온리 39,2025-10-13,셔츠류,https://cloudfront.laundrygo.com/smartfactory/smartfactory_20251016085208_45e55dc58d394ac7a303691ee2a9106e.jpeg
NFQ90TRS,드라이온리 39,2025-10-13,셔츠류,https://cloudfront.laundrygo.com/smartfactory/smartfactory_20251016085108_486c2c3360464051b254dd5df0fd2626.jpeg
NFQ90TRS,드라이온리 39,2025-10-13,셔츠류,https://cloudfront.laundrygo.com/smartfactory/smartfactory_20251016085308_a4835c615f5e4e419b4493423b62fcc5.jpeg
NFQ90TRS,드라이온리 39,2025-10-26,셔츠류,https://cloudfront.laundrygo.com/smartfactory/smartfactory_20251030100810_70f11277335144ba9ec77223aef5656f.jpeg
NFQ90TRS,자유이용서비스,2025-11-11,셔츠류,https://cloudfront.laundrygo.com/smartfactory/smartfactory_20251115074407_c7f59a0a7aef4437b79417dcf85b6324.jpeg
056LS2NK,드라이온리 39,2025-8-26,셔츠류,https://cloudfront.laundrygo.com/smartfactory/smartfactory_20250828160416_beaa7a14df0d44889772cc0559164559.jpeg
056LS2NK,드라이온리 39,2025-8-26,셔츠류,https://cloudfront.laundrygo.com/smartfactory/smartfactory_20250828160516_213d93ec0130432687d52f933e184f15.jpeg
056LS2NK,드라이온리 39,2025-9-21,셔츠류,https://cloudfront.laundrygo.com/smartfactory/smartfactory_20250924140314_f5a59176770f40b698bc62c3999af643.jpeg
056LS2NK,드라이온리 39,2025-9-21,셔츠류,https://cloudfront.laundrygo.com/smartfactory/smartfactory_20250924140314_a2cb9bc03b614f8c932876997084ba2c.jpeg
056LS2NK,드라이온리 39,2025-9-21,셔츠류,https://cloudfront.laundrygo.com/smartfactory/smartfactory_20250924140214_570dd7bdc5fd41fd806455c7d4de14ea.jpeg
056LS2NK,드라이온리 39,2025-9-21,셔츠류,https://cloudfront.laundrygo.com/smartfactory/smartfactory_20250924140414_6bc1d3089ec2429e927a1d87f7b32e80.jpeg
056LS2NK,드라이온리 39,2025-11-17,셔츠류,https://cloudfront.laundrygo.com/smartfactory/smartfactory_20251118145514_9cdd61bcaeff45b3a5cb079cd3d3ef75.jpeg
056LS2NK,드라이온리 39,2025-11-17,셔츠류,https://cloudfront.laundrygo.com/smartfactory/smartfactory_20251118145314_cb7ef65c6f7a4cf8a9376143908a97a6.jpeg
056LS2NK,드라이온리 39,2025-11-17,셔츠류,https://cloudfront.laundrygo.com/smartfactory/smartfactory_20251118145614_a8001c2fe6834446a2cd4e8a6230117b.jpeg
QRM5DDNR,자유이용서비스,2025-9-14,셔츠류,https://cloudfront.laundrygo.com/smartfactory/smartfactory_20250915000700_79e1005c60f147e0a99d02aa332f9c23.jpeg
QRM5DDNR,자유이용서비스,2025-9-14,셔츠류,https://cloudfront.laundrygo.com/smartfactory/smartfactory_20250915000800_65e05eb6e66d4375ad3f7a0ab62a6fd2.jpeg
QRM5DDNR,자유이용서비스,2025-10-26,셔츠류,https://cloudfront.laundrygo.com/smartfactory/smartfactory_20251027004400_fb2653ba6cfc4f35bea2c5f286d8222a.jpeg
L90SPX92,자유이용서비스,2025-9-2,셔츠류,https://cloudfront.laundrygo.com/smartfactory/smartfactory_20250903010101_cfd897145fa7453283e9ad307e9d260d.jpeg
L90SPX92,자유이용서비스,2025-10-2,셔츠류,https://cloudfront.laundrygo.com/smartfactory/smartfactory_20251003055405_11464a9b506d41e986cc6b03775e023b.jpeg
2UW9IDLF,와이셔츠&드라이 47,2025-8-29,셔츠류,https://cloudfront.laundrygo.com/smartfactory/smartfactory_20250830053505_a6d7a04632f94589a4f702a85cd25c07.jpeg
2UW9IDLF,와이셔츠&드라이 47,2025-8-29,셔츠류,https://cloudfront.laundrygo.com/smartfactory/smartfactory_20250830053505_6b0cc573ebab44d3a8c8226e2a3e9db7.jpeg
2UW9IDLF,와이셔츠&드라이 47,2025-8-29,셔츠류,https://cloudfront.laundrygo.com/smartfactory/smartfactory_20250830053605_73ab7ada8d5742df897e00fa5c608688.jpeg
2UW9IDLF,와이셔츠&드라이 47,2025-8-29,셔츠류,https://cloudfront.laundrygo.com/smartfactory/smartfactory_20250830053605_9a53b0cf30e24903906fc1c98e07e2fd.jpeg
2UW9IDLF,와이셔츠&드라이 47,2025-8-29,셔츠류,https://cloudfront.laundrygo.com/smartfactory/smartfactory_20250830053705_62f19c31d66944af8a9f5fd40968dfb5.jpeg
2UW9IDLF,와이셔츠&드라이 47,2025-8-29,셔츠류,https://cloudfront.laundrygo.com/smartfactory/smartfactory_20250830053605_03ce249e5851414391b9ff129a48fcc1.jpeg
2UW9IDLF,와이셔츠&드라이 47,2025-9-10,셔츠류,https://cloudfront.laundrygo.com/smartfactory/smartfactory_20250911025802_2e2b1da4e96943f68cf7f810c1ffef07.jpeg
2UW9IDLF,와이셔츠&드라이 47,2025-9-10,셔츠류,https://cloudfront.laundrygo.com/smartfactory/smartfactory_20250911025902_e860b55aa8124003911c62b52bb50523.jpeg
2UW9IDLF,와이셔츠&드라이 47,2025-9-10,셔츠류,https://cloudfront.laundrygo.com/smartfactory/smartfactory_20250911025902_758c68f41d424fa3947504d68bd0afd7.jpeg
2UW9IDLF,와이셔츠&드라이 47,2025-9-10,셔츠류,https://cloudfront.laundrygo.com/smartfactory/smartfactory_20250911025902_1677d689f7064152bdb46f2446b55691.jpeg
2UW9IDLF,와이셔츠&드라이 47,2025-9-10,셔츠류,https://cloudfront.laundrygo.com/smartfactory/smartfactory_20250911030003_0b9cbe68b98b478eb98cc11083173a7d.jpeg
2UW9IDLF,와이셔츠&드라이 47,2025-9-10,셔츠류,https://cloudfront.laundrygo.com/smartfactory/smartfactory_20250911030003_1a1b181e136f4cedb001c2a5f6c54bc1.jpeg
2UW9IDLF,와이셔츠&드라이 47,2025-9-10,셔츠류,https://cloudfront.laundrygo.com/smartfactory/smartfactory_20250911030003_9aa3230781b14c34a3a25b1e62420c11.jpeg
2UW9IDLF,와이셔츠&드라이 47,2025-9-10,셔츠류,https://cloudfront.laundrygo.com/smartfactory/smartfactory_20250911030103_d79ba8ee97db409790a8671b26765e16.jpeg
2UW9IDLF,와이셔츠&드라이 47,2025-9-10,셔츠류,https://cloudfront.laundrygo.com/smartfactory/smartfactory_20250911030103_3f38ee0615ee4d74963f1c51e2657c56.jpeg
2UW9IDLF,와이셔츠&드라이 47,2025-9-10,셔츠류,https://cloudfront.laundrygo.com/smartfactory/smartfactory_20250911030103_0718c413031c41bfafc646bb6468a193.jpeg
2UW9IDLF,와이셔츠&드라이 47,2025-9-12,셔츠류,https://cloudfront.laundrygo.com/smartfactory/smartfactory_20250913011701_2a630df075a54ba0a9c5396e3edb3347.jpeg
2UW9IDLF,와이셔츠&드라이 47,2025-9-12,셔츠류,https://cloudfront.laundrygo.com/smartfactory/smartfactory_20250913011801_a869c7261dce4f5eb01c52f00946a314.jpeg
2UW9IDLF,와이셔츠&드라이 47,2025-9-12,셔츠류,https://cloudfront.laundrygo.com/smartfactory/smartfactory_20250913011701_394c9dcc61ba40c3a1a39127f2a21b9b.jpeg
2UW9IDLF,와이셔츠&드라이 47,2025-9-12,셔츠류,https://cloudfront.laundrygo.com/smartfactory/smartfactory_20250913011701_fd844a0dfb8945059d9b05b0705662bd.jpeg
2UW9IDLF,와이셔츠&드라이 47,2025-9-25,셔츠류,https://cloudfront.laundrygo.com/smartfactory/smartfactory_20250926024802_5535a1f8e2304e9ba7939312691a3414.jpeg
2UW9IDLF,와이셔츠&드라이 47,2025-9-25,셔츠류,https://cloudfront.laundrygo.com/smartfactory/smartfactory_20250926024802_01eaa7f038ca4bf4b0d35ad80cb37b45.jpeg
2UW9IDLF,와이셔츠&드라이 47,2025-9-25,셔츠류,https://cloudfront.laundrygo.com/smartfactory/smartfactory_20250926025002_19cf36c35ea64b3ab312cae6d41c0ace.jpeg
2UW9IDLF,와이셔츠&드라이 47,2025-9-25,셔츠류,https://cloudfront.laundrygo.com/smartfactory/smartfactory_20250926025102_670bbef8af014c85ac4e6ed9105080fd.jpeg
2UW9IDLF,와이셔츠&드라이 47,2025-9-25,셔츠류,https://cloudfront.laundrygo.com/smartfactory/smartfactory_20250926025102_3dd19560a00e418a90ab03fb4ca11a2d.jpeg
2UW9IDLF,와이셔츠&드라이 47,2025-9-25,셔츠류,https://cloudfront.laundrygo.com/smartfactory/smartfactory_20250926025202_c4a897831fed4ad69e51af144c1ce6ee.jpeg
2UW9IDLF,와이셔츠&드라이 47,2025-9-25,셔츠류,https://cloudfront.laundrygo.com/smartfactory/smartfactory_20250926025202_9f3eb397e3cf4806897cede23ffa091e.jpeg
2UW9IDLF,와이셔츠&드라이 47,2025-9-25,셔츠류,https://cloudfront.laundrygo.com/smartfactory/smartfactory_20250926025202_a82ac8c3a93743919b9963fa7692c56f.jpeg
2UW9IDLF,와이셔츠&드라이 47,2025-9-25,셔츠류,https://cloudfront.laundrygo.com/smartfactory/smartfactory_20250926024702_850f83d554cc4680a2e00f0c58db44fd.jpeg
2UW9IDLF,와이셔츠&드라이 47,2025-10-3,셔츠류,https://cloudfront.laundrygo.com/smartfactory/smartfactory_20251004011601_fa005adc0afc4f6d88d1a63a951720cf.jpeg
2UW9IDLF,와이셔츠&드라이 47,2025-10-3,셔츠류,https://cloudfront.laundrygo.com/smartfactory/smartfactory_20251004011601_dd15e3e974e04633ac458b57843f4abc.jpeg
2UW9IDLF,와이셔츠&드라이 47,2025-10-3,셔츠류,https://cloudfront.laundrygo.com/smartfactory/smartfactory_20251004011601_12d9362a60e5476ba5590e8a351e2e21.jpeg
2UW9IDLF,와이셔츠&드라이 47,2025-10-3,셔츠류,https://cloudfront.laundrygo.com/smartfactory/smartfactory_20251004011701_d2d2f659293c41c892d57d561ee1c310.jpeg
2UW9IDLF,와이셔츠&드라이 47,2025-10-3,셔츠류,https://cloudfront.laundrygo.com/smartfactory/smartfactory_20251004011701_3d170cad35704611b0cc415cd975f53a.jpeg
2UW9IDLF,와이셔츠&드라이 47,2025-10-17,셔츠류,https://cloudfront.laundrygo.com/smartfactory/smartfactory_20251018041204_9ef27abaf08d483e8b29299e1d5c812e.jpeg
2UW9IDLF,와이셔츠&드라이 47,2025-10-17,셔츠류,https://cloudfront.laundrygo.com/smartfactory/smartfactory_20251018041204_bc56fb49ec17460195cae662b579e9cc.jpeg
2UW9IDLF,와이셔츠&드라이 47,2025-10-17,셔츠류,https://cloudfront.laundrygo.com/smartfactory/smartfactory_20251018041304_71ea94629f1e4d2e9d3de27b8e86a4d7.jpeg
2UW9IDLF,와이셔츠&드라이 47,2025-10-17,셔츠류,https://cloudfront.laundrygo.com/smartfactory/smartfactory_20251018041304_d9cbef21dfc14a5c8a156762cd0d0013.jpeg
2UW9IDLF,와이셔츠&드라이 47,2025-10-17,셔츠류,https://cloudfront.laundrygo.com/smartfactory/smartfactory_20251018041304_22dd2ded504540a384423846b48a69c8.jpeg
2UW9IDLF,와이셔츠&드라이 47,2025-10-17,셔츠류,https://cloudfront.laundrygo.com/smartfactory/smartfactory_20251018041404_5542a17c510e423eb9c9f744003a1c4d.jpeg
2UW9IDLF,와이셔츠&드라이 47,2025-10-17,셔츠류,https://cloudfront.laundrygo.com/smartfactory/smartfactory_20251018041404_c3739211eaeb478da721781e4fc2ee0b.jpeg
2UW9IDLF,와이셔츠&드라이 47,2025-10-17,셔츠류,https://cloudfront.laundrygo.com/smartfactory/smartfactory_20251018041404_2e22dc20a56d4d549d1721bf9412e77a.jpeg
2UW9IDLF,와이셔츠&드라이 47,2025-10-26,셔츠류,https://cloudfront.laundrygo.com/smartfactory/smartfactory_20251027030003_9faf2a65ad3249eeb35b8f12b6716fbe.jpeg
2UW9IDLF,와이셔츠&드라이 47,2025-10-26,셔츠류,https://cloudfront.laundrygo.com/smartfactory/smartfactory_20251027030103_66f88ff0430c42f38b19ab95a94817de.jpeg
2UW9IDLF,와이셔츠&드라이 47,2025-10-26,셔츠류,https://cloudfront.laundrygo.com/smartfactory/smartfactory_20251027030103_b43f7d8d16284fefaf0f9236101f442c.jpeg
2UW9IDLF,와이셔츠&드라이 47,2025-10-26,셔츠류,https://cloudfront.laundrygo.com/smartfactory/smartfactory_20251027030203_07bdfbecfc854a1890820528d8029e66.jpeg
2UW9IDLF,와이셔츠&드라이 47,2025-10-26,셔츠류,https://cloudfront.laundrygo.com/smartfactory/smartfactory_20251027030203_6767b7e4de3745cdbcac29a444cd3fb0.jpeg
2UW9IDLF,와이셔츠&드라이 47,2025-10-26,셔츠류,https://cloudfront.laundrygo.com/smartfactory/smartfactory_20251027030303_cea73bcf2d6342058a706bda51d6cc99.jpeg
2UW9IDLF,와이셔츠&드라이 47,2025-10-26,셔츠류,https://cloudfront.laundrygo.com/smartfactory/smartfactory_20251027030403_8d6f09dcfb1b414398e922fccd4ed137.jpeg
2UW9IDLF,와이셔츠&드라이 47,2025-10-26,셔츠류,https://cloudfront.laundrygo.com/smartfactory/smartfactory_20251027030303_3022cd81843c43e98907ac1c91f2fe73.jpeg
2UW9IDLF,와이셔츠&드라이 47,2025-11-1,셔츠류,https://cloudfront.laundrygo.com/smartfactory/smartfactory_20251102015501_d2ab6a0acfe2480c80c5e9647f6adacf.jpeg
2UW9IDLF,와이셔츠&드라이 47,2025-11-1,셔츠류,https://cloudfront.laundrygo.com/smartfactory/smartfactory_20251102015601_7f16844ca6ec4101852e5bf2fbfc7c69.jpeg
2UW9IDLF,와이셔츠&드라이 47,2025-11-1,셔츠류,https://cloudfront.laundrygo.com/smartfactory/smartfactory_20251102015601_60ff691415944ab884278e96af6f69c1.jpeg
2UW9IDLF,와이셔츠&드라이 47,2025-11-1,셔츠류,https://cloudfront.laundrygo.com/smartfactory/smartfactory_20251102015601_29356e4b42c542cca66b5f8bd2bb51b8.jpeg
2UW9IDLF,와이셔츠&드라이 47,2025-11-8,셔츠류,https://cloudfront.laundrygo.com/smartfactory/smartfactory_20251109015401_df89c0be429f4589af6a1a119a453c33.jpeg
2UW9IDLF,와이셔츠&드라이 47,2025-11-8,셔츠류,https://cloudfront.laundrygo.com/smartfactory/smartfactory_20251109015501_c668c9d4b2e342b39826b81639803361.jpeg
2UW9IDLF,와이셔츠&드라이 47,2025-11-8,셔츠류,https://cloudfront.laundrygo.com/smartfactory/smartfactory_20251109015601_e7e8c9ae19584bb1a87d58ee234f6bff.jpeg
2UW9IDLF,와이셔츠&드라이 47,2025-11-8,셔츠류,https://cloudfront.laundrygo.com/smartfactory/smartfactory_20251109015601_da44cc5db5c04b9d9386f617c9408d92.jpeg
2UW9IDLF,와이셔츠&드라이 47,2025-11-8,셔츠류,https://cloudfront.laundrygo.com/smartfactory/smartfactory_20251109015701_6999b398977b4340a0ed7a4d473e3fac.jpeg
2UW9IDLF,와이셔츠&드라이 47,2025-11-8,셔츠류,https://cloudfront.laundrygo.com/smartfactory/smartfactory_20251109015501_3724c2237b7a49fb826a49fdc8cf2d0d.jpeg
2UW9IDLF,와이셔츠&드라이 47,2025-11-14,셔츠류,https://cloudfront.laundrygo.com/smartfactory/smartfactory_20251115014601_19ecd8ef0bc748a6a2be91ad12bc57e9.jpeg
2UW9IDLF,와이셔츠&드라이 47,2025-11-14,셔츠류,https://cloudfront.laundrygo.com/smartfactory/smartfactory_20251115014701_003ce713b865462eb2e1b834e6ef61f4.jpeg
2UW9IDLF,와이셔츠&드라이 47,2025-11-14,셔츠류,https://cloudfront.laundrygo.com/smartfactory/smartfactory_20251115014701_85f8ca8d04c74b1f81045a168047fae6.jpeg
2UW9IDLF,와이셔츠&드라이 47,2025-11-14,셔츠류,https://cloudfront.laundrygo.com/smartfactory/smartfactory_20251115014701_1f8ca47c97dc48899cfd62abb0152985.jpeg
2UW9IDLF,와이셔츠&드라이 47,2025-11-14,셔츠류,https://cloudfront.laundrygo.com/smartfactory/smartfactory_20251115014701_f641b56028d044e3abaafa0ea63589d6.jpeg
2UW9IDLF,와이셔츠&드라이 47,2025-11-22,셔츠류,https://cloudfront.laundrygo.com/smartfactory/smartfactory_20251123003700_9441f454c3b8481cb4276112ab65780f.jpeg
2UW9IDLF,와이셔츠&드라이 47,2025-11-22,셔츠류,https://cloudfront.laundrygo.com/smartfactory/smartfactory_20251123003700_e101637122dd4c79a52190d3eeaecbb5.jpeg
2UW9IDLF,와이셔츠&드라이 47,2025-11-22,셔츠류,https://cloudfront.laundrygo.com/smartfactory/smartfactory_20251123003700_9825dcb9cea2463aa908d24fe12497c0.jpeg
2UW9IDLF,와이셔츠&드라이 47,2025-11-22,셔츠류,https://cloudfront.laundrygo.com/smartfactory/smartfactory_20251123003800_55de6ed10d434406bd06ea2a39fd3706.jpeg
2UW9IDLF,와이셔츠&드라이 47,2025-11-22,셔츠류,https://cloudfront.laundrygo.com/smartfactory/smartfactory_20251123003800_55bb1444f6264573965b690e7c4a02ff.jpeg
2UW9IDLF,와이셔츠&드라이 47,2025-11-22,셔츠류,https://cloudfront.laundrygo.com/smartfactory/smartfactory_20251123003800_45f46e7c8ff34e8ba64b7e3d1105bf08.jpeg
AC0ZB73H,자유이용서비스,2025-9-10,셔츠류,https://cloudfront.laundrygo.com/smartfactory/smartfactory_20250911021402_49f04d2e164e41ce9b76e4ce1ab96f7b.jpeg
AC0ZB73H,자유이용서비스,2025-9-10,셔츠류,https://cloudfront.laundrygo.com/smartfactory/smartfactory_20250911021502_1e26df185b7049ffb2419812a54c1464.jpeg
AC0ZB73H,자유이용서비스,2025-9-10,셔츠류,https://cloudfront.laundrygo.com/smartfactory/smartfactory_20250911021502_4b8f65a00f584fbab98997a39f72a8bb.jpeg
AC0ZB73H,자유이용서비스,2025-9-10,셔츠류,https://cloudfront.laundrygo.com/smartfactory/smartfactory_20250911021602_c2b3b6c9de1549a3b6fde17f3a7f3226.jpeg
AC0ZB73H,자유이용서비스,2025-9-10,셔츠류,https://cloudfront.laundrygo.com/smartfactory/smartfactory_20250911021602_f3f37efdf48f4e13bff2b063f6b8d463.jpeg
AC0ZB73H,자유이용서비스,2025-9-10,셔츠류,https://cloudfront.laundrygo.com/smartfactory/smartfactory_20250911021702_2c646db26d134d149746c00b2ce7038a.jpeg
AC0ZB73H,자유이용서비스,2025-9-10,셔츠류,https://cloudfront.laundrygo.com/smartfactory/smartfactory_20250911021702_413ffc6ab32b4ca5b801b60c5cb676b7.jpeg
AC0ZB73H,자유이용서비스,2025-9-10,셔츠류,https://cloudfront.laundrygo.com/smartfactory/smartfactory_20250911021802_dabd430288cc4959abe75baaf06f6283.jpeg
AC0ZB73H,자유이용서비스,2025-9-10,셔츠류,https://cloudfront.laundrygo.com/smartfactory/smartfactory_20250911021802_0ff2aa0a76ee4fceb6c0da1849971873.jpeg
AC0ZB73H,자유이용서비스,2025-9-10,셔츠류,https://cloudfront.laundrygo.com/smartfactory/smartfactory_20250911021802_1a021b3f35a0481f8dc4dee3f5b169f9.jpeg
AC0ZB73H,자유이용서비스,2025-10-17,셔츠류,https://cloudfront.laundrygo.com/smartfactory/smartfactory_20251018040904_380eb56f59334b0cb6fe7e5231e8739d.jpeg
AC0ZB73H,자유이용서비스,2025-10-17,셔츠류,https://cloudfront.laundrygo.com/smartfactory/smartfactory_20251018040904_7331fc72480d4c2e88c07e3056efb001.jpeg
AC0ZB73H,자유이용서비스,2025-10-17,셔츠류,https://cloudfront.laundrygo.com/smartfactory/smartfactory_20251018041004_f9e751cf453241a7a4d0b09db90cf50c.jpeg
AC0ZB73H,자유이용서비스,2025-10-17,셔츠류,https://cloudfront.laundrygo.com/smartfactory/smartfactory_20251018041004_7ba623eeb3e8411c829ec6db091ceba4.jpeg
AC0ZB73H,자유이용서비스,2025-10-17,셔츠류,https://cloudfront.laundrygo.com/smartfactory/smartfactory_20251018041004_d6ff1f69facb4dbba43c23ffb3b69dfc.jpeg
AC0ZB73H,자유이용서비스,2025-10-17,셔츠류,https://cloudfront.laundrygo.com/smartfactory/smartfactory_20251018041004_be8a2bf6a4e64fdfadea23694eb2da94.jpeg
AC0ZB73H,자유이용서비스,2025-10-17,셔츠류,https://cloudfront.laundrygo.com/smartfactory/smartfactory_20251018041104_dcf8b0a2d56e4ccd8a61963dc5904240.jpeg
AC0ZB73H,자유이용서비스,2025-10-17,셔츠류,https://cloudfront.laundrygo.com/smartfactory/smartfactory_20251018041204_9bd2508b6d754c83971a77cefc16e610.jpeg
AC0ZB73H,자유이용서비스,2025-10-17,셔츠류,https://cloudfront.laundrygo.com/smartfactory/smartfactory_20251018041204_1bc37c999ebf422eb978619cdbf2d121.jpeg
AC0ZB73H,자유이용서비스,2025-10-17,셔츠류,https://cloudfront.laundrygo.com/smartfactory/smartfactory_20251018041304_dc44f2f303244129877c9d95cc37caf8.jpeg
AC0ZB73H,자유이용서비스,2025-10-17,셔츠류,https://cloudfront.laundrygo.com/smartfactory/smartfactory_20251018041304_ca6ee314678843c8a786a2861cfb835e.jpeg
AC0ZB73H,자유이용서비스,2025-10-17,셔츠류,https://cloudfront.laundrygo.com/smartfactory/smartfactory_20251018041304_e4cf811910a840319aa4823160e96d83.jpeg
AC0ZB73H,자유이용서비스,2025-10-17,셔츠류,https://cloudfront.laundrygo.com/smartfactory/smartfactory_20251018035903_89af95c65a0d4d7e87d31edb1d8fb7b3.jpeg
AC0ZB73H,자유이용서비스,2025-10-17,셔츠류,https://cloudfront.laundrygo.com/smartfactory/smartfactory_20251018041104_8a06277305f34cfda3e8e9dc88e34794.jpeg
AC0ZB73H,자유이용서비스,2025-10-17,셔츠류,https://cloudfront.laundrygo.com/smartfactory/smartfactory_20251018041204_de86c7dc97a8409183f4bcc8ce062c07.jpeg
AC0ZB73H,자유이용서비스,2025-10-17,셔츠류,https://cloudfront.laundrygo.com/smartfactory/smartfactory_20251018041204_4881caae37974aa9ab41e939e6cc8c37.jpeg
7KE7RJR8,드라이온리 39,2025-9-15,셔츠류,https://cloudfront.laundrygo.com/smartfactory/smartfactory_20250916022502_9ecd2eed02924d1396e694a4f1b66bc2.jpeg
7KE7RJR8,드라이온리 39,2025-9-15,셔츠류,https://cloudfront.laundrygo.com/smartfactory/smartfactory_20250916022502_830ea9fcec154f01bf2d3f092669f614.jpeg
7EJUZNFO,자유이용서비스,2025-9-1,셔츠류,https://cloudfront.laundrygo.com/smartfactory/smartfactory_20250902055505_259070f0c2db422dad5a9a3a666387de.jpeg
7EJUZNFO,자유이용서비스,2025-9-1,셔츠류,https://cloudfront.laundrygo.com/smartfactory/smartfactory_20250902055605_219d8dca30ac4abc895ddf9bedcc176f.jpeg
7EJUZNFO,자유이용서비스,2025-9-4,셔츠류,https://cloudfront.laundrygo.com/smartfactory/smartfactory_20250905044204_ed78f9f788084ddeba39b3079ab6fdda.jpeg
7EJUZNFO,자유이용서비스,2025-9-4,셔츠류,https://cloudfront.laundrygo.com/smartfactory/smartfactory_20250905044104_42ecf3452f864539a11b66916b773215.jpeg
7EJUZNFO,자유이용서비스,2025-9-4,셔츠류,https://cloudfront.laundrygo.com/smartfactory/smartfactory_20250905044104_824fb8e9d9d64c68ad67893b6872d3e7.jpeg
7EJUZNFO,자유이용서비스,2025-9-11,셔츠류,https://cloudfront.laundrygo.com/smartfactory/smartfactory_20250912073607_55516b0f715740bcabdffd3025e1e0a0.jpeg
7EJUZNFO,자유이용서비스,2025-9-11,셔츠류,https://cloudfront.laundrygo.com/smartfactory/smartfactory_20250912073607_49e5d15cd9584799a801dc3c6e930cd4.jpeg
7EJUZNFO,자유이용서비스,2025-9-11,셔츠류,https://cloudfront.laundrygo.com/smartfactory/smartfactory_20250912073607_adb6eb5fdd8e4a61be311e7a1ef2527c.jpeg
7EJUZNFO,자유이용서비스,2025-9-18,셔츠류,https://cloudfront.laundrygo.com/smartfactory/smartfactory_20250919072007_00b70927c98f45bdada8f6d42f869ab3.jpeg
7EJUZNFO,자유이용서비스,2025-9-18,셔츠류,https://cloudfront.laundrygo.com/smartfactory/smartfactory_20250919072007_3afb3da813f44b8e9194e350c8639d28.jpeg
7EJUZNFO,자유이용서비스,2025-9-18,셔츠류,https://cloudfront.laundrygo.com/smartfactory/smartfactory_20250919072007_897aa7620b004af5b6203d287482237b.jpeg
7EJUZNFO,자유이용서비스,2025-9-18,셔츠류,https://cloudfront.laundrygo.com/smartfactory/smartfactory_20250919072107_b899089ac6c84021b53ba8111e3f30e8.jpeg
7EJUZNFO,자유이용서비스,2025-10-9,셔츠류,https://cloudfront.laundrygo.com/smartfactory/smartfactory_20251010093209_cd04e6f8fbd144b08294c9dac8594f33.jpeg
7EJUZNFO,자유이용서비스,2025-10-9,셔츠류,https://cloudfront.laundrygo.com/smartfactory/smartfactory_20251010093309_e657af8e0ebc4503bd400d0a3e323e4e.jpeg
7EJUZNFO,자유이용서비스,2025-10-9,셔츠류,https://cloudfront.laundrygo.com/smartfactory/smartfactory_20251010093309_5ebc5da9067e49798b9c7436647d28fd.jpeg
7EJUZNFO,자유이용서비스,2025-10-9,셔츠류,https://cloudfront.laundrygo.com/smartfactory/smartfactory_20251010093309_0cc943e279ad433fa668e2d1486fd69e.jpeg
7EJUZNFO,자유이용서비스,2025-10-9,셔츠류,https://cloudfront.laundrygo.com/smartfactory/smartfactory_20251010093309_d69ac22dc5464901a35dccab654cbf5b.jpeg
7EJUZNFO,자유이용서비스,2025-10-9,셔츠류,https://cloudfront.laundrygo.com/smartfactory/smartfactory_20251010093409_f5274bc22c3d410493bd43015d1ce404.jpeg
7EJUZNFO,자유이용서비스,2025-10-29,셔츠류,https://cloudfront.laundrygo.com/smartfactory/smartfactory_20251030084308_8018e0e807c5488cb8e351221c804d9c.jpeg
7EJUZNFO,자유이용서비스,2025-10-29,셔츠류,https://cloudfront.laundrygo.com/smartfactory/smartfactory_20251030084408_12cbb2fc48a446b6b5d2ad81102c573a.jpeg
7EJUZNFO,자유이용서비스,2025-10-29,셔츠류,https://cloudfront.laundrygo.com/smartfactory/smartfactory_20251030084408_d9e1d34faf5e4801966f94a2f02427d4.jpeg
7EJUZNFO,자유이용서비스,2025-11-17,셔츠류,https://cloudfront.laundrygo.com/smartfactory/smartfactory_20251118080408_be86755c8ed045b9a4e1e8ba5ae5b3f3.jpeg
7EJUZNFO,자유이용서비스,2025-11-17,셔츠류,https://cloudfront.laundrygo.com/smartfactory/smartfactory_20251118080408_ca89d9b889ea49d398af4d5868cb2f19.jpeg
7EJUZNFO,자유이용서비스,2025-11-20,셔츠류,https://cloudfront.laundrygo.com/smartfactory/smartfactory_20251121073807_c2a2403146d24082b350dc45820600e6.jpeg
7EJUZNFO,자유이용서비스,2025-11-20,셔츠류,https://cloudfront.laundrygo.com/smartfactory/smartfactory_20251121073807_d541062e655349648f216815c73baa17.jpeg
DWK7U12C,자유이용서비스,2025-10-17,셔츠류,https://cloudfront.laundrygo.com/smartfactory/smartfactory_20251018031603_7b10abad9f3440f7829a7f7f0fbbf610.jpeg
DWK7U12C,자유이용서비스,2025-10-17,셔츠류,https://cloudfront.laundrygo.com/smartfactory/smartfactory_20251018031603_a321d1b6fd0a4e7d9b7837deb9ea33c4.jpeg
DWK7U12C,자유이용서비스,2025-10-17,셔츠류,https://cloudfront.laundrygo.com/smartfactory/smartfactory_20251018031603_488d6fecf017468eb60f0c651a24ef63.jpeg
DWK7U12C,자유이용서비스,2025-10-17,셔츠류,https://cloudfront.laundrygo.com/smartfactory/smartfactory_20251018031603_8bb6ff82c65843a5b6acbec2447ff490.jpeg
DWK7U12C,자유이용서비스,2025-10-17,셔츠류,https://cloudfront.laundrygo.com/smartfactory/smartfactory_20251018031603_76df2e5dee064f2197e9f089c85c8db1.jpeg
DWK7U12C,자유이용서비스,2025-10-17,셔츠류,https://cloudfront.laundrygo.com/smartfactory/smartfactory_20251018031703_65eed742533041139c5fabdfd734ebf4.jpeg
DWK7U12C,자유이용서비스,2025-11-21,셔츠류,https://cloudfront.laundrygo.com/smartfactory/smartfactory_20251122050005_9b146ca9d89243ec8fb654955225597b.jpeg
HMTZR04Q,런드리고X 라이트,2025-9-6,셔츠류,https://cloudfront.laundrygo.com/smartfactory/smartfactory_20250907071307_b7c2f04321cf41dcbfa622b9f980e932.jpeg
HMTZR04Q,런드리고X 라이트,2025-9-6,셔츠류,https://cloudfront.laundrygo.com/smartfactory/smartfactory_20250907071307_7a0425f4bfac46219d369817b75f3e78.jpeg
HMTZR04Q,런드리고X 라이트,2025-10-30,셔츠류,https://cloudfront.laundrygo.com/smartfactory/smartfactory_20251031070707_15cecd5c62744ff08b94d2e1334adad6.jpeg
6YRIBI7A,런드리고X 시그니처,2025-9-7,셔츠류,https://cloudfront.laundrygo.com/smartfactory/smartfactory_20250908074307_51d57750aa57481aaaea65748eba586b.jpeg
6YRIBI7A,런드리고X 시그니처,2025-9-7,셔츠류,https://cloudfront.laundrygo.com/smartfactory/smartfactory_20250908074507_05f4b0feee454779a38210a1cbed84c2.jpeg
6YRIBI7A,런드리고X 시그니처,2025-9-7,셔츠류,https://cloudfront.laundrygo.com/smartfactory/smartfactory_20250908073607_2095fb22b36545dbaaff5293fe1f1b0d.jpeg
6YRIBI7A,런드리고X 시그니처,2025-9-7,셔츠류,https://cloudfront.laundrygo.com/smartfactory/smartfactory_20250908073707_c3747ffa3f554fd4af41d21db42531b4.jpeg
6YRIBI7A,런드리고X 시그니처,2025-9-7,셔츠류,https://cloudfront.laundrygo.com/smartfactory/smartfactory_20250908073807_9ac83813d2f749bc8dd0b895aa9ad1bf.jpeg
6YRIBI7A,런드리고X 시그니처,2025-9-7,셔츠류,https://cloudfront.laundrygo.com/smartfactory/smartfactory_20250908073907_e894eda6e19e4f62b216a0ece4230999.jpeg
6YRIBI7A,런드리고X 시그니처,2025-9-7,셔츠류,https://cloudfront.laundrygo.com/smartfactory/smartfactory_20250908073907_81aacb09f2614c14b1f6445280aa2559.jpeg
6YRIBI7A,런드리고X 시그니처,2025-9-7,셔츠류,https://cloudfront.laundrygo.com/smartfactory/smartfactory_20250908074407_6c2be8ba19474baba984ea2b00417b25.jpeg
6YRIBI7A,런드리고X 시그니처,2025-9-7,셔츠류,https://cloudfront.laundrygo.com/smartfactory/smartfactory_20250908084208_a0c48aad9d3a40ee9e0d30be6734d799.jpeg
6YRIBI7A,런드리고X 시그니처,2025-9-21,셔츠류,https://cloudfront.laundrygo.com/smartfactory/smartfactory_20250922071807_97276e7ce9f74f71b01c0e05ff09efb0.jpeg
6YRIBI7A,런드리고X 시그니처,2025-9-21,셔츠류,https://cloudfront.laundrygo.com/smartfactory/smartfactory_20250922072007_1c148e120c054522a33516f4a97a3e66.jpeg
6YRIBI7A,런드리고X 시그니처,2025-9-21,셔츠류,https://cloudfront.laundrygo.com/smartfactory/smartfactory_20250922071807_2a92778eb59a410d809d7f522d0401f3.jpeg
6YRIBI7A,런드리고X 시그니처,2025-9-21,셔츠류,https://cloudfront.laundrygo.com/smartfactory/smartfactory_20250922071907_f1411edbc82449a4af386d9aef00bfdb.jpeg
6YRIBI7A,런드리고X 시그니처,2025-9-21,셔츠류,https://cloudfront.laundrygo.com/smartfactory/smartfactory_20250922071907_7418375548914594a33f5a86da95601f.jpeg
6YRIBI7A,런드리고X 시그니처,2025-9-21,셔츠류,https://cloudfront.laundrygo.com/smartfactory/smartfactory_20250922072007_877a4c5097a94cd081a4f5d76fb9ab2a.jpeg
6YRIBI7A,런드리고X 시그니처,2025-10-8,셔츠류,https://cloudfront.laundrygo.com/smartfactory/smartfactory_20251009004500_6f70ab47840d4bcaaf0eeedbcede707e.jpeg
6YRIBI7A,런드리고X 시그니처,2025-10-8,셔츠류,https://cloudfront.laundrygo.com/smartfactory/smartfactory_20251009004500_9b88b7880c2440c88747e4e59e431b7f.jpeg
6YRIBI7A,런드리고X 시그니처,2025-10-8,셔츠류,https://cloudfront.laundrygo.com/smartfactory/smartfactory_20251009004600_2086149b8f30452b9e99f0091af840a7.jpeg
6YRIBI7A,런드리고X 시그니처,2025-10-8,셔츠류,https://cloudfront.laundrygo.com/smartfactory/smartfactory_20251009004600_7ac13de3ae6446b89d9b72b7b7924deb.jpeg
6YRIBI7A,런드리고X 시그니처,2025-10-8,셔츠류,https://cloudfront.laundrygo.com/smartfactory/smartfactory_20251009004400_9141f086823a40d786f0b26eafdfeb8f.jpeg
6YRIBI7A,런드리고X 시그니처,2025-10-8,셔츠류,https://cloudfront.laundrygo.com/smartfactory/smartfactory_20251009004500_583c7559bfb74764b962e931e1234e0b.jpeg
6YRIBI7A,런드리고X 시그니처,2025-10-8,셔츠류,https://cloudfront.laundrygo.com/smartfactory/smartfactory_20251009004600_b874a98a0f6b408b8419bc7e88af6e41.jpeg
6YRIBI7A,런드리고X 시그니처,2025-10-8,셔츠류,https://cloudfront.laundrygo.com/smartfactory/smartfactory_20251009004800_b4d0614ef37a47169e57b91e7fdf4f0f.jpeg
6YRIBI7A,런드리고X 시그니처,2025-10-22,셔츠류,https://cloudfront.laundrygo.com/smartfactory/smartfactory_20251023010901_46748998896241d087fa1726dfd246ac.jpeg
6YRIBI7A,런드리고X 시그니처,2025-10-22,셔츠류,https://cloudfront.laundrygo.com/smartfactory/smartfactory_20251023011301_53fd59ff82214985954e5312122b1650.jpeg
6YRIBI7A,런드리고X 시그니처,2025-10-22,셔츠류,https://cloudfront.laundrygo.com/smartfactory/smartfactory_20251023011301_ec9aa09852ae43149cd56a73a9e9b36c.jpeg
6YRIBI7A,런드리고X 시그니처,2025-10-22,셔츠류,https://cloudfront.laundrygo.com/smartfactory/smartfactory_20251023011301_d29772ee306044f4a85edf509a5bdd02.jpeg
6YRIBI7A,런드리고X 시그니처,2025-10-22,셔츠류,https://cloudfront.laundrygo.com/smartfactory/smartfactory_20251023011401_8f2b1d2f6cbc4095b4c8bb9c3a9e9fc8.jpeg
6YRIBI7A,런드리고X 시그니처,2025-11-12,셔츠류,https://cloudfront.laundrygo.com/smartfactory/smartfactory_20251113003000_9f98d956f9e74eb39c560b206c135f64.jpeg
6YRIBI7A,런드리고X 시그니처,2025-11-12,셔츠류,https://cloudfront.laundrygo.com/smartfactory/smartfactory_20251113003000_44c352566e47437aaab5c869727bc8f6.jpeg
6YRIBI7A,런드리고X 시그니처,2025-11-12,셔츠류,https://cloudfront.laundrygo.com/smartfactory/smartfactory_20251113003000_15ed28ee7245421c9bc5e7fa9a6977ea.jpeg
6YRIBI7A,런드리고X 시그니처,2025-11-12,셔츠류,https://cloudfront.laundrygo.com/smartfactory/smartfactory_20251113003100_5fe3e77938ec49e990e2035bbd557a64.jpeg
Q67R77GX,자유이용서비스,2025-8-24,셔츠류,https://cloudfront.laundrygo.com/smartfactory/smartfactory_20250826102110_cc21eb96e87448dfb8dbe09a24e88250.jpeg
Q67R77GX,자유이용서비스,2025-8-24,셔츠류,https://cloudfront.laundrygo.com/smartfactory/smartfactory_20250826102110_2f863666f83943e8973709f2b991a978.jpeg
Q67R77GX,자유이용서비스,2025-8-24,셔츠류,https://cloudfront.laundrygo.com/smartfactory/smartfactory_20250826102210_aa93251ff8e345ff9168ae4e750e5d51.jpeg
Q67R77GX,자유이용서비스,2025-8-24,셔츠류,https://cloudfront.laundrygo.com/smartfactory/smartfactory_20250826102210_cfb4351dc86e4b42b35a564c37ac78cc.jpeg
Q67R77GX,자유이용서비스,2025-9-7,셔츠류,https://cloudfront.laundrygo.com/smartfactory/smartfactory_20250909095409_79ff89f42c0b4092b91e32e166f25c89.jpeg
Q67R77GX,자유이용서비스,2025-9-7,셔츠류,https://cloudfront.laundrygo.com/smartfactory/smartfactory_20250909095509_071544d5fec047cb88d03e3fc6738691.jpeg
Q67R77GX,자유이용서비스,2025-9-7,셔츠류,https://cloudfront.laundrygo.com/smartfactory/smartfactory_20250909095609_31058f645e5a4ce6a436c2267ddd2269.jpeg
Q67R77GX,자유이용서비스,2025-9-7,셔츠류,https://cloudfront.laundrygo.com/smartfactory/smartfactory_20250909095709_f2152fc6fe534af1b02f48a89d57560a.jpeg
Q67R77GX,자유이용서비스,2025-9-7,셔츠류,https://cloudfront.laundrygo.com/smartfactory/smartfactory_20250909095909_515c7d43c9e440529754a5669b263c23.jpg
Q67R77GX,자유이용서비스,2025-9-7,셔츠류,https://cloudfront.laundrygo.com/smartfactory/smartfactory_20250909100010_83b0d39e67514affb59f88daadd0eacc.jpeg
Q67R77GX,자유이용서비스,2025-9-7,셔츠류,https://cloudfront.laundrygo.com/smartfactory/smartfactory_20250909100110_bacade2486f243bb87058032909f42db.jpeg
Q67R77GX,자유이용서비스,2025-9-21,셔츠류,https://cloudfront.laundrygo.com/smartfactory/smartfactory_20250923153115_6b7d0d5373e94b2cb37f34e1d8419cbb.jpeg
Q67R77GX,자유이용서비스,2025-9-21,셔츠류,https://cloudfront.laundrygo.com/smartfactory/smartfactory_20250923153215_f0671430b06f4be6b75cf80cba8cf1ed.jpeg
Q67R77GX,자유이용서비스,2025-9-21,셔츠류,https://cloudfront.laundrygo.com/smartfactory/smartfactory_20250923153315_8bdb576e4c9b4deda72b8156703ad075.jpeg
Q67R77GX,자유이용서비스,2025-9-21,셔츠류,https://cloudfront.laundrygo.com/smartfactory/smartfactory_20250923153315_81417cc50a444a039f6f1447d430ca0c.jpeg
Q67R77GX,자유이용서비스,2025-9-21,셔츠류,https://cloudfront.laundrygo.com/smartfactory/smartfactory_20250923153415_c938dbeb34214117a92745ac47f9e5c9.jpeg
Q67R77GX,자유이용서비스,2025-9-21,셔츠류,https://cloudfront.laundrygo.com/smartfactory/smartfactory_20250923153415_3732245b873947dd86f0d6b1ffdd84a7.jpeg
Q67R77GX,자유이용서비스,2025-9-30,셔츠류,https://cloudfront.laundrygo.com/smartfactory/smartfactory_20251002131713_7b74fe686ca344d29ced523519428bb3.jpeg
Q67R77GX,자유이용서비스,2025-9-30,셔츠류,https://cloudfront.laundrygo.com/smartfactory/smartfactory_20251002131813_e10c79d83bdd4b119a43064492f41df7.jpeg
Q67R77GX,자유이용서비스,2025-9-30,셔츠류,https://cloudfront.laundrygo.com/smartfactory/smartfactory_20251002131813_455363f376dd437488e9f13f97c04f9f.jpeg
Q67R77GX,자유이용서비스,2025-10-12,셔츠류,https://cloudfront.laundrygo.com/smartfactory/smartfactory_20251014153315_a0248cb220eb4af88b38f179ec39a5be.jpeg
Q67R77GX,자유이용서비스,2025-10-12,셔츠류,https://cloudfront.laundrygo.com/smartfactory/smartfactory_20251014153415_0494957ff4cb4d88893fa65d02325369.jpeg
Q67R77GX,자유이용서비스,2025-10-12,셔츠류,https://cloudfront.laundrygo.com/smartfactory/smartfactory_20251014153415_5c07c22744354136aec40ef49d7c847f.jpeg
Q67R77GX,자유이용서비스,2025-10-12,셔츠류,https://cloudfront.laundrygo.com/smartfactory/smartfactory_20251014153315_089f99aad03741c4817cdbb8616af50f.jpeg
Q67R77GX,자유이용서비스,2025-10-26,셔츠류,https://cloudfront.laundrygo.com/smartfactory/smartfactory_20251029141214_df017b50e8a346c2b558e943efd8a180.jpeg
Q67R77GX,자유이용서비스,2025-10-26,셔츠류,https://cloudfront.laundrygo.com/smartfactory/smartfactory_20251029141314_0ea039e1c0584e31b2d666c9704c2daa.jpeg
Q67R77GX,자유이용서비스,2025-10-26,셔츠류,https://cloudfront.laundrygo.com/smartfactory/smartfactory_20251029141314_dbe4d500ad134f95bb1ced1908b5871b.jpeg
Q67R77GX,자유이용서비스,2025-10-26,셔츠류,https://cloudfront.laundrygo.com/smartfactory/smartfactory_20251029141314_10456224ffe1474399b15d274393a2fd.jpeg
Q67R77GX,자유이용서비스,2025-10-26,셔츠류,https://cloudfront.laundrygo.com/smartfactory/smartfactory_20251029141414_8eb88acad73c4635983b4de79e24cbe9.jpeg
Q67R77GX,자유이용서비스,2025-10-26,셔츠류,https://cloudfront.laundrygo.com/smartfactory/smartfactory_20251029141414_b7d89b598ac4455d963e042757e43e80.jpeg
Q67R77GX,자유이용서비스,2025-11-12,셔츠류,https://cloudfront.laundrygo.com/smartfactory/smartfactory_20251113132013_ed17b8ff262544389f1746af7a29256c.jpeg
Q67R77GX,자유이용서비스,2025-11-12,셔츠류,https://cloudfront.laundrygo.com/smartfactory/smartfactory_20251113132113_81b1d5abc9784167b13e665901e07a44.jpeg
Q67R77GX,자유이용서비스,2025-11-12,셔츠류,https://cloudfront.laundrygo.com/smartfactory/smartfactory_20251113132213_a98bcb6a1f5b43fd9414d34e6e61d127.jpeg
Q67R77GX,자유이용서비스,2025-11-12,셔츠류,https://cloudfront.laundrygo.com/smartfactory/smartfactory_20251113132313_68b603129cab46af88db39fe4168d947.jpeg
UWVNPQA9,자유이용서비스,2025-8-24,셔츠류,https://cloudfront.laundrygo.com/smartfactory/smartfactory_20250826160916_a0161f19d4394b90a24366e4639c2a82.jpeg
UWVNPQA9,자유이용서비스,2025-8-24,셔츠류,https://cloudfront.laundrygo.com/smartfactory/smartfactory_20250826161016_e111493e796a493dbdc537c87b16e62f.jpeg
UWVNPQA9,자유이용서비스,2025-8-24,셔츠류,https://cloudfront.laundrygo.com/smartfactory/smartfactory_20250826161016_8b724c3490e5493e9bb6c57c9d33d133.jpeg
UWVNPQA9,자유이용서비스,2025-8-24,셔츠류,https://cloudfront.laundrygo.com/smartfactory/smartfactory_20250826160816_9eeec6630aef4ef0bb93ee478eeb0edc.jpeg
UWVNPQA9,자유이용서비스,2025-8-24,셔츠류,https://cloudfront.laundrygo.com/smartfactory/smartfactory_20250826160916_6caea470d6cb433bb771b0b4c5d392da.jpeg
UWVNPQA9,자유이용서비스,2025-9-14,셔츠류,https://cloudfront.laundrygo.com/smartfactory/smartfactory_20250916111211_d503be474303495d93ba162747256894.jpeg
UWVNPQA9,자유이용서비스,2025-9-14,셔츠류,https://cloudfront.laundrygo.com/smartfactory/smartfactory_20250916111211_aa6c4a83d5e942029e491a643e51b2ea.jpeg
UWVNPQA9,자유이용서비스,2025-10-20,셔츠류,https://cloudfront.laundrygo.com/smartfactory/smartfactory_20251023180718_28ddbe7176c94787a9d8d0f688a97b88.jpeg
UWVNPQA9,자유이용서비스,2025-10-20,셔츠류,https://cloudfront.laundrygo.com/smartfactory/smartfactory_20251023180818_5e2985de215140348c09b0e21e88f2ac.jpeg
UWVNPQA9,자유이용서비스,2025-10-20,셔츠류,https://cloudfront.laundrygo.com/smartfactory/smartfactory_20251023180918_f43184c778ae4f9d887d671878953367.jpeg
UWVNPQA9,자유이용서비스,2025-10-20,셔츠류,https://cloudfront.laundrygo.com/smartfactory/smartfactory_20251023180618_9352d34c996d440bbac2500ccc198c25.jpeg
UWVNPQA9,자유이용서비스,2025-10-20,셔츠류,https://cloudfront.laundrygo.com/smartfactory/smartfactory_20251023180718_2c782edf56b8472f969dfce9bf4e546f.jpeg
66ZYKUL3,자유이용서비스,2025-9-26,셔츠류,https://cloudfront.laundrygo.com/smartfactory/smartfactory_20250928010201_194f34eecc244c2aa578cc8d1cb210c7.jpeg
66ZYKUL3,자유이용서비스,2025-9-26,셔츠류,https://cloudfront.laundrygo.com/smartfactory/smartfactory_20250928010201_69e22cfa822c473cba0468cee129b1c9.jpeg
66ZYKUL3,자유이용서비스,2025-9-26,셔츠류,https://cloudfront.laundrygo.com/smartfactory/smartfactory_20250928010201_2893f144432540328ba8b2c072c59177.jpeg
P953UR8O,자유이용서비스,2025-9-21,셔츠류,https://cloudfront.laundrygo.com/smartfactory/smartfactory_20250922083508_fc4a11480829422981d0877ff830ee8e.jpeg
P953UR8O,자유이용서비스,2025-9-21,셔츠류,https://cloudfront.laundrygo.com/smartfactory/smartfactory_20250922083608_2b9cdd86c4244ed4b51ccd4193d2f1a0.jpeg
P953UR8O,자유이용서비스,2025-9-21,셔츠류,https://cloudfront.laundrygo.com/smartfactory/smartfactory_20250922083708_b9a7ec428ded4155b07da16aae6acc7a.jpeg
P953UR8O,자유이용서비스,2025-9-21,셔츠류,https://cloudfront.laundrygo.com/smartfactory/smartfactory_20250922083808_44cd6c5cae5345999c1d306f0f9192c9.jpeg
P953UR8O,자유이용서비스,2025-9-21,셔츠류,https://cloudfront.laundrygo.com/smartfactory/smartfactory_20250922083908_ca57f9d197e24b9d9001033914ca83ed.jpeg
P953UR8O,자유이용서비스,2025-9-21,셔츠류,https://cloudfront.laundrygo.com/smartfactory/smartfactory_20250922083608_01ba3dad825144808858e5fd222bb030.jpeg
P953UR8O,자유이용서비스,2025-11-17,셔츠류,https://cloudfront.laundrygo.com/smartfactory/smartfactory_20251118155715_78d720d1e3464e9fa84cf0a73821f8ba.jpeg
P953UR8O,자유이용서비스,2025-11-17,셔츠류,https://cloudfront.laundrygo.com/smartfactory/smartfactory_20251118155815_ace48b275e354b79908a8070a758ee89.jpeg
P953UR8O,자유이용서비스,2025-11-17,셔츠류,https://cloudfront.laundrygo.com/smartfactory/smartfactory_20251118155915_92739c046f274f4a99c3aee27fc18383.jpeg
P953UR8O,자유이용서비스,2025-11-17,셔츠류,https://cloudfront.laundrygo.com/smartfactory/smartfactory_20251118155915_65beaef2950f4e9e8bed6dc97139b92e.jpeg
11RSE6A7,와이셔츠&드라이 62,2025-8-29,셔츠류,https://cloudfront.laundrygo.com/smartfactory/smartfactory_20250830033503_8999d959874a4d679bea5ddebc2779bd.jpeg
11RSE6A7,와이셔츠&드라이 62,2025-8-29,셔츠류,https://cloudfront.laundrygo.com/smartfactory/smartfactory_20250830033503_8945a905dfbf480780875c91648e634c.jpeg
11RSE6A7,와이셔츠&드라이 62,2025-8-29,셔츠류,https://cloudfront.laundrygo.com/smartfactory/smartfactory_20250830033603_5fafcdef84d04780b3a6195503f3e759.jpeg
11RSE6A7,와이셔츠&드라이 62,2025-8-29,셔츠류,https://cloudfront.laundrygo.com/smartfactory/smartfactory_20250830033603_f90ba4987631474184da031649afa820.jpeg
11RSE6A7,와이셔츠&드라이 62,2025-8-29,셔츠류,https://cloudfront.laundrygo.com/smartfactory/smartfactory_20250830033603_860f7c53b77c426bb242b1736e96aa71.jpeg
11RSE6A7,와이셔츠&드라이 62,2025-8-29,셔츠류,https://cloudfront.laundrygo.com/smartfactory/smartfactory_20250830033703_56cf73dabdc243bc813b108a206faada.jpeg
11RSE6A7,와이셔츠&드라이 62,2025-8-29,셔츠류,https://cloudfront.laundrygo.com/smartfactory/smartfactory_20250830033703_a9cce85877da42de9391587a30775ed7.jpeg
11RSE6A7,와이셔츠&드라이 62,2025-8-29,셔츠류,https://cloudfront.laundrygo.com/smartfactory/smartfactory_20250830033703_61a2302254ea467cabc53a5e232a7b3a.jpeg
11RSE6A7,와이셔츠&드라이 62,2025-8-29,셔츠류,https://cloudfront.laundrygo.com/smartfactory/smartfactory_20250830033803_9d5ade02aadd4bc1b1d7aa22e3fcc211.jpeg
11RSE6A7,와이셔츠&드라이 62,2025-8-29,셔츠류,https://cloudfront.laundrygo.com/smartfactory/smartfactory_20250830033803_179de5615d4044c2a2bfca7becdf6f8f.jpeg
11RSE6A7,와이셔츠&드라이 62,2025-9-5,셔츠류,https://cloudfront.laundrygo.com/smartfactory/smartfactory_20250906015401_c633397f7b05404d95f83c52c0da6094.jpeg
11RSE6A7,와이셔츠&드라이 62,2025-9-5,셔츠류,https://cloudfront.laundrygo.com/smartfactory/smartfactory_20250906015401_16fdf776544d4aeea3724f88e2e6d145.jpeg
11RSE6A7,와이셔츠&드라이 62,2025-9-5,셔츠류,https://cloudfront.laundrygo.com/smartfactory/smartfactory_20250906015401_f3ea4db58b404021b8f64f7312eb1432.jpeg
11RSE6A7,와이셔츠&드라이 62,2025-9-5,셔츠류,https://cloudfront.laundrygo.com/smartfactory/smartfactory_20250906015501_edbcf754f1a9451fb339087442082868.jpeg
11RSE6A7,와이셔츠&드라이 62,2025-9-5,셔츠류,https://cloudfront.laundrygo.com/smartfactory/smartfactory_20250906015501_0210d2360cbc47c5a82262e97ad2bde8.jpeg
11RSE6A7,와이셔츠&드라이 62,2025-9-5,셔츠류,https://cloudfront.laundrygo.com/smartfactory/smartfactory_20250906015501_646dfa4af21e413e921b324eb3d2cae0.jpeg
11RSE6A7,와이셔츠&드라이 62,2025-9-14,셔츠류,https://cloudfront.laundrygo.com/smartfactory/smartfactory_20250915050005_58c3425d87e443cabd5b2cd6e196f093.jpeg
11RSE6A7,와이셔츠&드라이 62,2025-9-14,셔츠류,https://cloudfront.laundrygo.com/smartfactory/smartfactory_20250915050005_b25c530fcc55429fb3383d9324108ecb.jpeg
11RSE6A7,와이셔츠&드라이 62,2025-9-14,셔츠류,https://cloudfront.laundrygo.com/smartfactory/smartfactory_20250915050005_5e30e64e51cf4312bd160c0f9782f408.jpeg
11RSE6A7,와이셔츠&드라이 62,2025-9-14,셔츠류,https://cloudfront.laundrygo.com/smartfactory/smartfactory_20250915050005_97ad37cf79924f4090435eb366a4763e.jpeg
11RSE6A7,와이셔츠&드라이 62,2025-9-14,셔츠류,https://cloudfront.laundrygo.com/smartfactory/smartfactory_20250915050105_5fb0c0918d7b46959ad35110148f7453.jpeg
11RSE6A7,와이셔츠&드라이 62,2025-9-14,셔츠류,https://cloudfront.laundrygo.com/smartfactory/smartfactory_20250915050105_5ab9eec706954ef7aab9653f7ae8436a.jpeg
11RSE6A7,와이셔츠&드라이 62,2025-9-14,셔츠류,https://cloudfront.laundrygo.com/smartfactory/smartfactory_20250915050105_6000f6db3d8a44abb80759965d760d8f.jpeg
11RSE6A7,와이셔츠&드라이 62,2025-9-14,셔츠류,https://cloudfront.laundrygo.com/smartfactory/smartfactory_20250915050205_305bd88e34d84339b2fc96a0bfbc3eec.jpeg
11RSE6A7,와이셔츠&드라이 62,2025-9-14,셔츠류,https://cloudfront.laundrygo.com/smartfactory/smartfactory_20250915050205_2770761a1ed8448bb76172c193b0b297.jpeg
11RSE6A7,와이셔츠&드라이 62,2025-9-29,셔츠류,https://cloudfront.laundrygo.com/smartfactory/smartfactory_20250930030603_4d6931f55b264890af7b7342c2aab6af.jpeg
11RSE6A7,와이셔츠&드라이 62,2025-9-29,셔츠류,https://cloudfront.laundrygo.com/smartfactory/smartfactory_20250930030703_a46edb838886478db700568390c4cd7b.jpeg
11RSE6A7,와이셔츠&드라이 62,2025-9-29,셔츠류,https://cloudfront.laundrygo.com/smartfactory/smartfactory_20250930030703_fb1260f0be9f4a428ee775ef7964c9b2.jpeg
11RSE6A7,와이셔츠&드라이 62,2025-9-29,셔츠류,https://cloudfront.laundrygo.com/smartfactory/smartfactory_20250930030703_80a22b26b9da47a69a5606598d015ab8.jpeg
11RSE6A7,와이셔츠&드라이 62,2025-9-29,셔츠류,https://cloudfront.laundrygo.com/smartfactory/smartfactory_20250930030803_368fe455caa74f9ea50482becd2b5daa.jpeg
11RSE6A7,와이셔츠&드라이 62,2025-9-29,셔츠류,https://cloudfront.laundrygo.com/smartfactory/smartfactory_20250930030803_8b861806cb274bf2bd6773a76bb85e4c.jpeg
11RSE6A7,와이셔츠&드라이 62,2025-9-29,셔츠류,https://cloudfront.laundrygo.com/smartfactory/smartfactory_20250930030803_05fdecc7da454f26ae0c1897893b9110.jpeg
11RSE6A7,와이셔츠&드라이 62,2025-9-29,셔츠류,https://cloudfront.laundrygo.com/smartfactory/smartfactory_20250930030803_e0caa9d7eade47c5a08427e997c917f3.jpeg
11RSE6A7,와이셔츠&드라이 62,2025-9-29,셔츠류,https://cloudfront.laundrygo.com/smartfactory/smartfactory_20250930030903_89f67ad299f849cd8621f0b539b4c8fd.jpeg
11RSE6A7,와이셔츠&드라이 62,2025-9-29,셔츠류,https://cloudfront.laundrygo.com/smartfactory/smartfactory_20250930030903_af8172c48f0b499686081dd76c72c49c.jpeg
11RSE6A7,와이셔츠&드라이 62,2025-9-29,셔츠류,https://cloudfront.laundrygo.com/smartfactory/smartfactory_20250930031003_7238e740a67247578aed68a73ffa7b6c.jpeg
11RSE6A7,와이셔츠&드라이 62,2025-10-17,셔츠류,https://cloudfront.laundrygo.com/smartfactory/smartfactory_20251018034803_f1f59bbc9cc041dd87191a9b4b017965.jpeg
11RSE6A7,와이셔츠&드라이 62,2025-10-17,셔츠류,https://cloudfront.laundrygo.com/smartfactory/smartfactory_20251018034803_54eed9dd88094d5581f87000a2abed7a.jpeg
11RSE6A7,와이셔츠&드라이 62,2025-10-17,셔츠류,https://cloudfront.laundrygo.com/smartfactory/smartfactory_20251018034803_497f56b0c89b400a9d90deaa3ad9bce6.jpeg
11RSE6A7,와이셔츠&드라이 62,2025-10-17,셔츠류,https://cloudfront.laundrygo.com/smartfactory/smartfactory_20251018034903_9391203890d742e1ad2774db89733685.jpeg
11RSE6A7,와이셔츠&드라이 62,2025-10-17,셔츠류,https://cloudfront.laundrygo.com/smartfactory/smartfactory_20251018034903_f058c8721aae4610b85a70cbae0dd862.jpeg
11RSE6A7,와이셔츠&드라이 62,2025-10-17,셔츠류,https://cloudfront.laundrygo.com/smartfactory/smartfactory_20251018034903_fa94eb8d3eeb40baab6181eb746e05bc.jpeg
11RSE6A7,와이셔츠&드라이 62,2025-10-17,셔츠류,https://cloudfront.laundrygo.com/smartfactory/smartfactory_20251018034903_c0c7acc2e4704a07b0bf98e2ff9e56ae.jpeg
11RSE6A7,와이셔츠&드라이 62,2025-10-17,셔츠류,https://cloudfront.laundrygo.com/smartfactory/smartfactory_20251018035003_54e692d6403f49c086c1813490218653.jpeg
11RSE6A7,와이셔츠&드라이 62,2025-10-26,셔츠류,https://cloudfront.laundrygo.com/smartfactory/smartfactory_20251027115311_7b8719d58b8e4696986a57442b690f56.jpeg
11RSE6A7,와이셔츠&드라이 62,2025-10-26,셔츠류,https://cloudfront.laundrygo.com/smartfactory/smartfactory_20251027115311_cd00b7fd0cbd46158a65e6a929c69306.jpeg
11RSE6A7,와이셔츠&드라이 62,2025-10-26,셔츠류,https://cloudfront.laundrygo.com/smartfactory/smartfactory_20251027115411_d2964f43cf6142738f1eb7c89831d71c.jpeg
11RSE6A7,와이셔츠&드라이 62,2025-10-26,셔츠류,https://cloudfront.laundrygo.com/smartfactory/smartfactory_20251027115411_0cedf895a2be4c49939e4a9b31bbb7af.jpeg
11RSE6A7,와이셔츠&드라이 62,2025-10-26,셔츠류,https://cloudfront.laundrygo.com/smartfactory/smartfactory_20251027115511_9482916ec0204dae86d5235aa300aa0c.jpeg
11RSE6A7,와이셔츠&드라이 62,2025-10-26,셔츠류,https://cloudfront.laundrygo.com/smartfactory/smartfactory_20251027115511_8707955e70184d8cb6eece8e59c86d46.jpeg
11RSE6A7,와이셔츠&드라이 62,2025-10-26,셔츠류,https://cloudfront.laundrygo.com/smartfactory/smartfactory_20251027115611_0ed709c1d0634149b3008863a46135cf.jpeg
11RSE6A7,와이셔츠&드라이 62,2025-10-26,셔츠류,https://cloudfront.laundrygo.com/smartfactory/smartfactory_20251027115611_4e0f331e2d57498cae712a797325cce2.jpeg
11RSE6A7,와이셔츠&드라이 62,2025-10-26,셔츠류,https://cloudfront.laundrygo.com/smartfactory/smartfactory_20251027115611_300789140b22487595d85a9ec1536246.jpeg
11RSE6A7,와이셔츠&드라이 62,2025-11-6,셔츠류,https://cloudfront.laundrygo.com/smartfactory/smartfactory_20251107002700_4d1e3843958a487c8cc3a18512b01fa1.jpeg
11RSE6A7,와이셔츠&드라이 62,2025-11-13,셔츠류,https://cloudfront.laundrygo.com/smartfactory/smartfactory_20251114021502_6213dc8ca2224d598acac44d2f8f1c8c.jpeg
11RSE6A7,와이셔츠&드라이 62,2025-11-13,셔츠류,https://cloudfront.laundrygo.com/smartfactory/smartfactory_20251114021502_4ede6093ca134fad8d8ec6b592e4a461.jpeg
11RSE6A7,와이셔츠&드라이 62,2025-11-13,셔츠류,https://cloudfront.laundrygo.com/smartfactory/smartfactory_20251114021502_b0e195824a5c4cb09410a1015bdff537.jpeg
11RSE6A7,와이셔츠&드라이 62,2025-11-13,셔츠류,https://cloudfront.laundrygo.com/smartfactory/smartfactory_20251114021602_b6e8ab54b8c241f0bb7baeb5220df287.jpeg
11RSE6A7,와이셔츠&드라이 62,2025-11-13,셔츠류,https://cloudfront.laundrygo.com/smartfactory/smartfactory_20251114021602_2cda235101a248d982ad8f69808aa080.jpeg
11RSE6A7,와이셔츠&드라이 62,2025-11-13,셔츠류,https://cloudfront.laundrygo.com/smartfactory/smartfactory_20251114021602_850ee213cb8d4d7fafcfc0a7f4beb68f.jpeg
11RSE6A7,와이셔츠&드라이 62,2025-11-20,셔츠류,https://cloudfront.laundrygo.com/smartfactory/smartfactory_20251121000500_5dabada5450e42d494c431193ff043fa.jpeg
11RSE6A7,와이셔츠&드라이 62,2025-11-20,셔츠류,https://cloudfront.laundrygo.com/smartfactory/smartfactory_20251121000500_91c1ebfcd27e464a83d1d22964d9aaae.jpeg
11RSE6A7,와이셔츠&드라이 62,2025-11-20,셔츠류,https://cloudfront.laundrygo.com/smartfactory/smartfactory_20251121000600_df607e0c1baf448da4db6cfcb1bfd502.jpeg
11RSE6A7,와이셔츠&드라이 62,2025-11-20,셔츠류,https://cloudfront.laundrygo.com/smartfactory/smartfactory_20251121000600_f372e13f6850475bb5496cbed9f07582.jpeg
11RSE6A7,와이셔츠&드라이 62,2025-11-20,셔츠류,https://cloudfront.laundrygo.com/smartfactory/smartfactory_20251121000600_3eeffee94f7f465fb82ed3cae91cef48.jpeg
11RSE6A7,와이셔츠&드라이 62,2025-11-20,셔츠류,https://cloudfront.laundrygo.com/smartfactory/smartfactory_20251121000700_c0fc4f2e1f14414b8d0080a54107818e.jpeg
11RSE6A7,와이셔츠&드라이 62,2025-11-20,셔츠류,https://cloudfront.laundrygo.com/smartfactory/smartfactory_20251121000700_ad64eb1b562b45c9b9140c3db5c66743.jpeg
11RSE6A7,와이셔츠&드라이 62,2025-11-20,셔츠류,https://cloudfront.laundrygo.com/smartfactory/smartfactory_20251121000700_5854426df35f4e6ea04cf53a183c4671.jpeg
11RSE6A7,와이셔츠&드라이 62,2025-11-20,셔츠류,https://cloudfront.laundrygo.com/smartfactory/smartfactory_20251121000700_4536768694714b42a7ad72a77cd5ffb1.jpeg
J2O0XRJ7,와이셔츠&드라이 47,2025-9-1,셔츠류,https://cloudfront.laundrygo.com/smartfactory/smartfactory_20250902015201_ff7cdfdd7db942ecacc82f789246984c.jpeg
J2O0XRJ7,와이셔츠&드라이 47,2025-9-1,셔츠류,https://cloudfront.laundrygo.com/smartfactory/smartfactory_20250902015301_51a26fd5f9ac4a25a7f622ff0518661f.jpeg
J2O0XRJ7,와이셔츠&드라이 47,2025-9-1,셔츠류,https://cloudfront.laundrygo.com/smartfactory/smartfactory_20250902015301_9fe0f9a55aa3475b9b8da22ad154897e.jpeg
J2O0XRJ7,와이셔츠&드라이 47,2025-9-1,셔츠류,https://cloudfront.laundrygo.com/smartfactory/smartfactory_20250902015401_97dfe2d628a9473f97bb81f8af594040.jpeg
J2O0XRJ7,와이셔츠&드라이 47,2025-9-1,셔츠류,https://cloudfront.laundrygo.com/smartfactory/smartfactory_20250902015401_edf752886acd4771808f740aa3779cde.jpeg
J2O0XRJ7,와이셔츠&드라이 47,2025-9-5,셔츠류,https://cloudfront.laundrygo.com/smartfactory/smartfactory_20250906073707_d9e0d45c7e584e8bbe45410d6275910b.jpeg
J2O0XRJ7,와이셔츠&드라이 47,2025-9-5,셔츠류,https://cloudfront.laundrygo.com/smartfactory/smartfactory_20250906073807_2a60df1ee32b4ce9b566657703ebcd94.jpeg
J2O0XRJ7,와이셔츠&드라이 47,2025-9-5,셔츠류,https://cloudfront.laundrygo.com/smartfactory/smartfactory_20250906073807_64283bf27c4645068895794dc65720ce.jpeg
J2O0XRJ7,와이셔츠&드라이 47,2025-9-16,셔츠류,https://cloudfront.laundrygo.com/smartfactory/smartfactory_20250917034903_eb88243713424520b4ae7732e18f0edb.jpeg
J2O0XRJ7,와이셔츠&드라이 47,2025-9-16,셔츠류,https://cloudfront.laundrygo.com/smartfactory/smartfactory_20250917035003_b4507049e06b488e8e405c8bd89b0dd3.jpeg
J2O0XRJ7,와이셔츠&드라이 47,2025-9-16,셔츠류,https://cloudfront.laundrygo.com/smartfactory/smartfactory_20250917035003_552c23f03aac4b4ca25db1d74c5e26b3.jpeg
J2O0XRJ7,와이셔츠&드라이 47,2025-9-16,셔츠류,https://cloudfront.laundrygo.com/smartfactory/smartfactory_20250917035003_d5b274aacc71435f999bbf186a685706.jpeg
J2O0XRJ7,와이셔츠&드라이 47,2025-9-16,셔츠류,https://cloudfront.laundrygo.com/smartfactory/smartfactory_20250917035103_45cdafbb422c40fda2b4ad383598d615.jpeg
J2O0XRJ7,와이셔츠&드라이 47,2025-9-16,셔츠류,https://cloudfront.laundrygo.com/smartfactory/smartfactory_20250917035103_ec93efbdf7a449f2bc2a7dcc65e34d3c.jpeg
J2O0XRJ7,와이셔츠&드라이 47,2025-9-26,셔츠류,https://cloudfront.laundrygo.com/smartfactory/smartfactory_20250927052305_c16493f86262409cb47a9747eacba420.jpeg
J2O0XRJ7,와이셔츠&드라이 47,2025-9-26,셔츠류,https://cloudfront.laundrygo.com/smartfactory/smartfactory_20250927052405_a241b540d84d45b6a9fe9b6a64937790.jpeg
J2O0XRJ7,와이셔츠&드라이 47,2025-9-26,셔츠류,https://cloudfront.laundrygo.com/smartfactory/smartfactory_20250927052405_d0096d07212c420db090f679dca1726c.jpeg
J2O0XRJ7,와이셔츠&드라이 47,2025-9-26,셔츠류,https://cloudfront.laundrygo.com/smartfactory/smartfactory_20250927052505_97df3938c9124d3eb9f02dbdbcf16408.jpeg
J2O0XRJ7,와이셔츠&드라이 47,2025-9-26,셔츠류,https://cloudfront.laundrygo.com/smartfactory/smartfactory_20250927052605_f470173e358342cb800bd50de3400856.jpeg
J2O0XRJ7,와이셔츠&드라이 47,2025-9-26,셔츠류,https://cloudfront.laundrygo.com/smartfactory/smartfactory_20250927052605_b37705dd79144fc5aa54eeb096a6ce70.jpeg
J2O0XRJ7,와이셔츠&드라이 47,2025-9-26,셔츠류,https://cloudfront.laundrygo.com/smartfactory/smartfactory_20250927052605_6836cc08d3864be59af80ff91243ec4b.jpeg
J2O0XRJ7,와이셔츠&드라이 47,2025-10-1,셔츠류,https://cloudfront.laundrygo.com/smartfactory/smartfactory_20251002045504_bb63b3f189b5461ba3f6fdba796b41e7.jpeg
J2O0XRJ7,와이셔츠&드라이 47,2025-10-1,셔츠류,https://cloudfront.laundrygo.com/smartfactory/smartfactory_20251002045504_e78422fc55b34af89b2d0eae56cdfdde.jpeg
J2O0XRJ7,와이셔츠&드라이 47,2025-10-1,셔츠류,https://cloudfront.laundrygo.com/smartfactory/smartfactory_20251002045604_4d20f5e5edf7478795d8578d33ad2e9c.jpeg
J2O0XRJ7,와이셔츠&드라이 47,2025-10-17,셔츠류,https://cloudfront.laundrygo.com/smartfactory/smartfactory_20251018080408_242c9f1260c3481797cabd2260ecf914.jpeg
J2O0XRJ7,와이셔츠&드라이 47,2025-10-17,셔츠류,https://cloudfront.laundrygo.com/smartfactory/smartfactory_20251018080408_04fc377034cf4956a5ae7362edb28694.jpeg
J2O0XRJ7,와이셔츠&드라이 47,2025-10-17,셔츠류,https://cloudfront.laundrygo.com/smartfactory/smartfactory_20251018080508_0a8b4a1f6d69403eb442d7bbe1718133.jpeg
J2O0XRJ7,와이셔츠&드라이 47,2025-10-17,셔츠류,https://cloudfront.laundrygo.com/smartfactory/smartfactory_20251018080508_a6384be6b18347dfaef133dfff6ac262.jpeg
J2O0XRJ7,와이셔츠&드라이 47,2025-10-17,셔츠류,https://cloudfront.laundrygo.com/smartfactory/smartfactory_20251018080608_0d6eaf3a162a461da249306320dd1a58.jpeg
J2O0XRJ7,와이셔츠&드라이 47,2025-10-17,셔츠류,https://cloudfront.laundrygo.com/smartfactory/smartfactory_20251018080608_5889a4e9cd284b73a929ad98f15a8d0e.jpeg
J2O0XRJ7,와이셔츠&드라이 47,2025-10-17,셔츠류,https://cloudfront.laundrygo.com/smartfactory/smartfactory_20251018080508_f8d8c931d3894911ae87aa4cbbffc52f.jpeg
J2O0XRJ7,와이셔츠&드라이 47,2025-10-30,셔츠류,https://cloudfront.laundrygo.com/smartfactory/smartfactory_20251031021302_3df41f87c0df439483c07d336ac43085.jpeg
J2O0XRJ7,와이셔츠&드라이 47,2025-10-30,셔츠류,https://cloudfront.laundrygo.com/smartfactory/smartfactory_20251031021402_6dd45cfd30334e8a87e6f3c6c3ec1cb6.jpeg
J2O0XRJ7,와이셔츠&드라이 47,2025-10-30,셔츠류,https://cloudfront.laundrygo.com/smartfactory/smartfactory_20251031021402_82bc9f0c132e4221bacc30a8e11bd05f.jpeg
J2O0XRJ7,와이셔츠&드라이 47,2025-10-30,셔츠류,https://cloudfront.laundrygo.com/smartfactory/smartfactory_20251031021402_987f6f1ea094405a84efda30baa69839.jpeg
J2O0XRJ7,와이셔츠&드라이 47,2025-10-30,셔츠류,https://cloudfront.laundrygo.com/smartfactory/smartfactory_20251031021502_a5c7e30a280b4a6cb27b5c56efe0d405.jpeg
J2O0XRJ7,와이셔츠&드라이 47,2025-10-30,셔츠류,https://cloudfront.laundrygo.com/smartfactory/smartfactory_20251031021502_7b32622c949541079d13c7df26fb85a9.jpeg
J2O0XRJ7,와이셔츠&드라이 47,2025-10-30,셔츠류,https://cloudfront.laundrygo.com/smartfactory/smartfactory_20251031021502_e4805837020144dfad29cf4d5a93bf27.jpeg
J2O0XRJ7,와이셔츠&드라이 47,2025-11-12,셔츠류,https://cloudfront.laundrygo.com/smartfactory/smartfactory_20251114085208_89e079c78977451397a800ac07bee42e.jpeg
J2O0XRJ7,와이셔츠&드라이 47,2025-11-12,셔츠류,https://cloudfront.laundrygo.com/smartfactory/smartfactory_20251114085208_76184a29e87546829f2c3931f43e65d6.jpeg
J2O0XRJ7,와이셔츠&드라이 47,2025-11-12,셔츠류,https://cloudfront.laundrygo.com/smartfactory/smartfactory_20251114085208_fe77fec4e44d44babd95b391c1800735.jpeg
J2O0XRJ7,와이셔츠&드라이 47,2025-11-12,셔츠류,https://cloudfront.laundrygo.com/smartfactory/smartfactory_20251114085208_f03d33d485ed4594a8cda0d9ea86f2de.jpeg
J2O0XRJ7,와이셔츠&드라이 47,2025-11-12,셔츠류,https://cloudfront.laundrygo.com/smartfactory/smartfactory_20251114085308_84c55dfc57de4799b7d98069ba0893c5.jpeg
J2O0XRJ7,와이셔츠&드라이 47,2025-11-12,셔츠류,https://cloudfront.laundrygo.com/smartfactory/smartfactory_20251114085108_0315e1e2659f45cca98c4ac421a934b8.jpeg
88CQST7G,런드리고X 시그니처,2025-11-2,셔츠류,https://cloudfront.laundrygo.com/smartfactory/smartfactory_20251103051205_63e01956793e4fbbb2d422cdc037638b.jpeg
UTKPZ68X,자유이용서비스,2025-8-29,셔츠류,https://cloudfront.laundrygo.com/smartfactory/smartfactory_20250830142914_202465472c734ed680c2cf6acce2df9f.jpeg
UTKPZ68X,자유이용서비스,2025-8-29,셔츠류,https://cloudfront.laundrygo.com/smartfactory/smartfactory_20250830142914_8b31da1221064f098ddec867134530db.jpeg
UTKPZ68X,자유이용서비스,2025-9-12,셔츠류,https://cloudfront.laundrygo.com/smartfactory/smartfactory_20250913162416_d6d1b67179d64478be88817363f72d3d.jpeg
UTKPZ68X,자유이용서비스,2025-9-12,셔츠류,https://cloudfront.laundrygo.com/smartfactory/smartfactory_20250913162416_8bb4aef37d2f4f2c82d748403dee7e51.jpeg
UTKPZ68X,자유이용서비스,2025-10-13,셔츠류,https://cloudfront.laundrygo.com/smartfactory/smartfactory_20251015154215_c15fdad52f354bbea3f52078f0dea933.jpeg
UTKPZ68X,자유이용서비스,2025-10-13,셔츠류,https://cloudfront.laundrygo.com/smartfactory/smartfactory_20251015154315_4aaf6177cdf34c6c98eeebb1dd537a8f.jpeg
UTKPZ68X,자유이용서비스,2025-10-13,셔츠류,https://cloudfront.laundrygo.com/smartfactory/smartfactory_20251015154315_ddf26cb7b863460e81c977db16910f95.jpeg
UTKPZ68X,자유이용서비스,2025-10-13,셔츠류,https://cloudfront.laundrygo.com/smartfactory/smartfactory_20251015154415_4c5edfc1fa2b41d8bb5a99702a11dc06.jpeg
UTKPZ68X,자유이용서비스,2025-11-10,셔츠류,https://cloudfront.laundrygo.com/smartfactory/smartfactory_20251112133213_f0b6d842814343038417759e1f7f17c0.jpeg
UTKPZ68X,자유이용서비스,2025-11-10,셔츠류,https://cloudfront.laundrygo.com/smartfactory/smartfactory_20251112133313_355729e5af204ecca29e8dcf26cb264f.jpeg
UTKPZ68X,자유이용서비스,2025-11-10,셔츠류,https://cloudfront.laundrygo.com/smartfactory/smartfactory_20251112133413_ec7c5adabdc84b4ea7b3efc7ae0458e1.jpeg
UTKPZ68X,자유이용서비스,2025-11-10,셔츠류,https://cloudfront.laundrygo.com/smartfactory/smartfactory_20251112133513_69cd54b0bb314e39accef8281818981d.jpeg
1HMMGOU7,자유이용서비스,2025-8-31,셔츠류,https://cloudfront.laundrygo.com/smartfactory/smartfactory_20250901041004_8583978dfd5c4e1f98cc30ead0af7d04.jpeg
1HMMGOU7,자유이용서비스,2025-8-31,셔츠류,https://cloudfront.laundrygo.com/smartfactory/smartfactory_20250901041004_af0f697122f34da1922bfd656a540251.jpeg
U2D203ZW,자유이용서비스,2025-9-8,셔츠류,https://cloudfront.laundrygo.com/smartfactory/smartfactory_20250910131613_b847c75639764ad1987ec47b0c97b0b9.jpeg
U2D203ZW,자유이용서비스,2025-9-8,셔츠류,https://cloudfront.laundrygo.com/smartfactory/smartfactory_20250910131813_518949580fc24e6ba4c194f22f928999.jpeg
U2D203ZW,자유이용서비스,2025-9-8,셔츠류,https://cloudfront.laundrygo.com/smartfactory/smartfactory_20250910131913_a2f7f7a81d124f4bbb5e517fe40e5053.jpeg
U2D203ZW,자유이용서비스,2025-9-8,셔츠류,https://cloudfront.laundrygo.com/smartfactory/smartfactory_20250910131913_f2e07b102b1f4cc2ae0589b6e472a995.jpeg
W0KSUM22,런드리고X 베이직,2025-10-15,셔츠류,https://cloudfront.laundrygo.com/smartfactory/smartfactory_20251017022302_e32e13bf651b451fad9f077dfc26e936.jpeg
W0KSUM22,런드리고X 스탠다드,2025-11-17,셔츠류,https://cloudfront.laundrygo.com/smartfactory/smartfactory_20251119015101_dcbcadda0ab742579b1218905a921925.jpeg
O15NZD32,자유이용서비스,2025-10-14,셔츠류,https://cloudfront.laundrygo.com/smartfactory/smartfactory_20251015083208_9b8138b11dd141a793839bb5050dbbce.jpeg
O15NZD32,자유이용서비스,2025-10-14,셔츠류,https://cloudfront.laundrygo.com/smartfactory/smartfactory_20251015083208_389b6810cd284359b56dc6ad8d6fcde3.jpeg
O15NZD32,자유이용서비스,2025-10-14,셔츠류,https://cloudfront.laundrygo.com/smartfactory/smartfactory_20251015083308_90b080c598b84bb4ab3cdce6e206a93c.jpeg
O15NZD32,자유이용서비스,2025-10-14,셔츠류,https://cloudfront.laundrygo.com/smartfactory/smartfactory_20251015083408_4a98d6f6b18d46589cc114be91d038cd.jpeg
O15NZD32,자유이용서비스,2025-10-14,셔츠류,https://cloudfront.laundrygo.com/smartfactory/smartfactory_20251015083508_24f5858178f646dba2b52eaa19bbd639.jpeg
O15NZD32,자유이용서비스,2025-10-14,셔츠류,https://cloudfront.laundrygo.com/smartfactory/smartfactory_20251015083508_7a1e40a590b4458db21c95ae30bc2cd4.jpeg
VEMMTCEV,자유이용서비스,2025-10-24,셔츠류,https://cloudfront.laundrygo.com/smartfactory/smartfactory_20251025025302_eda471b8ecf34bb59e2454737316915a.jpeg
VEMMTCEV,자유이용서비스,2025-10-24,셔츠류,https://cloudfront.laundrygo.com/smartfactory/smartfactory_20251025025302_341875624ce04436841ef37a146064b3.jpeg
VEMMTCEV,자유이용서비스,2025-10-24,셔츠류,https://cloudfront.laundrygo.com/smartfactory/smartfactory_20251025025402_7a3158b16e4f4c63919e0cdc837533ca.jpeg
VEMMTCEV,자유이용서비스,2025-10-24,셔츠류,https://cloudfront.laundrygo.com/smartfactory/smartfactory_20251025025502_c904a62993234173b6899d1b70f73bc9.jpeg
VEMMTCEV,자유이용서비스,2025-10-24,셔츠류,https://cloudfront.laundrygo.com/smartfactory/smartfactory_20251025025502_04779f22ae42464a9daa67248423f04c.jpeg
VEMMTCEV,자유이용서비스,2025-11-1,셔츠류,https://cloudfront.laundrygo.com/smartfactory/smartfactory_20251102050905_1da6bb07c0134a1d9a603874068b33aa.jpeg
VEMMTCEV,자유이용서비스,2025-11-1,셔츠류,https://cloudfront.laundrygo.com/smartfactory/smartfactory_20251102050905_f9c8602f3564489283515736c343c36f.jpeg
VEMMTCEV,자유이용서비스,2025-11-1,셔츠류,https://cloudfront.laundrygo.com/smartfactory/smartfactory_20251102050905_9df2ee51752a441b84881e81808f7154.jpeg
VEMMTCEV,자유이용서비스,2025-11-1,셔츠류,https://cloudfront.laundrygo.com/smartfactory/smartfactory_20251102051005_eeda5f197f7a4d3fba638a31785ba5ff.jpeg
VEMMTCEV,자유이용서비스,2025-11-8,셔츠류,https://cloudfront.laundrygo.com/smartfactory/smartfactory_20251109055105_d2a201deaaef469198614553fc54f98b.jpeg
VEMMTCEV,자유이용서비스,2025-11-8,셔츠류,https://cloudfront.laundrygo.com/smartfactory/smartfactory_20251109055105_c22a83ba604944d08b5da30d1c5ee79a.jpeg
VEMMTCEV,자유이용서비스,2025-11-8,셔츠류,https://cloudfront.laundrygo.com/smartfactory/smartfactory_20251109055105_26368a743d5c4424be55288253cab067.jpeg
VEMMTCEV,자유이용서비스,2025-11-8,셔츠류,https://cloudfront.laundrygo.com/smartfactory/smartfactory_20251109055205_37b08069ed514a218ae6504dede908de.jpeg
VEMMTCEV,자유이용서비스,2025-11-15,셔츠류,https://cloudfront.laundrygo.com/smartfactory/smartfactory_20251116092209_061abbab3b5a4101a99e75ae1c9d00cb.jpeg
VEMMTCEV,자유이용서비스,2025-11-15,셔츠류,https://cloudfront.laundrygo.com/smartfactory/smartfactory_20251116092209_4cf493fe5b2847d9a5dbbf02d95fb2b9.jpeg
VEMMTCEV,자유이용서비스,2025-11-15,셔츠류,https://cloudfront.laundrygo.com/smartfactory/smartfactory_20251116092309_d9dc97d7aa074807b84016f37dafdfda.jpeg
VEMMTCEV,자유이용서비스,2025-11-15,셔츠류,https://cloudfront.laundrygo.com/smartfactory/smartfactory_20251116092309_ba6a1fd8482f4b0dabaea9f652af9a57.jpeg
VEMMTCEV,자유이용서비스,2025-11-15,셔츠류,https://cloudfront.laundrygo.com/smartfactory/smartfactory_20251116092309_587d008688664505806f06fdab37e4b1.jpeg
VEMMTCEV,자유이용서비스,2025-11-21,셔츠류,https://cloudfront.laundrygo.com/smartfactory/smartfactory_20251122084408_a530f2937245415e941201b5115edadc.jpeg
VEMMTCEV,자유이용서비스,2025-11-21,셔츠류,https://cloudfront.laundrygo.com/smartfactory/smartfactory_20251122084308_10b66554334c4ddb8518541b2dc21a4a.jpeg
VEMMTCEV,자유이용서비스,2025-11-21,셔츠류,https://cloudfront.laundrygo.com/smartfactory/smartfactory_20251122084408_022727034b1f40e69e950f533c3df04b.jpeg
VEMMTCEV,자유이용서비스,2025-11-21,셔츠류,https://cloudfront.laundrygo.com/smartfactory/smartfactory_20251122084508_4953ec7b3a8247868f10cc663784e2f4.jpeg
U6SFN68S,자유이용서비스,2025-10-25,셔츠류,https://cloudfront.laundrygo.com/smartfactory/smartfactory_20251026000800_eb337725066f406cb0fc2d775646d50f.jpeg
EZ0TO7K9,자유이용서비스,2025-11-14,셔츠류,https://cloudfront.laundrygo.com/smartfactory/smartfactory_20251115071607_5dae18ede9f7443ab425539e161a6374.jpeg
EZ0TO7K9,자유이용서비스,2025-11-14,셔츠류,https://cloudfront.laundrygo.com/smartfactory/smartfactory_20251115071607_d7449d22539c465593ba2c100500bf93.jpeg
EZ0TO7K9,자유이용서비스,2025-11-14,셔츠류,https://cloudfront.laundrygo.com/smartfactory/smartfactory_20251115071507_63290a8154754772bde4e31615542401.jpeg
FCV6P5JS,자유이용서비스,2025-11-6,셔츠류,https://cloudfront.laundrygo.com/smartfactory/smartfactory_20251107101210_dee3020f6ec145b38481368489810161.jpeg
JPELQL0R,자유이용서비스,2025-11-10,셔츠류,https://cloudfront.laundrygo.com/smartfactory/smartfactory_20251113094209_b248c368b82949cb8008464f54efe3ae.jpeg
JPELQL0R,자유이용서비스,2025-11-10,셔츠류,https://cloudfront.laundrygo.com/smartfactory/smartfactory_20251113094209_b32b4ceed45449b786324e8772c7463b.jpeg
WW88U0QB,자유이용서비스,2025-11-22,셔츠류,https://cloudfront.laundrygo.com/smartfactory/smartfactory_20251123004900_d9cc495116714cc9ac541aab43f50979.jpeg
WW88U0QB,자유이용서비스,2025-11-22,셔츠류,https://cloudfront.laundrygo.com/smartfactory/smartfactory_20251123005000_53058bcd925c4358b432d8bd0648aa2c.jpeg
WW88U0QB,자유이용서비스,2025-11-22,셔츠류,https://cloudfront.laundrygo.com/smartfactory/smartfactory_20251123005000_410e8a93e57b4b36beb84ab7b4b3db8f.jpeg
WW88U0QB,자유이용서비스,2025-11-22,셔츠류,https://cloudfront.laundrygo.com/smartfactory/smartfactory_20251123005100_551f6ba053a94e3782af0fdcd993f86a.jpeg
0OSL6SMQ,자유이용서비스,셔츠류,셔츠류,
0OSL6SMQ,자유이용서비스,셔츠류,셔츠류,
WVC3H541,자유이용서비스,셔츠류,셔츠류,
T2ZWQU74,자유이용서비스,셔츠류,셔츠류,
T2ZWQU74,자유이용서비스,셔츠류,셔츠류,
T2ZWQU74,자유이용서비스,셔츠류,셔츠류,
NFQ90TRS,런드리고X 베이직,셔츠류,셔츠류,
NFQ90TRS,런드리고X 베이직,셔츠류,셔츠류,
NFQ90TRS,런드리고X 베이직,셔츠류,셔츠류,
NFQ90TRS,자유이용서비스,셔츠류,셔츠류,
NFQ90TRS,자유이용서비스,셔츠류,셔츠류,
NFQ90TRS,자유이용서비스,셔츠류,셔츠류,
NFQ90TRS,자유이용서비스,셔츠류,셔츠류,
NFQ90TRS,자유이용서비스,셔츠류,셔츠류,
NFQ90TRS,드라이온리 39,셔츠류,셔츠류,
NFQ90TRS,드라이온리 39,셔츠류,셔츠류,
NFQ90TRS,드라이온리 39,셔츠류,셔츠류,
NFQ90TRS,드라이온리 39,셔츠류,셔츠류,
NFQ90TRS,드라이온리 39,셔츠류,셔츠류,
NFQ90TRS,드라이온리 39,셔츠류,셔츠류,
056LS2NK,드라이온리 39,셔츠류,셔츠류,
056LS2NK,드라이온리 39,셔츠류,셔츠류,
056LS2NK,드라이온리 39,셔츠류,셔츠류,
056LS2NK,드라이온리 39,셔츠류,셔츠류,
056LS2NK,드라이온리 39,셔츠류,셔츠류,
056LS2NK,드라이온리 39,셔츠류,셔츠류,
056LS2NK,드라이온리 39,셔츠류,셔츠류,
056LS2NK,드라이온리 39,셔츠류,셔츠류,
056LS2NK,드라이온리 39,셔츠류,셔츠류,
056LS2NK,드라이온리 39,셔츠류,셔츠류,
QRM5DDNR,자유이용서비스,셔츠류,셔츠류,
QRM5DDNR,자유이용서비스,셔츠류,셔츠류,
QRM5DDNR,자유이용서비스,셔츠류,셔츠류,
QRM5DDNR,자유이용서비스,셔츠류,셔츠류,
QRM5DDNR,자유이용서비스,셔츠류,셔츠류,
QRM5DDNR,자유이용서비스,셔츠류,셔츠류,
QRM5DDNR,자유이용서비스,셔츠류,셔츠류,
QRM5DDNR,자유이용서비스,셔츠류,셔츠류,
QRM5DDNR,자유이용서비스,셔츠류,셔츠류,
QRM5DDNR,자유이용서비스,셔츠류,셔츠류,
L90SPX92,자유이용서비스,셔츠류,셔츠류,
L90SPX92,자유이용서비스,셔츠류,셔츠류,
2UW9IDLF,자유이용서비스,셔츠류,셔츠류,
2UW9IDLF,자유이용서비스,셔츠류,셔츠류,
2UW9IDLF,자유이용서비스,셔츠류,셔츠류,
2UW9IDLF,자유이용서비스,셔츠류,셔츠류,
2UW9IDLF,자유이용서비스,셔츠류,셔츠류,
2UW9IDLF,자유이용서비스,셔츠류,셔츠류,
2UW9IDLF,와이셔츠&드라이 47,셔츠류,셔츠류,
2UW9IDLF,와이셔츠&드라이 47,셔츠류,셔츠류,
2UW9IDLF,와이셔츠&드라이 47,셔츠류,셔츠류,
2UW9IDLF,와이셔츠&드라이 47,셔츠류,셔츠류,
2UW9IDLF,와이셔츠&드라이 47,셔츠류,셔츠류,
2UW9IDLF,와이셔츠&드라이 47,셔츠류,셔츠류,
2UW9IDLF,와이셔츠&드라이 47,셔츠류,셔츠류,
2UW9IDLF,와이셔츠&드라이 47,셔츠류,셔츠류,
2UW9IDLF,와이셔츠&드라이 47,셔츠류,셔츠류,
2UW9IDLF,와이셔츠&드라이 47,셔츠류,셔츠류,
2UW9IDLF,와이셔츠&드라이 47,셔츠류,셔츠류,
2UW9IDLF,와이셔츠&드라이 47,셔츠류,셔츠류,
2UW9IDLF,와이셔츠&드라이 47,셔츠류,셔츠류,
2UW9IDLF,와이셔츠&드라이 47,셔츠류,셔츠류,
2UW9IDLF,와이셔츠&드라이 47,셔츠류,셔츠류,
2UW9IDLF,와이셔츠&드라이 47,셔츠류,셔츠류,
2UW9IDLF,와이셔츠&드라이 47,셔츠류,셔츠류,
2UW9IDLF,와이셔츠&드라이 47,셔츠류,셔츠류,
2UW9IDLF,와이셔츠&드라이 47,셔츠류,셔츠류,
2UW9IDLF,와이셔츠&드라이 47,셔츠류,셔츠류,
2UW9IDLF,와이셔츠&드라이 47,셔츠류,셔츠류,
2UW9IDLF,와이셔츠&드라이 47,셔츠류,셔츠류,
2UW9IDLF,와이셔츠&드라이 47,셔츠류,셔츠류,
2UW9IDLF,와이셔츠&드라이 47,셔츠류,셔츠류,
2UW9IDLF,와이셔츠&드라이 47,셔츠류,셔츠류,
2UW9IDLF,와이셔츠&드라이 47,셔츠류,셔츠류,
2UW9IDLF,와이셔츠&드라이 47,셔츠류,셔츠류,
2UW9IDLF,와이셔츠&드라이 47,셔츠류,셔츠류,
2UW9IDLF,와이셔츠&드라이 47,셔츠류,셔츠류,
2UW9IDLF,와이셔츠&드라이 47,셔츠류,셔츠류,
2UW9IDLF,와이셔츠&드라이 47,셔츠류,셔츠류,
2UW9IDLF,와이셔츠&드라이 47,셔츠류,셔츠류,
2UW9IDLF,와이셔츠&드라이 47,셔츠류,셔츠류,
2UW9IDLF,와이셔츠&드라이 47,셔츠류,셔츠류,
2UW9IDLF,와이셔츠&드라이 47,셔츠류,셔츠류,
2UW9IDLF,와이셔츠&드라이 47,셔츠류,셔츠류,
2UW9IDLF,와이셔츠&드라이 47,셔츠류,셔츠류,
2UW9IDLF,와이셔츠&드라이 47,셔츠류,셔츠류,
2UW9IDLF,와이셔츠&드라이 47,셔츠류,셔츠류,
2UW9IDLF,와이셔츠&드라이 47,셔츠류,셔츠류,
2UW9IDLF,와이셔츠&드라이 47,셔츠류,셔츠류,
2UW9IDLF,와이셔츠&드라이 47,셔츠류,셔츠류,
2UW9IDLF,와이셔츠&드라이 47,셔츠류,셔츠류,
2UW9IDLF,와이셔츠&드라이 47,셔츠류,셔츠류,
2UW9IDLF,와이셔츠&드라이 47,셔츠류,셔츠류,
2UW9IDLF,와이셔츠&드라이 47,셔츠류,셔츠류,
2UW9IDLF,와이셔츠&드라이 47,셔츠류,셔츠류,
2UW9IDLF,와이셔츠&드라이 47,셔츠류,셔츠류,
2UW9IDLF,와이셔츠&드라이 47,셔츠류,셔츠류,
2UW9IDLF,와이셔츠&드라이 47,셔츠류,셔츠류,
2UW9IDLF,와이셔츠&드라이 47,셔츠류,셔츠류,
2UW9IDLF,와이셔츠&드라이 47,셔츠류,셔츠류,
2UW9IDLF,와이셔츠&드라이 47,셔츠류,셔츠류,
2UW9IDLF,와이셔츠&드라이 47,셔츠류,셔츠류,
2UW9IDLF,와이셔츠&드라이 47,셔츠류,셔츠류,
2UW9IDLF,와이셔츠&드라이 47,셔츠류,셔츠류,
2UW9IDLF,와이셔츠&드라이 47,셔츠류,셔츠류,
2UW9IDLF,와이셔츠&드라이 47,셔츠류,셔츠류,
2UW9IDLF,와이셔츠&드라이 47,셔츠류,셔츠류,
2UW9IDLF,와이셔츠&드라이 47,셔츠류,셔츠류,
2UW9IDLF,와이셔츠&드라이 47,셔츠류,셔츠류,
2UW9IDLF,와이셔츠&드라이 47,셔츠류,셔츠류,
2UW9IDLF,와이셔츠&드라이 47,셔츠류,셔츠류,
2UW9IDLF,와이셔츠&드라이 47,셔츠류,셔츠류,
2UW9IDLF,와이셔츠&드라이 47,셔츠류,셔츠류,
2UW9IDLF,와이셔츠&드라이 47,셔츠류,셔츠류,
2UW9IDLF,와이셔츠&드라이 47,셔츠류,셔츠류,
2UW9IDLF,와이셔츠&드라이 47,셔츠류,셔츠류,
2UW9IDLF,와이셔츠&드라이 47,셔츠류,셔츠류,
2UW9IDLF,와이셔츠&드라이 47,셔츠류,셔츠류,
2UW9IDLF,와이셔츠&드라이 47,셔츠류,셔츠류,
2UW9IDLF,와이셔츠&드라이 47,셔츠류,셔츠류,
2UW9IDLF,와이셔츠&드라이 47,셔츠류,셔츠류,
2UW9IDLF,와이셔츠&드라이 47,셔츠류,셔츠류,
2UW9IDLF,와이셔츠&드라이 47,셔츠류,셔츠류,
AC0ZB73H,자유이용서비스,셔츠류,셔츠류,
AC0ZB73H,자유이용서비스,셔츠류,셔츠류,
AC0ZB73H,자유이용서비스,셔츠류,셔츠류,
AC0ZB73H,자유이용서비스,셔츠류,셔츠류,
AC0ZB73H,자유이용서비스,셔츠류,셔츠류,
AC0ZB73H,자유이용서비스,셔츠류,셔츠류,
AC0ZB73H,자유이용서비스,셔츠류,셔츠류,
AC0ZB73H,자유이용서비스,셔츠류,셔츠류,
AC0ZB73H,자유이용서비스,셔츠류,셔츠류,
AC0ZB73H,자유이용서비스,셔츠류,셔츠류,
AC0ZB73H,자유이용서비스,셔츠류,셔츠류,
AC0ZB73H,자유이용서비스,셔츠류,셔츠류,
AC0ZB73H,자유이용서비스,셔츠류,셔츠류,
AC0ZB73H,자유이용서비스,셔츠류,셔츠류,
AC0ZB73H,자유이용서비스,셔츠류,셔츠류,
AC0ZB73H,자유이용서비스,셔츠류,셔츠류,
AC0ZB73H,자유이용서비스,셔츠류,셔츠류,
AC0ZB73H,자유이용서비스,셔츠류,셔츠류,
AC0ZB73H,자유이용서비스,셔츠류,셔츠류,
AC0ZB73H,자유이용서비스,셔츠류,셔츠류,
AC0ZB73H,자유이용서비스,셔츠류,셔츠류,
AC0ZB73H,자유이용서비스,셔츠류,셔츠류,
AC0ZB73H,자유이용서비스,셔츠류,셔츠류,
AC0ZB73H,자유이용서비스,셔츠류,셔츠류,
AC0ZB73H,자유이용서비스,셔츠류,셔츠류,
AC0ZB73H,자유이용서비스,셔츠류,셔츠류,
AC0ZB73H,자유이용서비스,셔츠류,셔츠류,
AC0ZB73H,자유이용서비스,셔츠류,셔츠류,
AC0ZB73H,자유이용서비스,셔츠류,셔츠류,
AC0ZB73H,자유이용서비스,셔츠류,셔츠류,
AC0ZB73H,자유이용서비스,셔츠류,셔츠류,
AC0ZB73H,자유이용서비스,셔츠류,셔츠류,
AC0ZB73H,자유이용서비스,셔츠류,셔츠류,
AC0ZB73H,자유이용서비스,셔츠류,셔츠류,
AC0ZB73H,자유이용서비스,셔츠류,셔츠류,
AC0ZB73H,자유이용서비스,셔츠류,셔츠류,
AC0ZB73H,자유이용서비스,셔츠류,셔츠류,
AC0ZB73H,자유이용서비스,셔츠류,셔츠류,
7KE7RJR8,드라이온리 39,셔츠류,셔츠류,
7KE7RJR8,드라이온리 39,셔츠류,셔츠류,
7EJUZNFO,자유이용서비스,셔츠류,셔츠류,
7EJUZNFO,자유이용서비스,셔츠류,셔츠류,
7EJUZNFO,자유이용서비스,셔츠류,셔츠류,
7EJUZNFO,자유이용서비스,셔츠류,셔츠류,
7EJUZNFO,자유이용서비스,셔츠류,셔츠류,
7EJUZNFO,자유이용서비스,셔츠류,셔츠류,
7EJUZNFO,자유이용서비스,셔츠류,셔츠류,
7EJUZNFO,자유이용서비스,셔츠류,셔츠류,
7EJUZNFO,자유이용서비스,셔츠류,셔츠류,
7EJUZNFO,자유이용서비스,셔츠류,셔츠류,
7EJUZNFO,자유이용서비스,셔츠류,셔츠류,
7EJUZNFO,자유이용서비스,셔츠류,셔츠류,
7EJUZNFO,자유이용서비스,셔츠류,셔츠류,
7EJUZNFO,자유이용서비스,셔츠류,셔츠류,
7EJUZNFO,자유이용서비스,셔츠류,셔츠류,
7EJUZNFO,자유이용서비스,셔츠류,셔츠류,
7EJUZNFO,자유이용서비스,셔츠류,셔츠류,
7EJUZNFO,자유이용서비스,셔츠류,셔츠류,
7EJUZNFO,자유이용서비스,셔츠류,셔츠류,
7EJUZNFO,자유이용서비스,셔츠류,셔츠류,
7EJUZNFO,자유이용서비스,셔츠류,셔츠류,
7EJUZNFO,자유이용서비스,셔츠류,셔츠류,
7EJUZNFO,자유이용서비스,셔츠류,셔츠류,
7EJUZNFO,자유이용서비스,셔츠류,셔츠류,
7EJUZNFO,자유이용서비스,셔츠류,셔츠류,
7EJUZNFO,자유이용서비스,셔츠류,셔츠류,
7EJUZNFO,자유이용서비스,셔츠류,셔츠류,
7EJUZNFO,자유이용서비스,셔츠류,셔츠류,
7EJUZNFO,자유이용서비스,셔츠류,셔츠류,
7EJUZNFO,자유이용서비스,셔츠류,셔츠류,
7EJUZNFO,자유이용서비스,셔츠류,셔츠류,
7EJUZNFO,자유이용서비스,셔츠류,셔츠류,
7EJUZNFO,자유이용서비스,셔츠류,셔츠류,
DWK7U12C,자유이용서비스,셔츠류,셔츠류,
DWK7U12C,자유이용서비스,셔츠류,셔츠류,
DWK7U12C,자유이용서비스,셔츠류,셔츠류,
DWK7U12C,자유이용서비스,셔츠류,셔츠류,
DWK7U12C,자유이용서비스,셔츠류,셔츠류,
DWK7U12C,자유이용서비스,셔츠류,셔츠류,
HMTZR04Q,런드리고X 라이트,셔츠류,셔츠류,
HMTZR04Q,런드리고X 라이트,셔츠류,셔츠류,
HMTZR04Q,런드리고X 라이트,셔츠류,셔츠류,
HMTZR04Q,런드리고X 라이트,셔츠류,셔츠류,
6YRIBI7A,런드리고X 시그니처,셔츠류,셔츠류,
6YRIBI7A,런드리고X 시그니처,셔츠류,셔츠류,
6YRIBI7A,런드리고X 시그니처,셔츠류,셔츠류,
6YRIBI7A,런드리고X 시그니처,셔츠류,셔츠류,
6YRIBI7A,런드리고X 시그니처,셔츠류,셔츠류,
6YRIBI7A,런드리고X 시그니처,셔츠류,셔츠류,
6YRIBI7A,런드리고X 시그니처,셔츠류,셔츠류,
6YRIBI7A,런드리고X 시그니처,셔츠류,셔츠류,
6YRIBI7A,런드리고X 시그니처,셔츠류,셔츠류,
6YRIBI7A,런드리고X 시그니처,셔츠류,셔츠류,
6YRIBI7A,런드리고X 시그니처,셔츠류,셔츠류,
6YRIBI7A,런드리고X 시그니처,셔츠류,셔츠류,
6YRIBI7A,런드리고X 시그니처,셔츠류,셔츠류,
6YRIBI7A,런드리고X 시그니처,셔츠류,셔츠류,
6YRIBI7A,런드리고X 시그니처,셔츠류,셔츠류,
6YRIBI7A,런드리고X 시그니처,셔츠류,셔츠류,
6YRIBI7A,런드리고X 시그니처,셔츠류,셔츠류,
6YRIBI7A,런드리고X 시그니처,셔츠류,셔츠류,
6YRIBI7A,런드리고X 시그니처,셔츠류,셔츠류,
6YRIBI7A,런드리고X 시그니처,셔츠류,셔츠류,
6YRIBI7A,런드리고X 시그니처,셔츠류,셔츠류,
6YRIBI7A,런드리고X 시그니처,셔츠류,셔츠류,
6YRIBI7A,런드리고X 시그니처,셔츠류,셔츠류,
6YRIBI7A,런드리고X 시그니처,셔츠류,셔츠류,
6YRIBI7A,런드리고X 시그니처,셔츠류,셔츠류,
6YRIBI7A,런드리고X 시그니처,셔츠류,셔츠류,
6YRIBI7A,런드리고X 시그니처,셔츠류,셔츠류,
6YRIBI7A,런드리고X 시그니처,셔츠류,셔츠류,
6YRIBI7A,런드리고X 시그니처,셔츠류,셔츠류,
6YRIBI7A,런드리고X 시그니처,셔츠류,셔츠류,
6YRIBI7A,런드리고X 시그니처,셔츠류,셔츠류,
6YRIBI7A,런드리고X 시그니처,셔츠류,셔츠류,
6YRIBI7A,런드리고X 시그니처,셔츠류,셔츠류,
6YRIBI7A,런드리고X 시그니처,셔츠류,셔츠류,
6YRIBI7A,런드리고X 시그니처,셔츠류,셔츠류,
6YRIBI7A,런드리고X 시그니처,셔츠류,셔츠류,
6YRIBI7A,런드리고X 시그니처,셔츠류,셔츠류,
6YRIBI7A,런드리고X 시그니처,셔츠류,셔츠류,
6YRIBI7A,런드리고X 시그니처,셔츠류,셔츠류,
6YRIBI7A,런드리고X 시그니처,셔츠류,셔츠류,
6YRIBI7A,런드리고X 시그니처,셔츠류,셔츠류,
6YRIBI7A,런드리고X 시그니처,셔츠류,셔츠류,
6YRIBI7A,런드리고X 시그니처,셔츠류,셔츠류,
6YRIBI7A,런드리고X 시그니처,셔츠류,셔츠류,
6YRIBI7A,런드리고X 시그니처,셔츠류,셔츠류,
6YRIBI7A,런드리고X 시그니처,셔츠류,셔츠류,
6YRIBI7A,런드리고X 시그니처,셔츠류,셔츠류,
6YRIBI7A,런드리고X 시그니처,셔츠류,셔츠류,
6YRIBI7A,런드리고X 시그니처,셔츠류,셔츠류,
6YRIBI7A,런드리고X 시그니처,셔츠류,셔츠류,
Q67R77GX,자유이용서비스,셔츠류,셔츠류,
Q67R77GX,자유이용서비스,셔츠류,셔츠류,
Q67R77GX,자유이용서비스,셔츠류,셔츠류,
Q67R77GX,자유이용서비스,셔츠류,셔츠류,
Q67R77GX,자유이용서비스,셔츠류,셔츠류,
Q67R77GX,자유이용서비스,셔츠류,셔츠류,
Q67R77GX,자유이용서비스,셔츠류,셔츠류,
Q67R77GX,자유이용서비스,셔츠류,셔츠류,
Q67R77GX,자유이용서비스,셔츠류,셔츠류,
Q67R77GX,자유이용서비스,셔츠류,셔츠류,
Q67R77GX,자유이용서비스,셔츠류,셔츠류,
Q67R77GX,자유이용서비스,셔츠류,셔츠류,
Q67R77GX,자유이용서비스,셔츠류,셔츠류,
Q67R77GX,자유이용서비스,셔츠류,셔츠류,
Q67R77GX,자유이용서비스,셔츠류,셔츠류,
Q67R77GX,자유이용서비스,셔츠류,셔츠류,
Q67R77GX,자유이용서비스,셔츠류,셔츠류,
Q67R77GX,자유이용서비스,셔츠류,셔츠류,
Q67R77GX,자유이용서비스,셔츠류,셔츠류,
Q67R77GX,자유이용서비스,셔츠류,셔츠류,
Q67R77GX,자유이용서비스,셔츠류,셔츠류,
Q67R77GX,자유이용서비스,셔츠류,셔츠류,
Q67R77GX,자유이용서비스,셔츠류,셔츠류,
Q67R77GX,자유이용서비스,셔츠류,셔츠류,
Q67R77GX,자유이용서비스,셔츠류,셔츠류,
Q67R77GX,자유이용서비스,셔츠류,셔츠류,
Q67R77GX,자유이용서비스,셔츠류,셔츠류,
Q67R77GX,자유이용서비스,셔츠류,셔츠류,
Q67R77GX,자유이용서비스,셔츠류,셔츠류,
Q67R77GX,자유이용서비스,셔츠류,셔츠류,
Q67R77GX,자유이용서비스,셔츠류,셔츠류,
Q67R77GX,자유이용서비스,셔츠류,셔츠류,
Q67R77GX,자유이용서비스,셔츠류,셔츠류,
Q67R77GX,자유이용서비스,셔츠류,셔츠류,
Q67R77GX,자유이용서비스,셔츠류,셔츠류,
Q67R77GX,자유이용서비스,셔츠류,셔츠류,
Q67R77GX,자유이용서비스,셔츠류,셔츠류,
Q67R77GX,자유이용서비스,셔츠류,셔츠류,
Q67R77GX,자유이용서비스,셔츠류,셔츠류,
Q67R77GX,자유이용서비스,셔츠류,셔츠류,
Q67R77GX,자유이용서비스,셔츠류,셔츠류,
Q67R77GX,자유이용서비스,셔츠류,셔츠류,
Q67R77GX,자유이용서비스,셔츠류,셔츠류,
Q67R77GX,자유이용서비스,셔츠류,셔츠류,
Q67R77GX,자유이용서비스,셔츠류,셔츠류,
Q67R77GX,자유이용서비스,셔츠류,셔츠류,
Q67R77GX,자유이용서비스,셔츠류,셔츠류,
Q67R77GX,자유이용서비스,셔츠류,셔츠류,
Q67R77GX,자유이용서비스,셔츠류,셔츠류,
Q67R77GX,자유이용서비스,셔츠류,셔츠류,
Q67R77GX,자유이용서비스,셔츠류,셔츠류,
UWVNPQA9,자유이용서비스,셔츠류,셔츠류,
UWVNPQA9,자유이용서비스,셔츠류,셔츠류,
UWVNPQA9,자유이용서비스,셔츠류,셔츠류,
UWVNPQA9,자유이용서비스,셔츠류,셔츠류,
UWVNPQA9,자유이용서비스,셔츠류,셔츠류,
UWVNPQA9,자유이용서비스,셔츠류,셔츠류,
UWVNPQA9,자유이용서비스,셔츠류,셔츠류,
UWVNPQA9,자유이용서비스,셔츠류,셔츠류,
UWVNPQA9,자유이용서비스,셔츠류,셔츠류,
UWVNPQA9,자유이용서비스,셔츠류,셔츠류,
UWVNPQA9,자유이용서비스,셔츠류,셔츠류,
UWVNPQA9,자유이용서비스,셔츠류,셔츠류,
UWVNPQA9,자유이용서비스,셔츠류,셔츠류,
UWVNPQA9,자유이용서비스,셔츠류,셔츠류,
UWVNPQA9,자유이용서비스,셔츠류,셔츠류,
UWVNPQA9,자유이용서비스,셔츠류,셔츠류,
UWVNPQA9,자유이용서비스,셔츠류,셔츠류,
UWVNPQA9,자유이용서비스,셔츠류,셔츠류,
UWVNPQA9,자유이용서비스,셔츠류,셔츠류,
UWVNPQA9,자유이용서비스,셔츠류,셔츠류,
66ZYKUL3,자유이용서비스,셔츠류,셔츠류,
66ZYKUL3,자유이용서비스,셔츠류,셔츠류,
66ZYKUL3,자유이용서비스,셔츠류,셔츠류,
66ZYKUL3,자유이용서비스,셔츠류,셔츠류,
P953UR8O,자유이용서비스,셔츠류,셔츠류,
P953UR8O,자유이용서비스,셔츠류,셔츠류,
P953UR8O,자유이용서비스,셔츠류,셔츠류,
P953UR8O,자유이용서비스,셔츠류,셔츠류,
P953UR8O,자유이용서비스,셔츠류,셔츠류,
P953UR8O,자유이용서비스,셔츠류,셔츠류,
P953UR8O,자유이용서비스,셔츠류,셔츠류,
P953UR8O,자유이용서비스,셔츠류,셔츠류,
P953UR8O,자유이용서비스,셔츠류,셔츠류,
P953UR8O,자유이용서비스,셔츠류,셔츠류,
P953UR8O,자유이용서비스,셔츠류,셔츠류,
P953UR8O,자유이용서비스,셔츠류,셔츠류,
P953UR8O,자유이용서비스,셔츠류,셔츠류,
P953UR8O,자유이용서비스,셔츠류,셔츠류,
P953UR8O,자유이용서비스,셔츠류,셔츠류,
P953UR8O,자유이용서비스,셔츠류,셔츠류,
P953UR8O,자유이용서비스,셔츠류,셔츠류,
P953UR8O,자유이용서비스,셔츠류,셔츠류,
P953UR8O,자유이용서비스,셔츠류,셔츠류,
P953UR8O,자유이용서비스,셔츠류,셔츠류,
P953UR8O,자유이용서비스,셔츠류,셔츠류,
P953UR8O,자유이용서비스,셔츠류,셔츠류,
P953UR8O,자유이용서비스,셔츠류,셔츠류,
P953UR8O,자유이용서비스,셔츠류,셔츠류,
P953UR8O,자유이용서비스,셔츠류,셔츠류,
11RSE6A7,와이셔츠&드라이 62,셔츠류,셔츠류,
11RSE6A7,와이셔츠&드라이 62,셔츠류,셔츠류,
11RSE6A7,와이셔츠&드라이 62,셔츠류,셔츠류,
11RSE6A7,와이셔츠&드라이 62,셔츠류,셔츠류,
11RSE6A7,와이셔츠&드라이 62,셔츠류,셔츠류,
11RSE6A7,와이셔츠&드라이 62,셔츠류,셔츠류,
11RSE6A7,와이셔츠&드라이 62,셔츠류,셔츠류,
11RSE6A7,와이셔츠&드라이 62,셔츠류,셔츠류,
11RSE6A7,와이셔츠&드라이 62,셔츠류,셔츠류,
11RSE6A7,와이셔츠&드라이 62,셔츠류,셔츠류,
11RSE6A7,와이셔츠&드라이 62,셔츠류,셔츠류,
11RSE6A7,와이셔츠&드라이 62,셔츠류,셔츠류,
11RSE6A7,와이셔츠&드라이 62,셔츠류,셔츠류,
11RSE6A7,와이셔츠&드라이 62,셔츠류,셔츠류,
11RSE6A7,와이셔츠&드라이 62,셔츠류,셔츠류,
11RSE6A7,와이셔츠&드라이 62,셔츠류,셔츠류,
11RSE6A7,와이셔츠&드라이 62,셔츠류,셔츠류,
11RSE6A7,와이셔츠&드라이 62,셔츠류,셔츠류,
11RSE6A7,와이셔츠&드라이 62,셔츠류,셔츠류,
11RSE6A7,와이셔츠&드라이 62,셔츠류,셔츠류,
11RSE6A7,와이셔츠&드라이 62,셔츠류,셔츠류,
11RSE6A7,와이셔츠&드라이 62,셔츠류,셔츠류,
11RSE6A7,와이셔츠&드라이 62,셔츠류,셔츠류,
11RSE6A7,와이셔츠&드라이 62,셔츠류,셔츠류,
11RSE6A7,와이셔츠&드라이 62,셔츠류,셔츠류,
11RSE6A7,와이셔츠&드라이 62,셔츠류,셔츠류,
11RSE6A7,와이셔츠&드라이 62,셔츠류,셔츠류,
11RSE6A7,와이셔츠&드라이 62,셔츠류,셔츠류,
11RSE6A7,와이셔츠&드라이 62,셔츠류,셔츠류,
11RSE6A7,와이셔츠&드라이 62,셔츠류,셔츠류,
11RSE6A7,와이셔츠&드라이 62,셔츠류,셔츠류,
11RSE6A7,와이셔츠&드라이 62,셔츠류,셔츠류,
11RSE6A7,와이셔츠&드라이 62,셔츠류,셔츠류,
11RSE6A7,와이셔츠&드라이 62,셔츠류,셔츠류,
11RSE6A7,와이셔츠&드라이 62,셔츠류,셔츠류,
11RSE6A7,와이셔츠&드라이 62,셔츠류,셔츠류,
11RSE6A7,와이셔츠&드라이 62,셔츠류,셔츠류,
11RSE6A7,와이셔츠&드라이 62,셔츠류,셔츠류,
11RSE6A7,와이셔츠&드라이 62,셔츠류,셔츠류,
11RSE6A7,와이셔츠&드라이 62,셔츠류,셔츠류,
11RSE6A7,와이셔츠&드라이 62,셔츠류,셔츠류,
11RSE6A7,와이셔츠&드라이 62,셔츠류,셔츠류,
11RSE6A7,와이셔츠&드라이 62,셔츠류,셔츠류,
11RSE6A7,와이셔츠&드라이 62,셔츠류,셔츠류,
11RSE6A7,와이셔츠&드라이 62,셔츠류,셔츠류,
11RSE6A7,와이셔츠&드라이 62,셔츠류,셔츠류,
11RSE6A7,와이셔츠&드라이 62,셔츠류,셔츠류,
11RSE6A7,와이셔츠&드라이 62,셔츠류,셔츠류,
11RSE6A7,와이셔츠&드라이 62,셔츠류,셔츠류,
11RSE6A7,와이셔츠&드라이 62,셔츠류,셔츠류,
11RSE6A7,와이셔츠&드라이 62,셔츠류,셔츠류,
11RSE6A7,와이셔츠&드라이 62,셔츠류,셔츠류,
11RSE6A7,와이셔츠&드라이 62,셔츠류,셔츠류,
11RSE6A7,와이셔츠&드라이 62,셔츠류,셔츠류,
11RSE6A7,와이셔츠&드라이 62,셔츠류,셔츠류,
11RSE6A7,와이셔츠&드라이 62,셔츠류,셔츠류,
11RSE6A7,와이셔츠&드라이 62,셔츠류,셔츠류,
11RSE6A7,와이셔츠&드라이 62,셔츠류,셔츠류,
11RSE6A7,와이셔츠&드라이 62,셔츠류,셔츠류,
11RSE6A7,와이셔츠&드라이 62,셔츠류,셔츠류,
11RSE6A7,와이셔츠&드라이 62,셔츠류,셔츠류,
11RSE6A7,와이셔츠&드라이 62,셔츠류,셔츠류,
11RSE6A7,와이셔츠&드라이 62,셔츠류,셔츠류,
11RSE6A7,와이셔츠&드라이 62,셔츠류,셔츠류,
11RSE6A7,와이셔츠&드라이 62,셔츠류,셔츠류,
11RSE6A7,와이셔츠&드라이 62,셔츠류,셔츠류,
11RSE6A7,와이셔츠&드라이 62,셔츠류,셔츠류,
11RSE6A7,와이셔츠&드라이 62,셔츠류,셔츠류,
11RSE6A7,와이셔츠&드라이 62,셔츠류,셔츠류,
11RSE6A7,와이셔츠&드라이 62,셔츠류,셔츠류,
11RSE6A7,와이셔츠&드라이 62,셔츠류,셔츠류,
11RSE6A7,와이셔츠&드라이 62,셔츠류,셔츠류,
11RSE6A7,와이셔츠&드라이 62,셔츠류,셔츠류,
11RSE6A7,와이셔츠&드라이 62,셔츠류,셔츠류,
11RSE6A7,와이셔츠&드라이 62,셔츠류,셔츠류,
11RSE6A7,와이셔츠&드라이 62,셔츠류,셔츠류,
11RSE6A7,와이셔츠&드라이 62,셔츠류,셔츠류,
11RSE6A7,와이셔츠&드라이 62,셔츠류,셔츠류,
11RSE6A7,와이셔츠&드라이 62,셔츠류,셔츠류,
11RSE6A7,와이셔츠&드라이 62,셔츠류,셔츠류,
11RSE6A7,와이셔츠&드라이 62,셔츠류,셔츠류,
11RSE6A7,와이셔츠&드라이 62,셔츠류,셔츠류,
11RSE6A7,와이셔츠&드라이 62,셔츠류,셔츠류,
11RSE6A7,와이셔츠&드라이 62,셔츠류,셔츠류,
11RSE6A7,와이셔츠&드라이 62,셔츠류,셔츠류,
11RSE6A7,와이셔츠&드라이 62,셔츠류,셔츠류,
11RSE6A7,와이셔츠&드라이 62,셔츠류,셔츠류,
11RSE6A7,와이셔츠&드라이 62,셔츠류,셔츠류,
11RSE6A7,와이셔츠&드라이 62,셔츠류,셔츠류,
11RSE6A7,와이셔츠&드라이 62,셔츠류,셔츠류,
11RSE6A7,와이셔츠&드라이 62,셔츠류,셔츠류,
11RSE6A7,와이셔츠&드라이 62,셔츠류,셔츠류,
11RSE6A7,와이셔츠&드라이 62,셔츠류,셔츠류,
J2O0XRJ7,와이셔츠&드라이 47,셔츠류,셔츠류,
J2O0XRJ7,와이셔츠&드라이 47,셔츠류,셔츠류,
J2O0XRJ7,와이셔츠&드라이 47,셔츠류,셔츠류,
J2O0XRJ7,와이셔츠&드라이 47,셔츠류,셔츠류,
J2O0XRJ7,와이셔츠&드라이 47,셔츠류,셔츠류,
J2O0XRJ7,와이셔츠&드라이 47,셔츠류,셔츠류,
J2O0XRJ7,와이셔츠&드라이 47,셔츠류,셔츠류,
J2O0XRJ7,와이셔츠&드라이 47,셔츠류,셔츠류,
J2O0XRJ7,와이셔츠&드라이 47,셔츠류,셔츠류,
J2O0XRJ7,와이셔츠&드라이 47,셔츠류,셔츠류,
J2O0XRJ7,와이셔츠&드라이 47,셔츠류,셔츠류,
J2O0XRJ7,와이셔츠&드라이 47,셔츠류,셔츠류,
J2O0XRJ7,와이셔츠&드라이 47,셔츠류,셔츠류,
J2O0XRJ7,와이셔츠&드라이 47,셔츠류,셔츠류,
J2O0XRJ7,와이셔츠&드라이 47,셔츠류,셔츠류,
J2O0XRJ7,와이셔츠&드라이 47,셔츠류,셔츠류,
J2O0XRJ7,와이셔츠&드라이 47,셔츠류,셔츠류,
J2O0XRJ7,와이셔츠&드라이 47,셔츠류,셔츠류,
J2O0XRJ7,와이셔츠&드라이 47,셔츠류,셔츠류,
J2O0XRJ7,와이셔츠&드라이 47,셔츠류,셔츠류,
J2O0XRJ7,와이셔츠&드라이 47,셔츠류,셔츠류,
J2O0XRJ7,와이셔츠&드라이 47,셔츠류,셔츠류,
J2O0XRJ7,와이셔츠&드라이 47,셔츠류,셔츠류,
J2O0XRJ7,와이셔츠&드라이 47,셔츠류,셔츠류,
J2O0XRJ7,와이셔츠&드라이 47,셔츠류,셔츠류,
J2O0XRJ7,와이셔츠&드라이 47,셔츠류,셔츠류,
J2O0XRJ7,와이셔츠&드라이 47,셔츠류,셔츠류,
J2O0XRJ7,와이셔츠&드라이 47,셔츠류,셔츠류,
J2O0XRJ7,와이셔츠&드라이 47,셔츠류,셔츠류,
J2O0XRJ7,와이셔츠&드라이 47,셔츠류,셔츠류,
J2O0XRJ7,와이셔츠&드라이 47,셔츠류,셔츠류,
J2O0XRJ7,와이셔츠&드라이 47,셔츠류,셔츠류,
J2O0XRJ7,와이셔츠&드라이 47,셔츠류,셔츠류,
J2O0XRJ7,와이셔츠&드라이 47,셔츠류,셔츠류,
J2O0XRJ7,와이셔츠&드라이 47,셔츠류,셔츠류,
J2O0XRJ7,와이셔츠&드라이 47,셔츠류,셔츠류,
J2O0XRJ7,와이셔츠&드라이 47,셔츠류,셔츠류,
J2O0XRJ7,와이셔츠&드라이 47,셔츠류,셔츠류,
J2O0XRJ7,와이셔츠&드라이 47,셔츠류,셔츠류,
J2O0XRJ7,와이셔츠&드라이 47,셔츠류,셔츠류,
J2O0XRJ7,와이셔츠&드라이 47,셔츠류,셔츠류,
J2O0XRJ7,와이셔츠&드라이 47,셔츠류,셔츠류,
J2O0XRJ7,와이셔츠&드라이 47,셔츠류,셔츠류,
J2O0XRJ7,와이셔츠&드라이 47,셔츠류,셔츠류,
UTKPZ68X,자유이용서비스,셔츠류,셔츠류,
UTKPZ68X,자유이용서비스,셔츠류,셔츠류,
UTKPZ68X,자유이용서비스,셔츠류,셔츠류,
UTKPZ68X,자유이용서비스,셔츠류,셔츠류,
UTKPZ68X,자유이용서비스,셔츠류,셔츠류,
UTKPZ68X,자유이용서비스,셔츠류,셔츠류,
UTKPZ68X,자유이용서비스,셔츠류,셔츠류,
UTKPZ68X,자유이용서비스,셔츠류,셔츠류,
UTKPZ68X,자유이용서비스,셔츠류,셔츠류,
UTKPZ68X,자유이용서비스,셔츠류,셔츠류,
UTKPZ68X,자유이용서비스,셔츠류,셔츠류,
UTKPZ68X,자유이용서비스,셔츠류,셔츠류,
UTKPZ68X,자유이용서비스,셔츠류,셔츠류,
UTKPZ68X,자유이용서비스,셔츠류,셔츠류,
1HMMGOU7,자유이용서비스,셔츠류,셔츠류,
1HMMGOU7,자유이용서비스,셔츠류,셔츠류,
1HMMGOU7,자유이용서비스,셔츠류,셔츠류,
U2D203ZW,자유이용서비스,셔츠류,셔츠류,
U2D203ZW,자유이용서비스,셔츠류,셔츠류,
U2D203ZW,자유이용서비스,셔츠류,셔츠류,
U2D203ZW,자유이용서비스,셔츠류,셔츠류,
W0KSUM22,런드리고X 베이직,셔츠류,셔츠류,
O15NZD32,자유이용서비스,셔츠류,셔츠류,
O15NZD32,자유이용서비스,셔츠류,셔츠류,
O15NZD32,자유이용서비스,셔츠류,셔츠류,
O15NZD32,자유이용서비스,셔츠류,셔츠류,
O15NZD32,자유이용서비스,셔츠류,셔츠류,
O15NZD32,자유이용서비스,셔츠류,셔츠류,
VEMMTCEV,자유이용서비스,셔츠류,셔츠류,
VEMMTCEV,자유이용서비스,셔츠류,셔츠류,
VEMMTCEV,자유이용서비스,셔츠류,셔츠류,
VEMMTCEV,자유이용서비스,셔츠류,셔츠류,
VEMMTCEV,자유이용서비스,셔츠류,셔츠류,
VEMMTCEV,자유이용서비스,셔츠류,셔츠류,
VEMMTCEV,자유이용서비스,셔츠류,셔츠류,
VEMMTCEV,자유이용서비스,셔츠류,셔츠류,
VEMMTCEV,자유이용서비스,셔츠류,셔츠류,
U6SFN68S,자유이용서비스,셔츠류,셔츠류,